"p_val","avg_log2FC","pct.1","pct.2","p_val_adj","cluster","gene"
1.67431205393438e-177,2.72150903765532,0.182,0.073,3.50450256009005e-173,"1","Tsix"
0,1.89994360984524,0.425,0.205,0,"1","Xist"
4.08698700971458e-42,1.84614844866328,0.125,0.084,8.55447251003359e-38,"1","AC160336.1"
1.33654070348334e-282,1.73454850676175,0.429,0.322,2.79751334646098e-278,"1","Gm19667"
8.45614665261246e-58,1.7274002905318,0.236,0.196,1.76995605585831e-53,"1","Dlg2"
1.16022578141195e-15,1.62176341241794,0.138,0.117,2.42846858307336e-11,"1","AC149090.1"
1.14094421945252e-18,1.6047788855035,0.121,0.097,2.38811034573607e-14,"1","Gm14508"
0,1.59055153348053,1,0.847,0,"1","Malat1"
4.60841288003577e-16,1.56308726954909,0.165,0.151,9.64586899920287e-12,"1","Paxbp1"
5.36806308097923e-11,1.42909677147465,0.15,0.138,1.12358928347976e-06,"1","Gm9856"
3.63674731436985e-07,1.38371969938741,0.193,0.2,0.00761207580370754,"1","Ncapd3"
2.48519574510225e-14,1.32437312051615,0.233,0.239,5.20176321407351e-10,"1","Rnpc3"
1.70581333753815e-197,1.29158063240388,0.471,0.435,3.57043789680111e-193,"1","Zcchc7"
9.80980591007618e-07,1.28461123970713,0.133,0.126,0.0205329047503804,"1","Gm45159"
0,1.28154310007072,0.917,0.678,0,"1","Mir124a-1hg"
0,1.22362048648337,0.792,0.745,0,"1","Dmd"
7.00225101259177e-07,1.19157560444053,0.097,0.124,0.0146564115944558,"1","Cdan1"
3.29123580709704e-103,1.17020244344035,0.422,0.415,6.88888566783481e-99,"1","Cspp1"
8.02523861495836e-11,1.15683959720329,0.314,0.332,1.67976269449693e-06,"1","Gm47283"
4.28804872227823e-92,1.15641124503073,0.399,0.383,8.97531478060057e-88,"1","Ttc14"
2.82523957632134e-47,1.13154070625706,0.336,0.335,5.91350895719819e-43,"1","4632427E13Rik"
4.74600147320078e-31,1.12249674387242,0.288,0.27,9.93385568355656e-27,"1","Kcnq1ot1"
1.94542408136864e-46,1.11904417235108,0.373,0.399,4.07196714471271e-42,"1","Ddhd1"
5.2038738356476e-07,1.11791434911086,0.111,0.142,0.010892228325394,"1","Chuk"
9.91902887828508e-14,1.11646291941496,0.284,0.309,2.07615193451385e-09,"1","Zfp329"
1.61008271526258e-06,1.10914252032682,0.126,0.161,0.0337006413131611,"1","Pibf1"
5.93173280799628e-13,1.08436355991737,0.073,0.101,1.2415709940417e-08,"1","Ccser1"
9.5789055376104e-07,1.0834024000591,0.117,0.15,0.0200496071807723,"1","Dleu2"
3.585353393753e-12,1.07203706527758,0.078,0.108,7.5045031884644e-08,"1","Rb1"
8.50456000263476e-165,1.06843940879069,0.511,0.498,1.78008945415148e-160,"1","Tmem108"
3.65993141945952e-13,1.06789461550794,0.089,0.123,7.66060245407073e-09,"1","Bbof1"
2.41329389220087e-271,1.04539325141973,0.595,0.565,5.05126544576564e-267,"1","Snrnp70"
3.42953522929932e-12,1.04265495238543,0.154,0.21,7.17836018844642e-08,"1","Brd9"
3.78965032858992e-12,1.02162436028763,0.27,0.288,7.93211710277156e-08,"1","Crebzf"
5.64396213838106e-11,1.01776886268982,0.075,0.1,1.18133771518454e-06,"1","Odf2"
8.96934020874271e-17,1.01759510483442,0.361,0.42,1.87737259909194e-12,"1","A430035B10Rik"
6.74194763586237e-17,1.01599038788202,0.075,0.108,1.41115705966235e-12,"1","Dnah7b"
5.48149954190526e-10,1.01537120286382,0.134,0.177,1.14733266911619e-05,"1","Thoc1"
8.62905748585317e-14,1.00737812390538,0.13,0.179,1.80614802236393e-09,"1","Ascc3"
2.67205502465687e-16,0.993950702044503,0.082,0.113,5.59287837210929e-12,"1","Abcc5"
0,0.986903383922413,0.947,0.833,0,"1","Rpgrip1"
4.88452312932537e-17,0.984227259655116,0.094,0.133,1.02237953619909e-12,"1","Cd2ap"
4.11062954419836e-18,0.982053678997917,0.087,0.125,8.60395869896158e-14,"1","Fam193b"
5.56208450853732e-17,0.980384793400453,0.096,0.136,1.16419990848195e-12,"1","Ppwd1"
1.26966539547107e-37,0.977905937145878,0.385,0.42,2.65753663926051e-33,"1","Clk1"
1.65823785358208e-23,0.976565172152848,0.086,0.118,3.47085765133264e-19,"1","Rnf121"
1.59394389732002e-15,0.97562931961582,0.094,0.132,3.33628397148053e-11,"1","Dnajc1"
2.99758376545106e-15,0.97373565868022,0.087,0.122,6.27424257946562e-11,"1","Snapc3"
4.29087870724603e-15,0.971175408197583,0.13,0.178,8.98123822213667e-11,"1","Map3k12"
3.73684897981201e-16,0.968886679793555,0.082,0.117,7.82159859964453e-12,"1","Rrnad1"
2.01087894424692e-08,0.968105544969374,0.146,0.191,0.000420897071820322,"1","Gm20139"
1.17001635258382e-41,0.964218128303791,0.432,0.494,2.44896122759319e-37,"1","Prpf4b"
2.74274603061525e-10,0.963129673310185,0.207,0.28,5.74084171668077e-06,"1","Prkca"
0,0.955513934782832,0.738,0.722,0,"1","Rsrp1"
1.00292903834179e-13,0.953555935529803,0.1,0.137,2.0992307701532e-09,"1","Zup1"
5.43504615638101e-10,0.950969699728765,0.157,0.209,1.13760951099211e-05,"1","Mdm4"
5.67752911879017e-18,0.949010708623653,0.136,0.193,1.18836361985397e-13,"1","Serinc4"
1.11804297515184e-11,0.938455958222666,0.15,0.202,2.34017575129031e-07,"1","5930430L01Rik"
7.71050122163237e-15,0.937331116280433,0.138,0.191,1.61388501069987e-10,"1","Gtpbp2"
1.36233934963187e-12,0.928000347511397,0.121,0.164,2.85151249271446e-08,"1","Dmac2"
5.91350024575684e-35,0.924898714551007,0.082,0.131,1.23775473643937e-30,"1","Per3"
1.26768199964641e-17,0.924206444545563,0.086,0.124,2.6533851934599e-13,"1","Xkr6"
3.58156489954306e-23,0.921912534293761,0.072,0.11,7.49657349123358e-19,"1","5430405H02Rik"
3.17970945009285e-07,0.920725905526525,0.197,0.261,0.00665544984998935,"1","Zfp266"
1.00608479597657e-27,0.920351027274997,0.074,0.117,2.10583608645855e-23,"1","Cplane1"
8.50143184438815e-18,0.920216195596874,0.07,0.102,1.77943469934888e-13,"1","Foxj3"
9.13299410916057e-08,0.920125214530543,0.213,0.287,0.0019116269969884,"1","Pbx3"
8.37547063425596e-17,0.918489323482059,0.133,0.186,1.75306975845612e-12,"1","Stk38"
5.71626990485129e-16,0.918166852291006,0.186,0.263,1.19647245378442e-11,"1","Tle4"
1.14204053567786e-17,0.916596594444799,0.107,0.15,2.39040504522732e-13,"1","Taz"
2.00246545680837e-20,0.915882488157326,0.117,0.169,4.19136044764561e-16,"1","Chfr"
1.12382745553275e-33,0.915745304615595,0.433,0.512,2.35228324717561e-29,"1","Madd"
7.74774353664488e-21,0.914641662000601,0.089,0.131,1.62168019965514e-16,"1","Rnf111"
2.44652387853991e-18,0.914244371666948,0.077,0.112,5.12081913017189e-14,"1","Sfxn2"
2.43230929111584e-09,0.913321542960286,0.169,0.224,5.09106657723457e-05,"1","4833420G17Rik"
6.78374003035809e-14,0.90116328271502,0.129,0.176,1.41990462575425e-09,"1","Armc9"
9.10450943660321e-23,0.900336868328767,0.069,0.105,1.90566487017542e-18,"1","Tex10"
1.77633585668974e-17,0.896315941052889,0.144,0.203,3.71804858163729e-13,"1","Cabin1"
1.17956778911916e-18,0.895284885675197,0.129,0.181,2.46895333940531e-14,"1","Zc3h7a"
4.05759629348841e-20,0.893787344950908,0.1,0.145,8.49295480190059e-16,"1","Lman2l"
2.10112849014676e-14,0.893763998469718,0.099,0.136,4.39787204272619e-10,"1","0610030E20Rik"
1.33532702274725e-29,0.892632405736923,0.104,0.158,2.79497299131227e-25,"1","Pds5a"
3.73488007494864e-14,0.889551981134683,0.151,0.208,7.817477484875e-10,"1","Fnbp4"
3.1957687059844e-19,0.889267418261343,0.091,0.131,6.68906347849594e-15,"1","Vps50"
6.95791738533884e-23,0.88923989371216,0.072,0.109,1.45636168792527e-18,"1","Rasgef1b"
3.6508086558326e-08,0.888783380269854,0.121,0.157,0.000764150759752322,"1","Slc25a27"
9.96653506820876e-16,0.888519410573939,0.088,0.122,2.08609545512678e-11,"1","Tacc1"
1.19008827469756e-11,0.887233317626474,0.163,0.221,2.49097376776946e-07,"1","Stam2"
1.41843167375365e-40,0.882198529235082,0.454,0.53,2.96891933633376e-36,"1","Dnm3"
1.26366953578908e-17,0.880883663611191,0.076,0.109,2.64498670536013e-13,"1","Atr"
3.16791770862688e-22,0.879758584935218,0.093,0.137,6.63076855592692e-18,"1","Hps4"
1.59382239049509e-35,0.879560832890439,0.073,0.121,3.33602964554527e-31,"1","Zfp407"
4.8003524653496e-279,0.87905015462929,0.663,0.692,1.00476177452232e-274,"1","Camk2d"
7.04349741446797e-23,0.876883361563566,0.12,0.173,1.47427444382229e-18,"1","Amn1"
1.39697287670268e-27,0.876522599681316,0.075,0.116,2.92400392822639e-23,"1","Proser1"
2.88056671177969e-19,0.873204784722738,0.124,0.175,6.02931418442607e-15,"1","Zrsr1"
2.31806070307961e-20,0.872684738616435,0.133,0.191,4.85193285761593e-16,"1","Supt20"
9.49156320864677e-20,0.871423397590273,0.128,0.181,1.98667909520186e-15,"1","Rbm33"
5.07699838123248e-20,0.868589475142688,0.172,0.247,1.06266653117577e-15,"1","Ppip5k1"
2.21253403009615e-22,0.868513580664854,0.398,0.467,4.63105497839426e-18,"1","Fam53b"
3.51001159575717e-30,0.867943040970364,0.089,0.139,7.34680527107933e-26,"1","Pik3c2a"
1.25872402054507e-16,0.866650729393126,0.152,0.212,2.63463524740288e-12,"1","Mpp7"
7.79708019587819e-18,0.866379462318851,0.088,0.126,1.63200685579926e-13,"1","Dennd1a"
1.56782925735605e-20,0.865682321904042,0.102,0.147,3.28162341857195e-16,"1","Tmem260"
1.7062495034246e-13,0.863025108225628,0.174,0.239,3.57135083561803e-09,"1","Raph1"
9.84039056982179e-22,0.861989474014359,0.067,0.101,2.0596921501694e-17,"1","Ralgps1"
4.89259227918569e-19,0.860498407877813,0.078,0.114,1.02406848995636e-14,"1","Lekr1"
1.24652731814369e-23,0.859271634937254,0.123,0.18,2.60910632960656e-19,"1","Nr2c2"
2.15429444470413e-107,0.859113273143744,0.516,0.538,4.50915370221021e-103,"1","Nktr"
6.98726779068467e-08,0.858007892081969,0.206,0.274,0.00146250502126821,"1","Tmcc1"
3.11980060350712e-12,0.855779959034247,0.1,0.135,6.53005464320075e-08,"1","Sft2d3"
1.41538771869707e-18,0.854255932390734,0.129,0.182,2.96254803400484e-14,"1","Rabgap1l"
1.15871710537063e-44,0.852315892596549,0.438,0.488,2.42531077325126e-40,"1","Tra2a"
2.02285543916748e-26,0.851661417316097,0.163,0.238,4.23403871972145e-22,"1","Tmem243"
6.57352467648229e-09,0.851162675496892,0.206,0.277,0.000137590445003451,"1","Pkn2"
7.3375175027944e-09,0.851126070989388,0.234,0.321,0.00015358157885099,"1","Stag1"
3.79720383217586e-24,0.850363561146809,0.164,0.24,7.9479273411273e-20,"1","Cnot3"
6.04214581950179e-25,0.850196993645261,0.104,0.154,1.26468154147992e-20,"1","Fam76b"
2.04460641762396e-24,0.849220222027316,0.076,0.115,4.27956569272871e-20,"1","Gin1"
8.86427360271619e-18,0.847398883861612,0.172,0.241,1.85538110778453e-13,"1","Cfl2"
2.76722159762975e-25,0.847098134909987,0.107,0.159,5.79207152599883e-21,"1","D3Ertd751e"
3.18535298128386e-13,0.846733109729925,0.182,0.251,6.66726232512524e-09,"1","Ahr"
2.22385104449833e-08,0.846632695453047,0.21,0.282,0.000465474262123946,"1","Phf20l1"
8.15590125188576e-25,0.846348481577674,0.418,0.481,1.70711169103221e-20,"1","Pnn"
1.59943688335439e-15,0.845799504863623,0.13,0.18,3.34778134054908e-11,"1","Uhrf2"
0,0.843923573519109,0.801,0.82,0,"1","Son"
6.52911129716563e-23,0.843510971789183,0.068,0.103,1.36660828560974e-18,"1","Ppp1r12b"
4.20109340457225e-09,0.842470365508789,0.229,0.314,8.79330860511017e-05,"1","Chd6"
2.55948826410568e-28,0.842083810822312,0.447,0.539,5.35726488559961e-24,"1","Pdzph1"
4.05544323747052e-19,0.841501603225437,0.163,0.231,8.48844824034956e-15,"1","Zfc3h1"
2.02830539138046e-194,0.840133210208761,0.623,0.677,4.24544601469844e-190,"1","Rims2"
6.65120394570995e-27,0.839728323306369,0.072,0.112,1.39216349787655e-22,"1","Cenpc1"
1.12840427038536e-19,0.839063948330908,0.133,0.189,2.3618629783436e-15,"1","Birc2"
1.08599057548095e-14,0.83602976011545,0.097,0.134,2.27308687353918e-10,"1","Iqgap1"
2.63055667773946e-37,0.831197319908557,0.464,0.557,5.50601818217646e-33,"1","Ahi1"
3.35477932064551e-21,0.830834736638507,0.081,0.119,7.02188859604311e-17,"1","Sirt4"
1.24069497753628e-24,0.828672914360708,0.436,0.526,2.59689865748119e-20,"1","Ddx17"
3.39744156973127e-25,0.828506742633898,0.106,0.157,7.11118494960452e-21,"1","2610020C07Rik"
5.22703417213042e-22,0.828335347955549,0.069,0.103,1.09407052256862e-17,"1","Gfm2"
3.07377262241974e-32,0.827870706823603,0.069,0.111,6.43371347598677e-28,"1","Rps6kb2"
9.34381782917499e-30,0.827419129384868,0.095,0.147,1.95575450982462e-25,"1","Ganc"
9.63711325840645e-29,0.826002518883177,0.088,0.136,2.01714417611705e-24,"1","Uvrag"
1.00412640029986e-29,0.82519478603784,0.066,0.106,2.10173696846763e-25,"1","Ccp110"
4.22590074210154e-56,0.824061902742642,0.545,0.643,8.84523284329274e-52,"1","Samd11"
3.84879683208326e-33,0.822342587963875,0.077,0.124,8.05591664923346e-29,"1","Ivd"
1.35018825756444e-23,0.821266138408247,0.092,0.136,2.82607904190812e-19,"1","Chka"
1.15864201350598e-19,0.820961912237753,0.128,0.182,2.42515359846937e-15,"1","Alkbh1"
9.2070885648964e-40,0.820856400810005,0.099,0.16,1.92713570751847e-35,"1","Ttc39c"
1.62340550330389e-22,0.817419953208968,0.096,0.141,3.39795005896538e-18,"1","Abhd18"
1.64945111284611e-37,0.817258969979813,0.094,0.151,3.45246612429819e-33,"1","Adcy6"
6.29384650773699e-24,0.816353807164908,0.143,0.208,1.31736501253443e-19,"1","Ccdc24"
3.25463959794681e-32,0.815713726712791,0.084,0.133,6.81228614246247e-28,"1","Sh3gl1"
5.31723245814383e-87,0.814544762450492,0.531,0.611,1.11294992581408e-82,"1","Glmn"
3.94107287249224e-19,0.812506129452439,0.225,0.327,8.2490596294135e-15,"1","Bbs9"
2.81564380175244e-23,0.811807090187757,0.083,0.124,5.89342404144802e-19,"1","Scai"
4.94234271739469e-20,0.810938344664094,0.091,0.132,1.03448175417788e-15,"1","Cald1"
1.23947203926655e-35,0.809709965360572,0.073,0.121,2.59433892538881e-31,"1","Polr3a"
3.53178203006407e-14,0.809260182091306,0.187,0.259,7.39237296712711e-10,"1","Tcf12"
4.79352510205258e-17,0.80842518001486,0.168,0.234,1.00333273911063e-12,"1","Slf2"
2.38387684079391e-36,0.805889820577091,0.067,0.111,4.98969261546574e-32,"1","Stxbp5l"
2.04735265928151e-50,0.805173635104961,0.109,0.183,4.28531385114213e-46,"1","Diaph3"
4.85771153917043e-31,0.805172718287733,0.066,0.107,1.01676760226376e-26,"1","Gm42716"
1.00738057029183e-36,0.804233639724367,0.094,0.151,2.10854827167782e-32,"1","Dcaf17"
7.84553067210476e-30,0.803945164821052,0.079,0.125,1.64214802497825e-25,"1","Ift88"
3.75904331959309e-32,0.80298619319317,0.075,0.121,7.8680535722403e-28,"1","Adamts3"
5.96496570566358e-30,0.80241037491706,0.105,0.161,1.24852697185244e-25,"1","Oxa1l"
9.34542559803031e-12,0.802293560626826,0.206,0.283,1.95609103192372e-07,"1","Cdk12"
6.78145351888767e-07,0.801058327193542,0.228,0.303,0.0141942603603838,"1","Pclo"
8.30450505312941e-24,0.800559250733812,0.066,0.102,1.73821595267052e-19,"1","Foxp1"
2.19355027387049e-28,0.800177297992737,0.123,0.181,4.59132007823833e-24,"1","Qk"
3.45639707758513e-26,0.798951719373741,0.077,0.117,7.23458472309344e-22,"1","Khdc4"
2.93927624449051e-34,0.798873424878623,0.087,0.103,6.15219910734308e-30,"1","Tmsb10"
7.46833060233089e-26,0.797352004588984,0.172,0.254,1.56319627837388e-21,"1","Xrn1"
1.42396107850025e-29,0.796494350826073,0.128,0.193,2.98049293340887e-25,"1","Rabgap1"
3.97719106267923e-28,0.795625489348941,0.146,0.218,8.32465861329391e-24,"1","Mark3"
3.2506499340491e-12,0.795587800487557,0.146,0.196,6.80393537695817e-08,"1","Kdm1a"
7.05129743034657e-36,0.793555339755232,0.108,0.171,1.47590706514584e-31,"1","Stx16"
8.63243154016027e-25,0.793229037081805,0.146,0.213,1.80685424567095e-20,"1","Cstf3"
2.13791533264843e-25,0.793045187180357,0.154,0.225,4.47487058276644e-21,"1","Taf1d"
2.26096505092645e-188,0.792973848531703,0.647,0.709,4.73242594809415e-184,"1","Ktn1"
1.05353652708068e-24,0.792693824193287,0.104,0.154,2.20515730483256e-20,"1","Zer1"
1.04440743350722e-16,0.790748856834876,0.202,0.286,2.18604919907397e-12,"1","Akap8l"
4.61389341066647e-20,0.789617464713991,0.162,0.23,9.65734029786599e-16,"1","Epm2aip1"
8.48556192980938e-28,0.789160017603528,0.079,0.121,1.7761129675284e-23,"1","Rprd1a"
7.89498191901663e-166,0.788817901779829,0.634,0.725,1.65249866546937e-161,"1","Pex5l"
1.0863384750884e-27,0.787837271475418,0.111,0.166,2.27381506220753e-23,"1","Pan3"
4.90721706825278e-28,0.787473578998983,0.224,0.332,1.02712960455599e-23,"1","Slc12a5"
9.37467179498843e-41,0.786946969138637,0.074,0.126,1.96221255340903e-36,"1","Parg"
1.91306219830114e-28,0.786854860653237,0.129,0.194,4.00423048726412e-24,"1","Btrc"
2.48918443130141e-47,0.783423419241754,0.093,0.157,5.21011193315698e-43,"1","Igsf11"
2.86053706258543e-24,0.781607358294749,0.119,0.174,5.98739012569757e-20,"1","Casc3"
6.95104271442619e-34,0.781016656228881,0.117,0.178,1.45492275055655e-29,"1","Terf1"
6.45567582553509e-24,0.777078603127924,0.18,0.263,1.35123750704275e-19,"1","Cc2d2a"
3.27931803534816e-35,0.776326438172472,0.059,0.1,6.86394057978723e-31,"1","Pick1"
1.49855421016743e-19,0.771243293832977,0.182,0.261,3.13662381730145e-15,"1","Kansl1"
5.87481449123801e-26,0.769413558583136,0.157,0.231,1.22965742116103e-21,"1","Dmtf1"
2.96907967889572e-46,0.768663045832964,0.472,0.542,6.21458067589663e-42,"1","Fyco1"
2.63415999782849e-41,0.768614175500769,0.138,0.219,5.51356029145481e-37,"1","Pak7"
6.33257394556246e-27,0.768299720173011,0.149,0.219,1.32547105254568e-22,"1","Eif2s3y"
2.74426466982035e-16,0.768227865431805,0.185,0.258,5.74402038040097e-12,"1","Zfp280d"
2.07101553039368e-24,0.767682911413743,0.123,0.179,4.33484260666701e-20,"1","Plekha1"
5.44533733106197e-19,0.767346681040452,0.198,0.284,1.13976355676458e-14,"1","Wdr33"
3.02080493710877e-44,0.767100020782335,0.057,0.101,6.32284681386237e-40,"1","Anks3"
1.36146598633521e-49,0.766537071119406,0.499,0.582,2.84968445599823e-45,"1","Upf3b"
9.86476321162242e-39,0.766280205984424,0.08,0.132,2.06479358782469e-34,"1","Fer"
1.86873368192656e-34,0.766160827455017,0.082,0.132,3.91144646964049e-30,"1","Gpatch2"
3.23279326661283e-159,0.766029224241372,0.627,0.696,6.76655958634732e-155,"1","Ank2"
2.89875210074581e-11,0.765195293348748,0.216,0.288,6.06737802207107e-07,"1","Trim44"
6.95590359179484e-27,0.764204364756822,0.167,0.247,1.45594018079858e-22,"1","Spata1"
9.29157425073722e-27,0.764094381134516,0.153,0.226,1.94481940642181e-22,"1","Lnpk"
1.07821551259584e-24,0.761443869911902,0.065,0.101,2.25681288941435e-20,"1","Trmt13"
7.2581610049578e-28,0.761092759079867,0.073,0.114,1.51920567994772e-23,"1","Cep44"
9.88280421395255e-35,0.759832405515243,0.068,0.111,2.06856975002241e-30,"1","Ncoa7"
8.86393551274655e-34,0.758845714908983,0.074,0.12,1.85531034217298e-29,"1","Zfp507"
1.51381529895658e-42,0.75882426390394,0.066,0.114,3.16856680224601e-38,"1","Slc25a37"
3.3794321359429e-37,0.758798302847927,0.097,0.155,7.07348940374209e-33,"1","Pkd1"
9.09939472555474e-30,0.758535333301219,0.077,0.12,1.90459431000586e-25,"1","Rrbp1"
7.34460299957807e-45,0.758126168196875,0.062,0.11,1.53729885384169e-40,"1","Ptcd3"
6.81937472225847e-43,0.756263873721185,0.132,0.211,1.42736332311592e-38,"1","Msh3"
1.3133370813164e-30,0.754865030699632,0.069,0.11,2.74894584490335e-26,"1","Dnm2"
1.86176945433026e-38,0.754371630621599,0.063,0.108,3.89686964485867e-34,"1","Fam227a"
6.46540232572242e-23,0.753849577496772,0.075,0.103,1.35327336079696e-18,"1","Gm26917"
2.66193441580719e-13,0.753064822194739,0.229,0.318,5.57169492572603e-09,"1","Pfkfb2"
4.75642353986615e-41,0.752077683061753,0.06,0.105,9.95567011129384e-37,"1","Txlna"
2.09538500965657e-33,0.752050536455334,0.069,0.114,4.38585036371216e-29,"1","Ino80"
1.43342551403926e-24,0.751504617418111,0.141,0.206,3.00030294343558e-20,"1","Gpr137c"
4.6222291627652e-11,0.751291323698893,0.23,0.316,9.67478786058383e-07,"1","Srek1"
1.50788233080683e-18,0.7507266638418,0.196,0.28,3.15614850661178e-14,"1","Itch"
8.80089073748851e-29,0.750406115598277,0.081,0.126,1.84211444026372e-24,"1","Ppfia1"
2.86559579166754e-41,0.749760613797314,0.069,0.117,5.99797855153933e-37,"1","Tubgcp5"
3.82685602184314e-33,0.748255743843305,0.082,0.131,8.00999233931987e-29,"1","Git2"
1.89042649491335e-36,0.74795587504177,0.079,0.129,3.95685169650314e-32,"1","Lrrc49"
1.65622931474086e-242,0.747950699953919,0.679,0.725,3.4666535786841e-238,"1","March1"
1.14568264806143e-33,0.747764591896754,0.078,0.126,2.39802835065738e-29,"1","Mphosph9"
2.34901827461814e-31,0.747544699495547,0.087,0.136,4.91673015060323e-27,"1","Dpp8"
1.13525867339799e-38,0.746822761411505,0.078,0.129,2.37620992928934e-34,"1","Agfg1"
2.58805054259588e-25,0.746770041519046,0.073,0.113,5.41704859070743e-21,"1","Zfp846"
2.01291050255005e-10,0.746076199436453,0.248,0.345,4.21322297288751e-06,"1","Sec22a"
8.40736337040687e-41,0.745936125432735,0.06,0.105,1.75974522705986e-36,"1","Pan2"
1.59883845485255e-38,0.745203560714253,0.091,0.148,3.34652876985187e-34,"1","Atf7"
2.96454692909323e-24,0.744816342666208,0.088,0.131,6.20509317728504e-20,"1","Gmcl1"
2.90218737287959e-23,0.744201862371552,0.103,0.151,6.07456839017427e-19,"1","Rab11fip2"
2.15673248123426e-32,0.74340988256947,0.079,0.126,4.51425675647143e-28,"1","Ccdc191"
4.76105303725409e-32,0.742922781821357,0.151,0.229,9.96536011227654e-28,"1","Dhx30"
9.80313517357296e-10,0.742699877041982,0.26,0.36,2.05189422318056e-05,"1","Cdc37l1"
5.21543018325655e-36,0.742486454372353,0.08,0.13,1.09164169165743e-31,"1","Zkscan2"
5.99057160723944e-42,0.741994056236523,0.48,0.542,1.25388654311129e-37,"1","Rbm25"
1.08035382775805e-12,0.741018130696233,0.235,0.326,2.26128859688037e-08,"1","Cpsf6"
3.61491962277447e-41,0.740946619569196,0.112,0.18,7.56638826242925e-37,"1","Cep126"
1.63006607477378e-25,0.740702062513364,0.07,0.109,3.41189130110899e-21,"1","Trim24"
1.94979933738532e-50,0.740307462438097,0.111,0.186,4.08112499308122e-46,"1","Tbc1d32"
1.05473640018268e-31,0.740209828627185,0.136,0.206,2.20766875922237e-27,"1","Ago3"
2.32738748176576e-19,0.739562101143856,0.183,0.228,4.87145473808391e-15,"1","Snhg20"
1.21956597173478e-39,0.739300166701294,0.092,0.15,2.55267353543807e-35,"1","Rbm4"
3.32387759117032e-32,0.738577149767425,0.142,0.217,6.9572081860786e-28,"1","Meis1"
1.02083378559128e-40,0.737646188814358,0.077,0.128,2.13670719662111e-36,"1","Riok1"
2.47014802648227e-30,0.735513787284532,0.079,0.124,5.17026683423003e-26,"1","E4f1"
1.23748091720977e-29,0.733014113119714,0.126,0.191,2.59017130781178e-25,"1","Zeb1"
1.3329396037686e-44,0.732749533375494,0.1,0.165,2.78997588464806e-40,"1","Ube3c"
4.9036608627189e-59,0.73129231837619,0.103,0.178,1.02638525517569e-54,"1","Atxn2l"
2.51137262444597e-28,0.730568650187296,0.453,0.536,5.25655404022786e-24,"1","Frmd4b"
2.63269942084915e-47,0.730472501767319,0.081,0.137,5.51050315777936e-43,"1","Hsf2"
9.3480039504523e-59,0.729752308107942,0.511,0.572,1.95663070686917e-54,"1","Pnisr"
1.55857931709075e-39,0.728515979247783,0.1,0.162,3.26226236860264e-35,"1","Wwp1"
2.97908643690246e-11,0.728497585462982,0.253,0.353,6.23552582108054e-07,"1","D430042O09Rik"
2.29725705758789e-43,0.728113552334665,0.099,0.161,4.80838874723722e-39,"1","Nsd2"
9.3136018838628e-34,0.727610105333254,0.062,0.102,1.94943001031132e-29,"1","Aopep"
1.34080973334535e-42,0.725122736773806,0.06,0.106,2.80644885286516e-38,"1","Cog5"
1.74259960960191e-28,0.724290029610073,0.159,0.235,3.64743524285775e-24,"1","Ccdc173"
5.65623096263159e-45,0.723419578696472,0.056,0.101,1.18390570278842e-40,"1","Ppp6r2"
1.40907261509627e-33,0.723062716066474,0.062,0.103,2.949329890658e-29,"1","Ercc6l2"
1.59599356959868e-42,0.722564465388083,0.06,0.106,3.34057414052699e-38,"1","Elp4"
4.31573313611237e-38,0.722081618779258,0.075,0.123,9.03326102719679e-34,"1","Myo6"
1.88133837405252e-42,0.720248513980641,0.076,0.129,3.93782935072933e-38,"1","Gabpb2"
1.68342438342271e-48,0.720236204101998,0.063,0.113,3.52357557694208e-44,"1","Tmem87a"
1.60355225191451e-41,0.720202371216683,0.085,0.142,3.35639521848225e-37,"1","Htt"
9.22460364160096e-17,0.719741495120199,0.469,0.507,1.9308017882235e-12,"1","Vax2os"
1.59870439902122e-17,0.718212369314563,0.441,0.54,3.34624817759132e-13,"1","Srpk2"
6.582191143997e-43,0.717704308747543,0.067,0.116,1.37771842835001e-38,"1","2810004N23Rik"
1.73407354221541e-43,0.717262235087217,0.109,0.178,3.62958933121107e-39,"1","Arid3b"
2.77803296564612e-31,0.716997519384969,0.12,0.183,5.8147008003939e-27,"1","Ccnt2"
1.93706279327624e-34,0.714900604159683,0.139,0.214,4.05446613260649e-30,"1","Kansl1l"
8.79729574090302e-33,0.714659645736223,0.091,0.143,1.84136197152841e-28,"1","Uvssa"
4.92237745910444e-36,0.713458288755902,0.091,0.146,1.03030282596515e-31,"1","Ocrl"
8.68524905659166e-26,0.713265461974985,0.067,0.105,1.8179094800352e-21,"1","Ccny"
4.27592472304363e-52,0.71313885327832,0.118,0.197,8.94993803780262e-48,"1","Nudcd3"
6.16851452085525e-37,0.712475564296759,0.145,0.225,1.29113177436021e-32,"1","Nedd4l"
2.41858377640165e-31,0.712444176981544,0.077,0.123,5.06233770238629e-27,"1","Letm2"
6.09876799758066e-42,0.71229529410273,0.102,0.166,1.27653312957361e-37,"1","Phc3"
6.65594707440092e-35,0.711451123886309,0.075,0.122,1.39315628214286e-30,"1","Asap1"
4.94841750409438e-54,0.711346517627352,0.098,0.169,1.03575326778199e-49,"1","Tm9sf4"
1.24793299425917e-44,0.710824020329694,0.093,0.154,2.61204855028386e-40,"1","Ddx55"
2.44858819833634e-36,0.710329385737205,0.071,0.114,5.1251399579378e-32,"1","Gprasp1"
5.21727668568905e-37,0.709095712104108,0.085,0.138,1.09202818308158e-32,"1","Kmt2b"
9.45256736169241e-28,0.708643494787309,0.186,0.276,1.97851687447584e-23,"1","Tasor"
2.07648156901924e-42,0.707580758093038,0.066,0.113,4.34628357211417e-38,"1","Rev1"
7.63923081640786e-52,0.70575858583485,0.081,0.142,1.59896740218233e-47,"1","Pex3"
5.10375988883286e-42,0.705146895885691,0.059,0.104,1.06826798233161e-37,"1","Mon2"
2.70453656701572e-40,0.704327339672752,0.061,0.105,5.6608654884206e-36,"1","Scn8a"
3.23792837483293e-33,0.703393465501086,0.158,0.24,6.7773078813628e-29,"1","Zfp397"
1.09263461699114e-28,0.702226110519428,0.196,0.292,2.28699351682415e-24,"1","Ppfia2"
6.46743373311015e-27,0.702185678697821,0.176,0.26,1.35369855467728e-22,"1","Dmxl1"
7.60539966869564e-52,0.700462331917232,0.089,0.152,1.59188620465468e-47,"1","Usp48"
3.37162151627404e-16,0.700313042242306,0.232,0.328,7.05714099571319e-12,"1","Chd2"
9.25698526786073e-26,0.697576709493412,0.189,0.279,1.93757958641593e-21,"1","Dop1a"
9.22269116852689e-38,0.697132958587559,0.119,0.187,1.93040148848436e-33,"1","Cdk8"
1.33574331907261e-43,0.696069425502671,0.09,0.149,2.79584434115089e-39,"1","Zcchc9"
1.18555512878573e-22,0.696000336019406,0.201,0.292,2.48148544006142e-18,"1","Btbd7"
1.69191922325492e-47,0.694850339750335,0.058,0.105,3.54135612619487e-43,"1","4930402H24Rik"
1.74038692041936e-60,0.694374597458398,0.09,0.161,3.64280386312977e-56,"1","Wwox"
4.25398848375189e-37,0.693613724634523,0.072,0.118,8.90402329534107e-33,"1","Tmem80"
1.56938582810076e-38,0.69354562674073,0.145,0.226,3.2848814767977e-34,"1","Tet2"
3.65235016760635e-13,0.690957971425473,0.432,0.529,7.64473413581686e-09,"1","Srsf7"
2.32831993824136e-35,0.690832196437209,0.076,0.123,4.873406462733e-31,"1","Zfp950"
6.85319826163352e-32,0.690310853992582,0.17,0.257,1.43444292814251e-27,"1","Kdm2a"
2.08035428858195e-64,0.689802414188928,0.117,0.204,4.35438956143088e-60,"1","Smug1"
7.03449665720014e-50,0.689339884660147,0.067,0.12,1.47239049531856e-45,"1","Ash2l"
1.60086754466635e-38,0.68931741847219,0.06,0.103,3.35077585774113e-34,"1","Sec61a2"
5.32502523533441e-55,0.68928864451811,0.086,0.151,1.11458103200785e-50,"1","Trappc8"
9.55097204412921e-45,0.68892234053799,0.074,0.127,1.99911395855668e-40,"1","Uimc1"
1.15528067009966e-52,0.688267376832181,0.081,0.142,2.41811797058561e-48,"1","Tpp2"
6.97224436958764e-48,0.687716557858907,0.085,0.146,1.45936046899839e-43,"1","Ddx41"
1.11497819015918e-36,0.68763565564637,0.172,0.266,2.33376084982217e-32,"1","Synj2bp"
1.58177701306557e-48,0.6855340282632,0.072,0.126,3.31081746604754e-44,"1","Cdc14a"
3.98831401252322e-41,0.68402592392569,0.088,0.144,8.34794005961234e-37,"1","Usp3"
3.47592801840674e-42,0.683174788879586,0.075,0.127,7.27546493532715e-38,"1","Zfyve16"
4.72244829927436e-46,0.681888457290529,0.058,0.104,9.88455653521117e-42,"1","Mrs2"
1.34644626703077e-32,0.680852633599102,0.499,0.614,2.81824668152211e-28,"1","Sgip1"
1.12402945817971e-48,0.680751436882567,0.082,0.141,2.35270605891595e-44,"1","Pspc1"
3.05347882103263e-45,0.680116869817539,0.071,0.123,6.39123652030341e-41,"1","Lrch3"
4.3504553642801e-15,0.679987466237569,0.242,0.341,9.10593812297467e-11,"1","Wdr60"
0,0.679267292849731,0.91,0.897,0,"1","Mir124-2hg"
6.40776325160404e-32,0.679121819879272,0.17,0.256,1.34120892619324e-27,"1","Sf3b3"
2.16590026963398e-28,0.679095720965005,0.063,0.101,4.53344585437087e-24,"1","Carf"
1.5414528109966e-37,0.679037296008593,0.139,0.215,3.22641487869699e-33,"1","Ikzf2"
2.46173537739676e-31,0.678927463000172,0.178,0.268,5.15265831842915e-27,"1","Swt1"
2.34268795040138e-40,0.678604672671093,0.075,0.125,4.90348014898512e-36,"1","Smarcad1"
3.61526941326602e-45,0.678264138168577,0.078,0.133,7.56712040890712e-41,"1","Trp53bp1"
6.74727218867841e-14,0.67771699794054,0.081,0.109,1.41227154181228e-09,"1","Opn1sw"
2.16664222151839e-57,0.677529328566013,0.077,0.135,4.53499883386013e-53,"1","Mettl26"
4.92241756638721e-41,0.677136847729468,0.119,0.19,1.03031122082051e-36,"1","Macrod2"
1.79772721821698e-32,0.676838177498589,0.182,0.275,3.76282284044996e-28,"1","Nemf"
4.57084217114592e-35,0.676816008705013,0.067,0.112,9.56722974842552e-31,"1","Dennd6a"
2.47111701123914e-48,0.676295894147481,0.094,0.159,5.17229501622464e-44,"1","Ranbp6"
2.67309183679712e-49,0.676055334877152,0.096,0.161,5.59504852360005e-45,"1","Mafg"
2.57688330610689e-43,0.675408824947969,0.089,0.147,5.39367444801233e-39,"1","Gnl3"
2.96999851890129e-27,0.675205892538973,0.179,0.26,6.2165038999123e-23,"1","5031425E22Rik"
9.50670206270302e-38,0.67449881267335,0.121,0.19,1.98984780874437e-33,"1","Capn7"
9.67987460026507e-42,0.673958428466842,0.128,0.203,2.02609455258148e-37,"1","Relch"
6.07832394600767e-17,0.672368485356251,0.247,0.354,1.27225398513887e-12,"1","Tnrc6a"
3.6994420779292e-47,0.672266232234694,0.087,0.148,7.74330221331361e-43,"1","Scaf8"
1.10181565603129e-50,0.672062471204338,0.108,0.181,2.30621034963908e-46,"1","Nfx1"
8.33349682382563e-51,0.669262498807131,0.064,0.116,1.74428422019494e-46,"1","Calcoco1"
4.57878265986671e-45,0.668473152229935,0.091,0.151,9.58384998536702e-41,"1","Tex9"
2.01014928529203e-38,0.666935396396365,0.069,0.116,4.20744346904475e-34,"1","Zfyve27"
1.29320888808286e-34,0.666439191327802,0.174,0.267,2.70681552364623e-30,"1","Taf15"
4.60119951253836e-57,0.666418334832606,0.074,0.134,9.63077069969403e-53,"1","Nvl"
2.01434990554872e-28,0.665874172200254,0.208,0.31,4.21623578730402e-24,"1","Srrm3"
5.10382402443079e-56,0.665726686244726,0.099,0.171,1.06828140655361e-51,"1","Plekhm3"
2.82551826869891e-46,0.66545082557099,0.127,0.205,5.91409228821368e-42,"1","Srcap"
3.23450367085038e-27,0.665412159674997,0.188,0.278,6.77013963345694e-23,"1","Zdhhc17"
6.12038199581767e-46,0.664728447530119,0.063,0.112,1.2810571555446e-41,"1","Mbd5"
9.42670811846327e-36,0.664117559082259,0.146,0.224,1.97310427627555e-31,"1","Zfp322a"
2.57655734534321e-44,0.663903100050466,0.063,0.109,5.39299217953786e-40,"1","Mapk1ip1"
1.30959040685183e-40,0.663470612096548,0.135,0.212,2.74110368058156e-36,"1","Mau2"
2.39352186505944e-49,0.66274374068483,0.066,0.119,5.00988061575592e-45,"1","Fbxl20"
1.88587260962849e-46,0.662106976812693,0.069,0.12,3.94731995921338e-42,"1","Tmco3"
2.07160363999581e-35,0.660786817287769,0.07,0.115,4.33607357887524e-31,"1","Zfp729a"
5.10601427683126e-39,0.660671956395272,0.08,0.131,1.06873984828355e-34,"1","Zfp157"
1.18664258452187e-41,0.660323959614473,0.129,0.205,2.48376159366273e-37,"1","Fbxl12"
1.96692537822878e-45,0.659964327134757,0.061,0.108,4.11697150917066e-41,"1","Naa40"
7.48961972734594e-34,0.659783380649361,0.196,0.299,1.56765230513078e-29,"1","Slc12a6"
3.17087169983985e-44,0.659364018316155,0.061,0.108,6.63695155493478e-40,"1","Rapgef6"
4.05501209610543e-49,0.658968137712555,0.093,0.157,8.48754581835828e-45,"1","Picalm"
2.35933762999751e-51,0.658921240850348,0.106,0.178,4.93832959334779e-47,"1","Ift122"
1.50428811971835e-45,0.658727679508144,0.095,0.157,3.14862546338248e-41,"1","D10Wsu102e"
1.2258551808343e-41,0.65853621203105,0.059,0.102,2.56583747900427e-37,"1","Prpsap1"
1.05002969463464e-47,0.657923198103164,0.095,0.159,2.19781715383976e-43,"1","Fcho2"
6.61034593838294e-48,0.657015253679821,0.081,0.139,1.38361150836293e-43,"1","Ttll5"
2.99678054859112e-47,0.655450947108383,0.092,0.154,6.27256136625607e-43,"1","Rere"
1.55621605276751e-60,0.654639983279738,0.059,0.113,3.25731582004767e-56,"1","Myo18a"
1.25821005516535e-43,0.654619010751612,0.072,0.124,2.63355946646659e-39,"1","Slc25a28"
5.70497182542187e-18,0.653957649144595,0.224,0.318,1.19410765277905e-13,"1","Wdr20"
5.32874089195318e-62,0.653717725812851,0.119,0.206,1.11535875609472e-57,"1","Ush2a"
7.58738168582237e-48,0.653665571971469,0.067,0.118,1.58811486065948e-43,"1","Cul9"
4.40842098006872e-53,0.652999316839138,0.069,0.123,9.22726595338183e-49,"1","Tmem214"
7.48857747697815e-48,0.652392775207935,0.117,0.192,1.5674341517063e-43,"1","Slc25a22"
1.30262267439911e-37,0.652180272660251,0.162,0.249,2.72651951978478e-33,"1","Snrnp48"
7.46314244602149e-46,0.652129955472388,0.058,0.105,1.56211034537676e-41,"1","9230114K14Rik"
7.19022629935393e-60,0.652084864606785,0.09,0.16,1.50498626671777e-55,"1","Otx2os1"
4.93639851796833e-50,0.651882300204266,0.114,0.19,1.03323757379595e-45,"1","Svil"
1.6327432785648e-54,0.651257026812606,0.066,0.12,3.41749495636397e-50,"1","Uqcc1"
2.12035989511526e-42,0.649074584012846,0.057,0.101,4.43812529646576e-38,"1","Fam172a"
6.96193623616285e-23,0.64702668406988,0.074,0.109,1.45720287359125e-18,"1","BC065403"
2.7920342935306e-70,0.6462960746125,0.58,0.681,5.84400697978891e-66,"1","Fam161a"
1.07024925256006e-67,0.645421308234791,0.105,0.186,2.24013871053346e-63,"1","Naxd"
6.08663567636428e-44,0.645119955937226,0.058,0.103,1.27399371341981e-39,"1","Mms19"
4.83076191215462e-32,0.64471651151549,0.066,0.107,1.01112677583308e-27,"1","Slc7a8"
7.93646985211016e-50,0.644590709961561,0.086,0.147,1.66118250474518e-45,"1","Avl9"
9.72805477869764e-42,0.64458891754213,0.058,0.102,2.0361791457292e-37,"1","Metap1d"
1.10954509744078e-45,0.643918647513946,0.116,0.189,2.32238884345331e-41,"1","Zkscan3"
1.70324656463641e-35,0.643394958568665,0.15,0.23,3.56506538444046e-31,"1","Sik2"
1.79853862274106e-50,0.643377574603857,0.132,0.217,3.7645211912593e-46,"1","Zfp326"
1.22280720698181e-51,0.643196769000989,0.121,0.201,2.55945776493363e-47,"1","Far1"
1.15634836276047e-49,0.64311987337634,0.069,0.123,2.42035275809394e-45,"1","Cep162"
4.81755987368085e-54,0.641555745237792,0.111,0.188,1.00836345716014e-49,"1","Tapt1"
1.90222572137164e-53,0.641123653975792,0.171,0.279,3.98154865740298e-49,"1","Upf2"
2.45313796304128e-47,0.640510165990578,0.085,0.142,5.1346630704417e-43,"1","C87436"
6.7767125371415e-48,0.640153368214935,0.116,0.191,1.41843370114909e-43,"1","Rnf8"
3.4806585123425e-52,0.639796024419588,0.089,0.149,7.28536633218409e-48,"1","Dst"
2.34687578100281e-50,0.638893042587349,0.16,0.259,4.91224569721699e-46,"1","Ino80d"
2.07088835968154e-40,0.638723558354366,0.129,0.203,4.33457642564943e-36,"1","Styx"
2.85005556859892e-22,0.638272967002105,0.23,0.337,5.9654513106344e-18,"1","Atad2b"
2.24595326412703e-48,0.637645120690191,0.154,0.248,4.70100477714428e-44,"1","Nsd3"
3.63449854940033e-28,0.637004778896618,0.214,0.319,7.60736891374983e-24,"1","Memo1"
5.32493397547205e-46,0.636861608283601,0.089,0.149,1.11456193040605e-41,"1","Tube1"
4.55312029213839e-46,0.635641169047376,0.086,0.146,9.53013608347487e-42,"1","Dnajb4"
5.46141204497821e-23,0.635355491027302,0.208,0.302,1.14312815513439e-18,"1","Tigd2"
2.28864378858834e-58,0.63479811267052,0.119,0.201,4.79036031389426e-54,"1","Raf1"
1.66899028493291e-27,0.632818548437741,0.205,0.303,3.49336356539307e-23,"1","Clock"
3.35146881988673e-32,0.631631319794079,0.18,0.271,7.01495938690492e-28,"1","Braf"
1.15606961507152e-54,0.631375831378777,0.074,0.132,2.41976931130619e-50,"1","Zswim8"
7.16271915503477e-62,0.630829004736708,0.086,0.155,1.49922874634033e-57,"1","Cyld"
6.18520190606441e-54,0.630529386774469,0.077,0.138,1.29462461095834e-49,"1","Kdm6a"
2.93387606246198e-52,0.629905778330088,0.09,0.156,6.14089598633918e-48,"1","Atrip"
2.63387578019246e-54,0.629287827335528,0.094,0.163,5.51296539552085e-50,"1","Wdr43"
6.75087934377906e-54,0.629181663090978,0.081,0.143,1.41302655544639e-49,"1","Dlst"
3.0065632572325e-36,0.628783582329292,0.19,0.292,6.29303755371335e-32,"1","Ccnl2"
1.22061905031931e-41,0.628143480260504,0.062,0.107,2.55487773422336e-37,"1","Uty"
1.00335100431567e-40,0.62785203714893,0.067,0.114,2.10011398713312e-36,"1","Ldah"
2.39618904608182e-55,0.626958553311508,0.098,0.168,5.01546329235385e-51,"1","Hps3"
4.55928158667637e-14,0.626777976959633,0.268,0.377,9.54303228907231e-10,"1","Crlf3"
4.26685244458078e-44,0.626736802750521,0.124,0.199,8.93094885175204e-40,"1","Ist1"
8.52142349271098e-49,0.626716129929824,0.073,0.128,1.78361915125934e-44,"1","Exoc4"
5.69121858592941e-32,0.626494491906466,0.116,0.177,1.19122896222089e-27,"1","Ing2"
3.30050317788472e-30,0.624825361010883,0.196,0.293,6.9082832016305e-26,"1","Nfat5"
4.18963188924129e-55,0.624803137756862,0.137,0.228,8.76931850737094e-51,"1","Gtf2ird1"
1.49601217228248e-43,0.624622700651762,0.086,0.142,3.13130307780447e-39,"1","Plcb4"
3.84661408812843e-48,0.624437509120719,0.061,0.11,8.05134794786162e-44,"1","Kcnc3"
3.52833618224247e-44,0.624054581087035,0.072,0.124,7.38516046305172e-40,"1","Cbl"
7.92368342764474e-46,0.623721481565448,0.056,0.102,1.65850617824032e-41,"1","Tada3"
1.52786278608744e-50,0.623646553652213,0.088,0.151,3.19796959755962e-46,"1","Jrkl"
2.12732156639711e-54,0.622527889748945,0.085,0.149,4.45269677062578e-50,"1","Herc4"
2.36198030471508e-55,0.621777007082323,0.123,0.206,4.94386097579913e-51,"1","Mia2"
4.66920583147174e-65,0.619902588185695,0.099,0.175,9.7731147258535e-61,"1","Ankra2"
2.37296329412984e-35,0.619561400109361,0.526,0.646,4.96684947094317e-31,"1","Slc4a7"
2.7666962000435e-50,0.61940251459092,0.15,0.243,5.79097181631106e-46,"1","Ric3"
2.96425795892371e-57,0.618943217334495,0.063,0.117,6.20448833382321e-53,"1","Babam2"
3.12483877266425e-42,0.617218123825124,0.059,0.104,6.54060003506354e-38,"1","Bend7"
6.68249439583543e-43,0.617101182139617,0.149,0.229,1.39871290199231e-38,"1","Tcf4"
1.05469681978287e-51,0.616989739882072,0.177,0.286,2.20758591348752e-47,"1","Trpm7"
1.58299218318975e-50,0.616934508763191,0.058,0.106,3.31336093863447e-46,"1","Med15"
1.50180687553238e-34,0.616435523075016,0.066,0.108,3.14343197117683e-30,"1","Zc3h6"
1.08707414335558e-49,0.616279327866613,0.081,0.14,2.27535488945757e-45,"1","Slf1"
2.25373492824532e-37,0.615939290661039,0.198,0.305,4.71729257831029e-33,"1","Smchd1"
2.16842243431984e-40,0.614790466146969,0.063,0.108,4.53872499727486e-36,"1","Dvl3"
9.00955427907206e-56,0.614044936052189,0.059,0.111,1.88578980615257e-51,"1","Plekha7"
1.98530919639382e-47,0.612175005858561,0.059,0.106,4.1554506789719e-43,"1","Atg9a"
9.31522315418377e-32,0.611859686156985,0.225,0.34,1.9497693584022e-27,"1","Tardbp"
9.51867190750249e-49,0.611555699652209,0.168,0.269,1.99235321695935e-44,"1","Mtcl1"
6.523885738163e-65,0.609402806417505,0.102,0.181,1.3655145238549e-60,"1","Nup98"
3.48793101141535e-45,0.609311009418325,0.13,0.208,7.30058839999347e-41,"1","Zc3h14"
2.32661441072427e-43,0.609105158329286,0.098,0.16,4.86983662308697e-39,"1","Zbtb37"
3.41144293823093e-34,0.608808242371505,0.185,0.279,7.14049121401116e-30,"1","Enah"
5.60734050389327e-46,0.608511090123834,0.074,0.127,1.1736724408699e-41,"1","Pitpnm2os2"
8.98534117976783e-55,0.608294117160069,0.157,0.257,1.88072176233721e-50,"1","Safb"
3.66370347832376e-51,0.607450906622317,0.056,0.105,7.66849775047945e-47,"1","Tmem67"
2.30850369650881e-60,0.606877212841177,0.094,0.166,4.83192908716258e-56,"1","Nhlrc2"
6.38828926631813e-40,0.606490343555896,0.2,0.311,1.33713282633305e-35,"1","Ddx50"
3.65135211473318e-65,0.606095447904992,0.085,0.154,7.64264511134801e-61,"1","Ccnh"
5.13878022331094e-45,0.606020792698027,0.179,0.284,1.07559808854121e-40,"1","Gbf1"
1.53300672492099e-50,0.604313808241184,0.079,0.138,3.20873637593212e-46,"1","Gphn"
4.93808822234199e-53,0.604032892253779,0.089,0.154,1.0335912458184e-48,"1","Trappc10"
1.99818081828144e-34,0.602982712089727,0.088,0.113,4.18239227074487e-30,"1","Bc1"
5.90622895231261e-61,0.602364628322866,0.104,0.182,1.23623278200855e-56,"1","Atg16l1"
2.53540935806003e-51,0.602180759818773,0.088,0.143,5.30686532735544e-47,"1","Cplx3"
3.55916059928705e-55,0.601440595041208,0.128,0.212,7.44967905036773e-51,"1","Dctn4"
2.29069138912954e-28,0.60116853311756,0.204,0.302,4.79464614658704e-24,"1","Mier1"
1.66556513230489e-47,0.600783621783625,0.154,0.244,3.48619437842737e-43,"1","Srsf6"
1.08260421466127e-46,0.599756083812802,0.194,0.309,2.26599888170751e-42,"1","Map4k3"
3.58696014137625e-69,0.599116674535509,0.104,0.187,7.50786627191462e-65,"1","Tox4"
1.21209191140698e-57,0.599053780589112,0.105,0.181,2.53702957976595e-53,"1","Gtf3c2"
5.54140061829084e-51,0.598238798809794,0.066,0.119,1.15987056341446e-46,"1","Slc25a36"
1.64313390890965e-75,0.597942803615306,0.109,0.198,3.43924358473878e-71,"1","Vps13b"
1.38137337835354e-15,0.597893438276083,0.297,0.433,2.8913526182318e-11,"1","Kdm4c"
1.82133248027476e-75,0.596782069874869,0.127,0.225,3.81223101446311e-71,"1","Ric1"
2.8091924048679e-21,0.596423533564413,0.234,0.339,5.87992062262901e-17,"1","Atf7ip"
2.33849588336821e-22,0.596075886455544,0.246,0.361,4.894705733478e-18,"1","Nufip2"
4.46905261984513e-51,0.59601019204909,0.076,0.133,9.35417403859785e-47,"1","Atp8a1"
1.08120072783844e-50,0.595808267664979,0.143,0.231,2.26306124343864e-46,"1","Cwf19l2"
2.88566334402491e-28,0.59557712741856,0.205,0.302,6.03998194537855e-24,"1","Ppp1r10"
1.74347998858727e-24,0.595539887618832,0.274,0.409,3.64927796411202e-20,"1","Pla2r1"
3.53778120066364e-47,0.595390561538161,0.101,0.167,7.40492983110907e-43,"1","Afdn"
3.97173387655357e-61,0.594024954453692,0.108,0.187,8.31323617701428e-57,"1","Orc4"
3.54634634721938e-61,0.593476786199985,0.079,0.144,7.42285753936489e-57,"1","Ttc4"
4.64199717108799e-45,0.593122702699481,0.084,0.141,9.71616427880428e-41,"1","Supt7l"
2.06899626958586e-68,0.593065219797285,0.097,0.176,4.33061609187017e-64,"1","Acaca"
1.59529900003614e-64,0.592223060737492,0.066,0.127,3.33912033697565e-60,"1","Slx1b"
7.08171493752012e-07,0.59120142715541,0.327,0.458,0.0148227375357234,"1","Arhgef26"
1.44028804701207e-53,0.591004302149626,0.161,0.263,3.01466691120096e-49,"1","Cnot4"
2.67691725148678e-50,0.590764629623235,0.161,0.259,5.60305549908697e-46,"1","Itfg2"
1.54039198627927e-70,0.589471528339408,0.097,0.177,3.22419446648114e-66,"1","Arfgap2"
5.21838007093629e-28,0.588770559626163,0.238,0.356,1.09225913264767e-23,"1","Mkln1"
1.27912939868254e-29,0.587695994351445,0.226,0.339,2.67734574438243e-25,"1","Jmjd1c"
1.08073333056562e-47,0.587150607531996,0.062,0.109,2.2620829342069e-43,"1","Cdkl3"
9.39170515384506e-47,0.586711576788422,0.181,0.287,1.96577780575131e-42,"1","Unc80"
9.60888726254067e-53,0.586324690732326,0.055,0.104,2.01123619292239e-48,"1","Ciz1"
5.55501009350893e-50,0.586254773839942,0.06,0.11,1.16271916267235e-45,"1","Gzf1"
7.80733376169127e-56,0.585996517871708,0.099,0.171,1.6341530296596e-51,"1","Fbxw2"
1.93632048459763e-57,0.585716917743126,0.12,0.203,4.05291240631129e-53,"1","Igsf9"
7.48972032443435e-54,0.585549971063318,0.079,0.14,1.56767336110735e-49,"1","Sirt1"
1.31177462693896e-50,0.585119152922103,0.06,0.108,2.74567547164595e-46,"1","Wdcp"
4.79410758236021e-50,0.584574638246184,0.059,0.107,1.00345465806382e-45,"1","Ndufaf7"
2.24601431261775e-44,0.58370887691328,0.202,0.318,4.70113255774021e-40,"1","Wdr78"
2.20245845566365e-65,0.583454054415277,0.068,0.13,4.60996579354958e-61,"1","Srp54a"
8.07658989246328e-39,0.58311789281796,0.067,0.113,1.69051103039149e-34,"1","Qars"
2.22831237465005e-53,0.582824032137563,0.082,0.144,4.66408063138003e-49,"1","Klhl12"
2.05368880903986e-39,0.582757148934333,0.072,0.12,4.29857604620134e-35,"1","Limch1"
4.3488656193412e-61,0.582721208431278,0.115,0.199,9.10261062784307e-57,"1","Smad4"
3.0816334291452e-56,0.582489688350447,0.115,0.194,6.45016693054382e-52,"1","Fra10ac1"
1.006537009175e-40,0.580183723012914,0.162,0.253,2.1067826139042e-36,"1","Phactr1"
1.09780929745277e-54,0.579743152701047,0.063,0.117,2.29782464049839e-50,"1","Mbip"
3.22805845479606e-58,0.579113802959537,0.102,0.176,6.75664915173362e-54,"1","Tug1"
1.34381909266615e-54,0.579095869554926,0.085,0.149,2.81274774285953e-50,"1","Hmgxb4"
2.4263652582439e-37,0.578156090972694,0.233,0.359,5.07862512203032e-33,"1","Rsbn1l"
6.40019302697885e-46,0.576816193174313,0.092,0.154,1.33962440247694e-41,"1","Kmt5a"
5.22275500783876e-44,0.576518026752705,0.08,0.135,1.09317485069073e-39,"1","Faf1"
2.28558691146781e-50,0.576389834959928,0.053,0.1,4.78396196439327e-46,"1","Dock9"
1.07222484177641e-47,0.576250638870822,0.063,0.111,2.24427381632221e-43,"1","Nsun4"
4.70463538238939e-61,0.576085109139897,0.098,0.172,9.84727231887923e-57,"1","Thap2"
1.54185380232715e-59,0.575646991544332,0.136,0.229,3.22725419365095e-55,"1","Tlk2"
4.09354108659941e-43,0.575545343739344,0.06,0.104,8.56819084836123e-39,"1","Chn1"
5.39479805499235e-50,0.575132444305573,0.118,0.191,1.12918518089045e-45,"1","Ank3"
8.17137309106441e-64,0.574689312369908,0.088,0.16,1.71035010169069e-59,"1","Btaf1"
2.29714146196849e-50,0.573987582365429,0.087,0.149,4.80814679404626e-46,"1","Yod1"
1.53666086564593e-54,0.57365862580697,0.178,0.29,3.21638485788349e-50,"1","Frmpd2"
8.76009956151179e-56,0.573649345569758,0.055,0.105,1.83357643922003e-51,"1","Arhgap26"
2.1510493785396e-52,0.57305923032291,0.16,0.26,4.50236145422124e-48,"1","Rock1"
2.94343535840603e-17,0.572982516746132,0.3,0.435,6.16090454867966e-13,"1","Ythdc1"
8.25948263870835e-55,0.571116006337261,0.055,0.104,1.72879231110805e-50,"1","Tbk1"
2.92649367347491e-63,0.570882159867925,0.056,0.11,6.12544390795034e-59,"1","Cherp"
1.44628579352347e-63,0.570706777810406,0.064,0.121,3.02722079442397e-59,"1","Exoc1"
1.71609527875443e-58,0.570614260588676,0.063,0.119,3.5919590279609e-54,"1","Anapc4"
9.1241677570883e-49,0.570463754982442,0.158,0.253,1.90977955323615e-44,"1","Nbeal1"
1.8381627038935e-52,0.570219381784735,0.073,0.13,3.84745835551949e-48,"1","Erc2"
2.84125864311508e-53,0.569856032989345,0.077,0.136,5.94703846590417e-49,"1","Fam13b"
7.17622121920828e-65,0.568918182545869,0.059,0.116,1.50205486339249e-60,"1","A930003O13Rik"
4.81539307887594e-63,0.568692720895567,0.099,0.175,1.00790992533952e-58,"1","Zfp398"
7.96009490828302e-58,0.567099640760611,0.054,0.104,1.66612746525272e-53,"1","Pogz"
1.1975491783412e-45,0.566392016940495,0.111,0.181,2.50659018518597e-41,"1","Spata7"
4.61382841967731e-48,0.565960644946748,0.18,0.288,9.65720426522657e-44,"1","Cep350"
3.20580637676117e-33,0.564199191571136,0.21,0.316,6.7100733271988e-29,"1","Heatr5a"
1.04972318993792e-62,0.56407984676498,0.099,0.175,2.19717560885907e-58,"1","Lcor"
2.95916889176018e-50,0.563586074983701,0.077,0.134,6.19383640734323e-46,"1","Ice1"
1.82657718201761e-70,0.563014281166707,0.096,0.175,3.82320869968106e-66,"1","Rbm28"
7.30749386289105e-45,0.562621411423644,0.096,0.158,1.52953154044173e-40,"1","Myo10"
2.63130169485734e-32,0.561283071244168,0.246,0.374,5.50757757750589e-28,"1","Zfp445"
1.83227358126563e-50,0.56125828813048,0.053,0.1,3.83513183294708e-46,"1","Zfp646"
1.58345744970573e-59,0.561025016345022,0.075,0.137,3.31433478797907e-55,"1","Ttf1"
2.63732198235273e-57,0.560989961199923,0.091,0.158,5.5201786412625e-53,"1","Tmx4"
9.63343020871897e-68,0.560812928768137,0.163,0.275,2.01637327698697e-63,"1","Dtx3"
5.45315376521218e-63,0.559742522997484,0.135,0.229,1.14139961459656e-58,"1","Angel2"
1.14705226099754e-56,0.559513161967505,0.07,0.128,2.40089508749396e-52,"1","Cep295"
1.97337162903525e-70,0.558424748470736,0.144,0.25,4.13046415673368e-66,"1","Rgs20"
2.79132841943905e-48,0.558317594059352,0.159,0.253,5.84252951472788e-44,"1","Kif1a"
1.5009194254504e-30,0.557913257025458,0.242,0.364,3.14157444941023e-26,"1","Riok3"
4.73827780223993e-58,0.557573886394962,0.158,0.262,9.91768926786839e-54,"1","Senp2"
5.45305006756192e-76,0.557163374288746,0.131,0.233,1.14137790964139e-71,"1","Yme1l1"
8.84512069037181e-16,0.556412197307769,0.545,0.701,1.85137221170172e-11,"1","Mpp4"
1.23159913889809e-46,0.555722068372069,0.059,0.105,2.5778601576276e-42,"1","Atl2"
6.04307736587102e-74,0.555533783067015,0.094,0.174,1.26487652345046e-69,"1","Ccdc66"
1.29700157283674e-51,0.55471954588839,0.093,0.158,2.71475399210458e-47,"1","6030458C11Rik"
1.25175492780219e-69,0.55333781489139,0.149,0.256,2.62004823938276e-65,"1","Las1l"
6.76559722866234e-61,0.553066449122892,0.055,0.108,1.41610715593131e-56,"1","Tmem168"
5.62205446056662e-68,0.5528459321215,0.139,0.24,1.1767522191412e-63,"1","Ppp1r9a"
6.21722689989368e-58,0.552429586203789,0.06,0.114,1.30132776241675e-53,"1","Usp53"
4.14868089922566e-68,0.551557438370571,0.169,0.285,8.68360399016922e-64,"1","Xrn2"
1.8898316407575e-51,0.551543005701757,0.057,0.107,3.95560660726951e-47,"1","Taok2"
8.28889048380216e-65,0.550548027540642,0.154,0.261,1.73494766716463e-60,"1","Rsbn1"
6.40559649058988e-60,0.550540745053341,0.139,0.233,1.34075540144537e-55,"1","Ints13"
6.93724806013498e-71,0.548664509634896,0.062,0.124,1.45203539146685e-66,"1","Gcn1"
7.32250895409684e-67,0.548085380570247,0.059,0.116,1.53267434918201e-62,"1","Tatdn1"
7.02842309678785e-50,0.547190799685939,0.065,0.117,1.47111923838867e-45,"1","Fmn1"
1.62139024917307e-67,0.547165369493139,0.07,0.135,3.39373193054415e-63,"1","Gtf3c3"
4.02272427932522e-62,0.547122830243474,0.064,0.122,8.41996418905562e-58,"1","Sec24a"
6.37931617358258e-53,0.546032065131523,0.075,0.133,1.33525466829257e-48,"1","Rasa1"
6.37986284680236e-76,0.545668814287187,0.079,0.149,1.3353690924642e-71,"1","Cbx5"
2.35571408066352e-64,0.54531985452726,0.104,0.182,4.93074514223681e-60,"1","BC034090"
4.59512027646605e-50,0.544678751807343,0.15,0.241,9.61804625067109e-46,"1","Mysm1"
1.31904471944268e-56,0.543917776851528,0.154,0.254,2.76089250226547e-52,"1","Asxl2"
8.44864728566156e-83,0.543740172161248,0.132,0.237,1.76838636336182e-78,"1","Negr1"
2.17894975704146e-63,0.543032874733513,0.053,0.104,4.56075973646347e-59,"1","Anapc5"
2.68972795259865e-41,0.542767822582473,0.231,0.36,5.62986957758424e-37,"1","Ralgps2"
2.63933404613367e-72,0.54213543543426,0.078,0.149,5.52439009196238e-68,"1","Hint3"
4.67999653207175e-56,0.542059483266625,0.122,0.204,9.79570074127939e-52,"1","Ext1"
1.46566851965563e-57,0.54197435576898,0.073,0.132,3.0677907784912e-53,"1","Fam135a"
1.93745609376333e-60,0.541507748534922,0.076,0.139,4.05528934985603e-56,"1","Yes1"
1.06008143858781e-61,0.540984653601268,0.053,0.106,2.21885645910814e-57,"1","Nudt5"
2.02277387707168e-59,0.54044980129724,0.068,0.126,4.23386800209874e-55,"1","Acap2"
4.9461157324994e-72,0.540392439079333,0.083,0.156,1.03527148396945e-67,"1","Cop1"
2.16419679205837e-48,0.540107398990216,0.056,0.102,4.52988030545737e-44,"1","Sppl2a"
4.01982509165645e-64,0.53987460206409,0.078,0.144,8.41389589934611e-60,"1","Mrpl38"
1.50713091818457e-59,0.539723541350886,0.144,0.24,3.15457572485211e-55,"1","Fmr1"
2.77283052936135e-69,0.539260112058078,0.133,0.23,5.80381158100624e-65,"1","Atp13a3"
4.0083661139835e-59,0.538568035319037,0.135,0.227,8.38991111317886e-55,"1","Brd1"
2.85524923360184e-71,0.538487451936916,0.123,0.216,5.976322170852e-67,"1","Ptbp2"
1.38378593025382e-66,0.538285646260489,0.142,0.242,2.89640233061428e-62,"1","1110038F14Rik"
3.20102587089903e-13,0.538285412391224,0.321,0.463,6.70006725037876e-09,"1","Vps37a"
5.95424993878876e-56,0.537817816725713,0.069,0.126,1.24628405468788e-51,"1","Cdc23"
8.74201982681189e-41,0.537400988361431,0.069,0.116,1.82979216995e-36,"1","Dcun1d5"
5.71451177487904e-57,0.537299569173335,0.064,0.118,1.19610445959993e-52,"1","Thap3"
2.29047192602264e-63,0.53723328608017,0.086,0.155,4.794186788358e-59,"1","Nfrkb"
1.05911654672019e-68,0.537195378846091,0.134,0.232,2.21683684394003e-64,"1","Zmym4"
3.98079105035216e-64,0.537126815597025,0.064,0.123,8.3321937474921e-60,"1","Gigyf1"
1.80229374273849e-50,0.536969365413709,0.056,0.104,3.77238103292594e-46,"1","N4bp1"
1.70572013721248e-56,0.536944281459145,0.133,0.223,3.57024281919944e-52,"1","N4bp2"
1.2015910558601e-59,0.536782445645642,0.114,0.195,2.51505023902077e-55,"1","Stk39"
6.20965848340021e-48,0.536537477774292,0.134,0.215,1.2997436171605e-43,"1","Rev3l"
8.16866678159434e-84,0.536414325959621,0.131,0.237,1.70978364405551e-79,"1","Nfasc"
3.12817985134497e-13,0.53635189189978,0.333,0.484,6.54759324685015e-09,"1","Pitpnm3"
8.31292561655285e-56,0.536350273816285,0.056,0.107,1.73997846080068e-51,"1","Mfn1"
3.82840552538155e-65,0.535568355315981,0.058,0.114,8.01323560517612e-61,"1","2900076A07Rik"
7.51569477795231e-74,0.535312589910273,0.059,0.12,1.5731100739732e-69,"1","Ube4bos1"
3.75256017096548e-69,0.535114324993567,0.128,0.224,7.85448369384785e-65,"1","Cerkl"
4.95153714825163e-55,0.534847865762918,0.106,0.18,1.03640624050055e-50,"1","Trim26"
6.51355040457102e-55,0.534647671727854,0.124,0.207,1.36335123518076e-50,"1","Prr14"
4.77308092394754e-70,0.534149363670181,0.06,0.121,9.9905356819146e-66,"1","Xpo4"
2.23263240685192e-70,0.533372650108149,0.091,0.167,4.67312289078175e-66,"1","Map3k4"
1.66979147985121e-70,0.53302232967549,0.087,0.162,3.49504054647656e-66,"1","Ahctf1"
8.4180338276263e-53,0.533000740690336,0.062,0.114,1.76197866046046e-48,"1","Eed"
8.68988281590095e-66,0.532982062887297,0.095,0.171,1.81887937219623e-61,"1","Dstyk"
4.30289768206009e-60,0.532956308154056,0.108,0.187,9.00639513831997e-56,"1","Otud4"
1.4229253997253e-74,0.53278928877632,0.165,0.285,2.97832515416503e-70,"1","Wdr31"
3.1292236653128e-47,0.532452775531969,0.102,0.168,6.54977805386623e-43,"1","Zcchc3"
1.75643841957739e-70,0.531975088715736,0.131,0.23,3.67640125601743e-66,"1","Setd5"
4.8396946167462e-61,0.531772262000717,0.079,0.144,1.01299648023115e-56,"1","Arhgef2"
1.38059736487786e-60,0.531448201602067,0.055,0.108,2.88972834442585e-56,"1","Osbpl6"
2.71856194102578e-68,0.531122810002336,0.171,0.29,5.69022199876106e-64,"1","Trpc1"
2.40629762839719e-76,0.529979371913067,0.127,0.227,5.03662156599816e-72,"1","Ubr2"
4.99350934485902e-74,0.529896529504603,0.089,0.167,1.04519144097244e-69,"1","Xylt1"
1.11296005498464e-49,0.528933335321203,0.11,0.182,2.32953669108836e-45,"1","Xpr1"
1.09007691282422e-52,0.528869373135419,0.07,0.125,2.28163998623238e-48,"1","Mfap3"
2.03582091121982e-54,0.528831891889409,0.062,0.115,4.2611767492742e-50,"1","Atxn7"
9.27540520510477e-68,0.528232136671168,0.095,0.171,1.94143506348048e-63,"1","Map2k7"
6.37317036815677e-68,0.528181730667896,0.174,0.294,1.33396828975889e-63,"1","Mef2a"
1.26994141781241e-66,0.52807960971298,0.162,0.275,2.65811438162315e-62,"1","Azi2"
7.38138222487913e-61,0.527208106746832,0.194,0.317,1.54499711348945e-56,"1","Nisch"
2.68720778493991e-62,0.527021449849561,0.08,0.146,5.62459461465773e-58,"1","Ints6"
1.56118483760064e-44,0.526730879354897,0.164,0.259,3.2677159835819e-40,"1","Rlf"
1.46436969973911e-40,0.526574006531517,0.234,0.363,3.06507221852392e-36,"1","Kif21b"
7.04578300219277e-57,0.524554998197304,0.057,0.109,1.47475284018897e-52,"1","Fam160a2"
9.60542559559251e-66,0.52419564994687,0.086,0.157,2.01051163141347e-61,"1","Hif1an"
3.58514620230035e-79,0.523983189430857,0.123,0.223,7.50406951603487e-75,"1","Smg6"
3.47224778177384e-68,0.523793575645699,0.123,0.215,7.26776183203083e-64,"1","Zfp131"
8.66500272992165e-88,0.52357077663367,0.164,0.293,1.8136717213999e-83,"1","Cacna1f"
1.84026442904927e-71,0.522948498454418,0.079,0.149,3.85185747644303e-67,"1","Dip2b"
1.1436643287051e-86,0.52254064134542,0.06,0.126,2.39380380641265e-82,"1","Wdr89"
1.06497271181989e-79,0.521398367479281,0.114,0.209,2.22909438311022e-75,"1","Zcchc8"
3.93923501443652e-60,0.520701672510806,0.613,0.712,8.24521280871708e-56,"1","Tnrc6b"
4.90172289268741e-13,0.52059296026589,0.341,0.499,1.0259796186684e-08,"1","Atp11b"
1.22517725425702e-83,0.520374211161795,0.116,0.214,2.56441851088536e-79,"1","Gps2"
2.15134873344852e-50,0.520033493304798,0.191,0.305,4.5029880339811e-46,"1","Ankrd17"
8.55059018509222e-62,0.519932367059203,0.073,0.134,1.78972403164165e-57,"1","Mettl3"
3.46555535902928e-63,0.519248466665579,0.069,0.131,7.25375392198419e-59,"1","Fermt2"
3.70075346960133e-63,0.519101458532322,0.189,0.314,7.74604708722255e-59,"1","Osbpl8"
1.9157330123603e-89,0.518945705081106,0.078,0.157,4.00982076817134e-85,"1","Mapk8ip3"
2.28097405385669e-56,0.518909161313773,0.103,0.174,4.77430679212743e-52,"1","B4galt1"
1.61325499756002e-74,0.518663620113648,0.186,0.319,3.37670403539288e-70,"1","Gripap1"
1.7424637843654e-66,0.517678090149559,0.102,0.182,3.64715094705522e-62,"1","Stxbp5"
8.00795732301592e-67,0.517356776605967,0.149,0.254,1.67614554728046e-62,"1","Poldip3"
5.10615860238401e-69,0.517202718637543,0.179,0.304,1.068770057065e-64,"1","Ift81"
2.99983473457631e-51,0.517061758544823,0.061,0.112,6.27895408294168e-47,"1","Zc3h3"
9.65357552368464e-79,0.516914312194781,0.097,0.181,2.02058989286243e-74,"1","Gpbp1l1"
2.98656760178091e-77,0.515366887876487,0.113,0.206,6.25118464728763e-73,"1","Cpsf7"
1.80159821434641e-80,0.514811852483284,0.085,0.163,3.77092522244847e-76,"1","Rad17"
1.78804803927911e-68,0.514683331023124,0.08,0.15,3.7425633510151e-64,"1","Mlh3"
3.90005740788749e-63,0.514081857848582,0.199,0.33,8.16321016044931e-59,"1","A530058N18Rik"
8.55645982359256e-67,0.513618713652341,0.056,0.112,1.79095260567616e-62,"1","4930430F08Rik"
3.61329073992346e-20,0.513483059588051,0.305,0.442,7.5629788477338e-16,"1","Ip6k2"
2.49723389397616e-56,0.513336293819143,0.052,0.101,5.22696026348149e-52,"1","Itprid2"
1.21197422023351e-72,0.512911097195178,0.188,0.32,2.53678324037076e-68,"1","Nae1"
1.51001488912233e-55,0.512750646104078,0.074,0.133,3.16061216442194e-51,"1","Scamp2"
4.91893693441562e-54,0.512197138217746,0.073,0.13,1.02958268974253e-49,"1","Map4k4"
2.36859476484662e-65,0.512053783588329,0.196,0.327,4.95770570230046e-61,"1","Ubap2l"
4.21937507467177e-57,0.511988576332503,0.073,0.132,8.83157396879549e-53,"1","Miga1"
4.77580382694435e-60,0.51125400788786,0.095,0.167,9.99623499017721e-56,"1","2610008E11Rik"
5.46782633077516e-66,0.510871638854074,0.084,0.154,1.14447072929455e-61,"1","Ndel1"
5.88295399342684e-86,0.510761441200909,0.059,0.125,1.23136110036417e-81,"1","Med24"
4.0361184264006e-88,0.510264341696764,0.173,0.305,8.4479994782991e-84,"1","Supt16"
2.3370988290749e-60,0.510059190763602,0.163,0.271,4.89178155913668e-56,"1","Emsy"
5.1876212367277e-47,0.509517274455468,0.238,0.378,1.08582100105947e-42,"1","Brd8"
1.91325602175056e-59,0.508783947650345,0.064,0.12,4.0046361791261e-55,"1","Mamld1"
7.84067477378831e-60,0.508760754105551,0.053,0.105,1.64113163690163e-55,"1","Pofut1"
2.34891041187313e-65,0.507362617811632,0.095,0.169,4.91650438309165e-61,"1","Synpo2"
9.46813288856049e-67,0.507181636205795,0.07,0.133,1.9817748949046e-62,"1","Gm5165"
1.8783682871023e-31,0.5066755907914,0.259,0.392,3.93161266173382e-27,"1","Aak1"
2.14258923323456e-74,0.506489458836119,0.138,0.242,4.48465352408326e-70,"1","Usp15"
3.39836063189134e-41,0.506361573808737,0.261,0.409,7.11310863861177e-37,"1","Galnt7"
9.45871041479466e-70,0.506112481515171,0.101,0.181,1.97980267692067e-65,"1","Pwwp2a"
6.22584476565206e-50,0.505985952963813,0.244,0.394,1.30313156789863e-45,"1","Ssbp2"
2.18558134593037e-49,0.505797168247988,0.065,0.117,4.57464031516685e-45,"1","Rab43"
1.01649881116093e-48,0.50413170691225,0.062,0.111,2.12763366164094e-44,"1","Nsmce3"
4.85781552653215e-76,0.502921010508,0.097,0.18,1.01678936785844e-71,"1","Ecpas"
8.81214233112781e-83,0.502765647530155,0.108,0.2,1.84446951132836e-78,"1","Luzp1"
2.61135747240948e-52,0.502212423062874,0.06,0.111,5.46583232550029e-48,"1","2610044O15Rik8"
1.88075685721758e-64,0.501696118508408,0.071,0.133,3.93661217784213e-60,"1","Rspry1"
6.52632960364907e-75,0.501483428721482,0.087,0.163,1.36602604933979e-70,"1","Ubr1"
2.16115083392152e-67,0.499878388434075,0.071,0.135,4.52350481048113e-63,"1","Tmem161b"
2.64136577722101e-42,0.499575389900987,0.239,0.368,5.5286427083013e-38,"1","Ppp3ca"
5.70329033488483e-57,0.499539584625647,0.07,0.128,1.19375569999474e-52,"1","Psme4"
2.40106337061544e-39,0.499531061589836,0.242,0.371,5.02566574103519e-35,"1","Pabpn1"
3.46513642159548e-54,0.499382211361213,0.059,0.11,7.25287704404151e-50,"1","Asf1a"
5.84791321926128e-86,0.49929977600011,0.123,0.225,1.22402671592358e-81,"1","Cdc42bpa"
2.82853824362043e-57,0.499164773420442,0.057,0.109,5.92041339772192e-53,"1","Nras"
1.07436104626795e-72,0.499046454807406,0.123,0.217,2.24874510594344e-68,"1","Ralgapa1"
3.82320322785765e-42,0.498395442444572,0.247,0.387,8.00234667622884e-38,"1","Sntb2"
1.95385800846078e-71,0.497978113391034,0.093,0.17,4.08962019750925e-67,"1","Amph"
2.09027781284828e-67,0.497946253705727,0.106,0.187,4.37516049007274e-63,"1","Klhl24"
2.33175857420311e-58,0.497816715011353,0.186,0.304,4.88060387166453e-54,"1","Scarb1"
1.11535995342154e-40,0.496924481992344,0.072,0.121,2.33455991850663e-36,"1","Pip4p1"
3.34762801427194e-67,0.496861632773496,0.108,0.19,7.0069201966726e-63,"1","Cdc40"
5.83313329853654e-53,0.496265351333685,0.055,0.103,1.22093313071668e-48,"1","Zfp61"
2.33849032218668e-77,0.49626362568394,0.166,0.287,4.89469409336894e-73,"1","Ing4"
2.33820977798716e-65,0.496215629758841,0.106,0.187,4.89410688630493e-61,"1","Akap6"
9.84388521892216e-60,0.496084996669642,0.076,0.137,2.0604236151726e-55,"1","Znhit6"
3.26111645246164e-96,0.495299272269272,0.163,0.298,6.82584284664746e-92,"1","Adgrv1"
9.81728001574169e-79,0.494689108037725,0.1,0.186,2.05485488009489e-74,"1","Prmt7"
1.55949739354315e-56,0.494032047626244,0.052,0.101,3.26418399442518e-52,"1","Gpatch2l"
8.72255975596095e-78,0.493706849959761,0.174,0.302,1.82571898252019e-73,"1","Cfap97"
8.8372041010356e-66,0.493327303797774,0.066,0.126,1.84971519038776e-61,"1","Chkb"
9.6645558438633e-71,0.492765447062011,0.108,0.193,2.02288818367903e-66,"1","Senp7"
5.24573861150474e-17,0.492548491532148,0.332,0.488,1.09798554877406e-12,"1","Sh3glb1"
5.72564438770965e-59,0.49237865437998,0.166,0.274,1.19843462679151e-54,"1","Rictor"
1.75691370907355e-57,0.492043969538637,0.212,0.346,3.67739608446184e-53,"1","Dcaf8"
1.07373578020036e-74,0.491425783653838,0.177,0.303,2.24743636153738e-70,"1","Spag9"
1.21847284917857e-72,0.490513393028892,0.047,0.1,2.55038552061567e-68,"1","Tnip2"
1.75791054218512e-68,0.490238485381367,0.151,0.257,3.67948255584768e-64,"1","Pias3"
5.51703591772769e-70,0.489601268608972,0.058,0.117,1.15477078793958e-65,"1","Pxk"
2.91289348932903e-52,0.489223523469096,0.236,0.378,6.0969773625146e-48,"1","Etnk1"
1.97788999588523e-24,0.488688181262755,0.303,0.452,4.13992155038738e-20,"1","Ubn2"
3.08579647802522e-50,0.488085197747778,0.217,0.346,6.45888060815458e-46,"1","Nsd1"
1.69771335415795e-67,0.487822684106337,0.135,0.232,3.55348382158801e-63,"1","Iqsec1"
1.80292438745324e-81,0.487781348326519,0.08,0.156,3.77370103537837e-77,"1","Gle1"
1.6705142297323e-57,0.487303861767311,0.055,0.106,3.49655333425267e-53,"1","Ptk2"
1.79485897507835e-66,0.486433303559685,0.084,0.154,3.7568193207365e-62,"1","Tmem41b"
1.0218326208635e-63,0.486407422070441,0.09,0.162,2.13879785872939e-59,"1","Hs2st1"
7.19384992730783e-74,0.486290689812229,0.064,0.128,1.5057447282848e-69,"1","Plekha6"
1.21183397781353e-74,0.486226301975597,0.11,0.199,2.5364896989615e-70,"1","Rchy1"
4.25895134640086e-90,0.485656824836524,0.08,0.16,8.91441106315164e-86,"1","Prpf6"
1.86580100975249e-64,0.485494706430762,0.085,0.154,3.90530809351294e-60,"1","Zfp830"
3.60823449746427e-81,0.485291919046081,0.118,0.214,7.55239562664247e-77,"1","Safb2"
7.28794888224419e-73,0.485126314937386,0.107,0.192,1.52544058054253e-68,"1","Map3k2"
2.94341941617912e-58,0.485012056855101,0.203,0.333,6.16087118000452e-54,"1","Cnrip1"
2.14321602396932e-70,0.484659993491441,0.112,0.198,4.48596545977019e-66,"1","Rsrc1"
3.51749806932915e-24,0.484458000845157,0.315,0.473,7.36247520891285e-20,"1","Tub"
1.23602710962527e-73,0.484441095722484,0.052,0.109,2.58712834315665e-69,"1","Sarm1"
7.27609600947927e-82,0.483886252901444,0.142,0.253,1.52295965574411e-77,"1","Dnm1l"
1.77706208844401e-75,0.483842311142327,0.118,0.211,3.71956865732217e-71,"1","Sfswap"
5.2189474599031e-26,0.483647900591406,0.309,0.465,1.09237789283232e-21,"1","Usp34"
4.19075434441873e-56,0.482845319161434,0.063,0.118,8.77166791830285e-52,"1","Atg4c"
5.16511728802404e-53,0.482400853164786,0.055,0.102,1.08111069955631e-48,"1","Sugp1"
7.45291375432081e-64,0.482049151660973,0.183,0.303,1.55996937791689e-59,"1","2810013P06Rik"
6.95612044898119e-28,0.481359978626054,0.603,0.759,1.45598557117625e-23,"1","Hnrnpu"
9.52362884411552e-65,0.481049644571125,0.079,0.146,1.99339075336182e-60,"1","Rbm48"
6.60927343735627e-63,0.480934165456334,0.051,0.102,1.38338702317304e-58,"1","Trmt11"
8.74890159255543e-36,0.480932969698734,0.229,0.347,1.83123259233778e-31,"1","Jarid2"
1.11854179114841e-55,0.48089335287896,0.055,0.104,2.34121982305274e-51,"1","Map3k7"
2.82724632868783e-65,0.479869108614434,0.067,0.128,5.91770929057649e-61,"1","Eea1"
4.143264167649e-80,0.479599141364365,0.13,0.231,8.67226622930612e-76,"1","Ssbp1"
3.75999527338972e-73,0.478936485224352,0.051,0.107,7.87004610673202e-69,"1","Rpgrip1l"
2.307646245246e-61,0.47882141770267,0.231,0.38,4.83013435592441e-57,"1","Dixdc1"
2.75499501923878e-95,0.478608681866151,0.084,0.169,5.76648007476869e-91,"1","Tmem201"
7.9474916045527e-57,0.478471695769422,0.198,0.32,1.66348946774892e-52,"1","Gcc2"
9.93705606036715e-82,0.47845616194221,0.087,0.167,2.07992520399545e-77,"1","Vezt"
3.88696870492385e-72,0.477600918335293,0.063,0.126,8.13581419627611e-68,"1","Pikfyve"
2.36937058097396e-62,0.477446988351943,0.051,0.1,4.9593295630366e-58,"1","Lage3"
2.98606827743142e-74,0.476875907191602,0.068,0.133,6.2501395114917e-70,"1","Hdac9"
1.81437488500264e-53,0.47682677174251,0.063,0.115,3.79766807179903e-49,"1","Pi4k2a"
6.81236299164344e-66,0.476551973021353,0.068,0.129,1.42589569778089e-61,"1","Larp1"
8.86326954977396e-66,0.475125514119709,0.125,0.216,1.85517094946319e-61,"1","Mapk8"
3.09018974945765e-69,0.475113530042725,0.09,0.164,6.4680761645898e-65,"1","Zfp612"
1.18473822378477e-84,0.474810352554699,0.107,0.199,2.4797755762039e-80,"1","Rad23b"
1.69527707546574e-73,0.474506342633222,0.066,0.131,3.54838444665733e-69,"1","Zfp738"
9.0766255524693e-81,0.474068783321468,0.132,0.236,1.89982849438735e-76,"1","Ppp6r3"
8.32018806411468e-79,0.473046925630872,0.16,0.279,1.74149856369984e-74,"1","Fxr1"
1.01443357802415e-43,0.472257651217679,0.249,0.391,2.12331092216234e-39,"1","Zfp638"
5.60468312240134e-73,0.471447354156584,0.127,0.224,1.17311622434982e-68,"1","Ppp4r3a"
9.80456439386914e-69,0.471162564788648,0.085,0.156,2.05219337328075e-64,"1","Mapk9"
4.3506819041677e-67,0.470835379116261,0.05,0.103,9.10641229361341e-63,"1","Poc1b"
8.24444281602194e-68,0.47082235157647,0.048,0.1,1.72564432582155e-63,"1","Exosc1"
2.11924281954571e-65,0.470762664394106,0.056,0.111,4.43578714559112e-61,"1","Igip"
1.08135157924893e-51,0.470609383960873,0.059,0.109,2.26337699052594e-47,"1","Cebpg"
3.48043057354378e-70,0.469615063914695,0.067,0.13,7.28488923348449e-66,"1","Nup88"
5.49458046826537e-75,0.469596728157315,0.083,0.156,1.15007063781262e-70,"1","Dennd4a"
6.17186978228076e-62,0.469488531729737,0.152,0.252,1.29183406412919e-57,"1","Cspg5"
2.93352475363379e-78,0.469122213418648,0.121,0.217,6.14016066183089e-74,"1","Ccdc174"
4.06285416836418e-66,0.469032459861205,0.051,0.105,8.50396005980307e-62,"1","Als2"
8.07738014484416e-88,0.468942533597951,0.094,0.181,1.69067643811733e-83,"1","Psmg2"
2.81552104991417e-26,0.468937617722699,0.326,0.495,5.89316710957536e-22,"1","Strbp"
7.69874010333935e-40,0.468647735271191,0.272,0.426,1.61142329102996e-35,"1","Fsd1l"
2.58239593439003e-95,0.466971341384309,0.065,0.136,5.40521293027177e-91,"1","Gnl3l"
3.20672384585258e-74,0.466832920525694,0.088,0.164,6.71199368175404e-70,"1","Mplkip"
9.33140673822816e-104,0.466407496040875,0.095,0.19,1.95315674437854e-99,"1","Whrn"
8.3834827104664e-66,0.466393644353613,0.052,0.102,1.75474676612772e-61,"1","Nit1"
2.64664734487764e-85,0.465770411866957,0.091,0.174,5.53969755756339e-81,"1","Pdcd10"
4.79865563325884e-95,0.465118861701621,0.141,0.259,1.00440661059741e-90,"1","Usp19"
2.32348045131104e-54,0.465083856947111,0.216,0.35,4.86327693263914e-50,"1","Aff1"
2.05151169463111e-70,0.464732731225942,0.049,0.103,4.29401912803237e-66,"1","Ankzf1"
2.09617400336333e-69,0.464428461393142,0.06,0.117,4.38750180643978e-65,"1","Ppm1g"
8.02380612939082e-51,0.462830546677302,0.245,0.392,1.67946286094279e-46,"1","Srsf10"
5.34910902671132e-80,0.46263431678382,0.166,0.291,1.11962201038095e-75,"1","Cnot1"
3.34819765004122e-79,0.462486028264815,0.07,0.139,7.00811250130127e-75,"1","Trpc4ap"
7.41550729419225e-69,0.462189600641794,0.073,0.137,1.55213983174738e-64,"1","Stx5a"
9.92850486899182e-81,0.46211499781086,0.077,0.15,2.07813535412868e-76,"1","Lars"
4.76624282106252e-51,0.461781940270411,0.252,0.403,9.97622284876596e-47,"1","Wnk1"
1.49332111975028e-76,0.461739860461402,0.071,0.139,3.12567043574931e-72,"1","Impact"
6.09816059605338e-80,0.461416628373319,0.085,0.163,1.27640599435993e-75,"1","Usp14"
1.00322680584635e-53,0.460811990558278,0.056,0.105,2.099854027317e-49,"1","Gm44196"
6.08237088938673e-73,0.460296188186651,0.12,0.213,1.27310105085754e-68,"1","Maco1"
5.95165669289335e-81,0.460204495227451,0.081,0.157,1.24574126238951e-76,"1","Ryk"
1.09888627080594e-86,0.46020414694493,0.119,0.218,2.30007885342391e-82,"1","Gpsm1"
8.72152127658733e-55,0.459354528125874,0.061,0.113,1.82550161840249e-50,"1","Med21"
1.97577292484276e-64,0.458902440781717,0.058,0.113,4.13549030898838e-60,"1","Pomt2"
6.65349668924334e-72,0.458850351198058,0.051,0.107,1.39264339202552e-67,"1","2700049A03Rik"
6.36741552050647e-59,0.457264947462793,0.052,0.101,1.33276374259721e-54,"1","Elp2"
2.98291027482658e-62,0.454645344119148,0.052,0.104,6.24352949623951e-58,"1","Cep135"
3.08503275357449e-75,0.454261309046,0.085,0.16,6.45728205650676e-71,"1","Rassf8"
4.27280397961409e-74,0.453978646251666,0.129,0.227,8.94340600973024e-70,"1","Akap8"
7.82346778427051e-83,0.452843235053534,0.069,0.138,1.63753004192566e-78,"1","Mbd6"
1.8434890329046e-25,0.452631331666193,0.315,0.476,3.85860689477261e-21,"1","Nt5e"
1.96031320547397e-84,0.452357784886015,0.133,0.241,4.10313157037757e-80,"1","Zmym2"
1.11771443008725e-100,0.452225051801203,0.1,0.196,2.33948807361563e-96,"1","A930001M01Rik"
3.08669489483167e-66,0.450463073351827,0.206,0.343,6.46076108437217e-62,"1","Cdk11b"
7.97450169887678e-46,0.450205615198428,0.661,0.756,1.6691429505919e-41,"1","Ankrd12"
2.81322577572358e-76,0.449540431372842,0.091,0.169,5.88836287116702e-72,"1","Mapk1"
2.12511853823731e-87,0.448489475503298,0.138,0.25,4.44808561238451e-83,"1","Rc3h2"
4.80056962011385e-107,0.448294133486354,0.108,0.212,1.00480722718603e-102,"1","Hltf"
2.39534213651865e-75,0.448077592362336,0.148,0.258,5.01369062594718e-71,"1","Cnot6l"
1.1492024545027e-87,0.446327494490586,0.08,0.159,2.4053956575196e-83,"1","Ipo8"
2.26288077850614e-88,0.446296072740478,0.128,0.235,4.7364357574912e-84,"1","Fto"
2.66451498407183e-56,0.446117608683238,0.062,0.116,5.57709631316074e-52,"1","Pex7"
3.49733341369845e-63,0.446022712837874,0.257,0.422,7.32026856821223e-59,"1","Hnrnpr"
8.35523815586467e-69,0.445949292158182,0.057,0.114,1.74883489840403e-64,"1","Ngly1"
4.79279888131561e-25,0.445739291968128,0.31,0.46,1.00318073384817e-20,"1","Zranb1"
5.94696749829911e-20,0.444919659184954,0.353,0.528,1.24475976706899e-15,"1","Usp33"
1.49973859573623e-81,0.444305525987487,0.071,0.142,3.1391028547355e-77,"1","Hmg20a"
5.47552358712517e-98,0.442899587521943,0.108,0.208,1.14608184202117e-93,"1","Bub3"
2.01255267715085e-56,0.442880029235885,0.054,0.102,4.21247400854445e-52,"1","Srgap3"
8.7896315832117e-97,0.442796989101599,0.102,0.198,1.83975778668204e-92,"1","Rexo1"
1.20480081420985e-69,0.442644242646119,0.067,0.129,2.52176858422264e-65,"1","Dpf2"
3.94319677355484e-63,0.442516664596048,0.264,0.436,8.25350516672763e-59,"1","Uckl1"
1.36609589101284e-62,0.441948803433399,0.179,0.296,2.85937530947898e-58,"1","Zfp536"
9.26562206681696e-83,0.441567647569231,0.068,0.137,1.93938735480546e-78,"1","Galnt1"
5.81270113368493e-82,0.441392877677886,0.086,0.165,1.21665647429159e-77,"1","Fndc3a"
1.2040597076641e-95,0.441328552540764,0.057,0.126,2.52021737411173e-91,"1","Camkk2"
9.23269035788753e-77,0.440979253417645,0.13,0.23,1.93249441880944e-72,"1","Heg1"
1.75355992386921e-77,0.440892641392739,0.173,0.299,3.67037627665065e-73,"1","Cep250"
7.6218595857142e-79,0.440664421032994,0.057,0.119,1.59533142988584e-74,"1","Mterf3"
1.76474304862831e-93,0.440257372776618,0.166,0.3,3.69378367508392e-89,"1","Ctdspl2"
3.14738042330082e-65,0.439986529353324,0.049,0.101,6.58778196401095e-61,"1","Nbas"
1.15281040032948e-70,0.439820495940496,0.157,0.269,2.41294744892963e-66,"1","Rps6kb1"
1.86565781841483e-75,0.439620657024408,0.151,0.261,3.90500837972408e-71,"1","Setd2"
7.58099737884425e-36,0.438639599437695,0.291,0.451,1.58677856136589e-31,"1","Cul5"
8.3673586853057e-88,0.438413786682204,0.075,0.151,1.75137184642134e-83,"1","Sun1"
2.57627232458608e-66,0.43785946941378,0.089,0.161,5.39239560259112e-62,"1","Wdr27"
3.32087261606986e-64,0.43755402821389,0.049,0.1,6.95091847269583e-60,"1","Stx6"
8.80596506549135e-74,0.437504343599695,0.137,0.24,1.84317654785799e-69,"1","Pstk"
6.34628248042844e-69,0.437234211262797,0.055,0.111,1.32834038597848e-64,"1","Abraxas2"
1.43876895998153e-79,0.436013008165061,0.061,0.125,3.01148731013735e-75,"1","Lmbr1l"
2.96350935789274e-101,0.435552084987473,0.083,0.17,6.2029214370053e-97,"1","Syt14"
3.99457070405476e-62,0.434658649379045,0.055,0.108,8.36103594065702e-58,"1","Ubp1"
9.22877742934937e-106,0.433791413864967,0.077,0.162,1.93167540373712e-101,"1","Prpf18"
2.3843559391114e-82,0.43309879720522,0.169,0.294,4.99069541615407e-78,"1","Araf"
1.38931741633218e-90,0.432656776893417,0.123,0.227,2.9079802841249e-86,"1","Kdm5a"
1.07865906712854e-77,0.432359474392277,0.058,0.12,2.25774129340675e-73,"1","Arnt"
3.74339980427188e-83,0.43224936292141,0.125,0.227,7.83531013032148e-79,"1","Smg1"
9.62680171184396e-18,0.43173148219355,0.321,0.461,2.01498586630606e-13,"1","Nrip1"
4.01424775303989e-83,0.431379432702901,0.124,0.225,8.4022219718878e-79,"1","Strn3"
8.41113576730053e-76,0.43099258724766,0.074,0.144,1.76053482745367e-71,"1","Mnat1"
2.30669459947829e-65,0.430784796118738,0.055,0.108,4.828142466168e-61,"1","Ak2"
1.06391490141751e-85,0.43066837157022,0.076,0.151,2.226880280157e-81,"1","Ring1"
4.8555632839319e-82,0.430231978649311,0.104,0.193,1.01631795095979e-77,"1","Akap1"
1.04385996040404e-102,0.42989087593965,0.114,0.219,2.18490328312169e-98,"1","Slc38a2"
5.10013676817942e-84,0.429713034445886,0.064,0.132,1.06750962694764e-79,"1","Anapc1"
4.27977119252794e-73,0.429661328996908,0.11,0.196,8.95798908308023e-69,"1","Tmem60"
8.3705400625785e-86,0.428971075962289,0.101,0.19,1.75203774049831e-81,"1","Pnpla8"
5.50602817694595e-90,0.428634905118745,0.092,0.179,1.15246675771656e-85,"1","Zfp955b"
2.53357472452776e-63,0.428499091675552,0.213,0.351,5.30302525590906e-59,"1","Epb41l5"
4.47166907141649e-76,0.428462282032413,0.062,0.126,9.35965053338186e-72,"1","Dcaf1"
1.80789515551894e-55,0.428435739493628,0.252,0.409,3.7841053500167e-51,"1","Ttc8"
5.63584779972625e-102,0.427676324501207,0.108,0.211,1.1796393029607e-97,"1","Lpcat2"
4.55276245131275e-76,0.427313938401161,0.109,0.197,9.52938708684271e-72,"1","Rab5a"
1.31047956932206e-91,0.426611573520635,0.092,0.18,2.742964786548e-87,"1","Mtch2"
2.36143291393429e-88,0.426308837728879,0.09,0.174,4.94271523215587e-84,"1","Rnf20"
3.96661256970961e-78,0.426024921323045,0.15,0.261,8.30251676965919e-74,"1","Rasa2"
6.71657665948836e-89,0.425600611001177,0.06,0.128,1.40584666059751e-84,"1","Alms1"
1.48854265330605e-58,0.425521713071953,0.063,0.119,3.11566862763488e-54,"1","Kirrel"
2.44982944066233e-55,0.425327075227301,0.247,0.398,5.12773800225032e-51,"1","Kif21a"
7.54461431139569e-100,0.424846952379261,0.173,0.314,1.57916322151823e-95,"1","Ppef2"
2.80286486613479e-88,0.42412215005918,0.094,0.181,5.86667645130673e-84,"1","Kansl3"
5.27987318259777e-105,0.424026484148978,0.13,0.245,1.10513025584954e-100,"1","Jag1"
3.71420770652612e-15,0.423802220550211,0.379,0.56,7.77420815052981e-11,"1","Ahcyl1"
1.98064466239002e-81,0.423146510443707,0.202,0.351,4.14568734284855e-77,"1","Ate1"
1.77768304753713e-57,0.422943732441183,0.059,0.112,3.72086838679997e-53,"1","Dcun1d3"
5.4066841188887e-94,0.422758306044563,0.097,0.188,1.13167305292459e-89,"1","Exoc5"
1.60207757087246e-83,0.422371501336406,0.095,0.177,3.35330856359314e-79,"1","Pdcd4"
3.11476216077115e-75,0.422284173348883,0.047,0.101,6.51950867871009e-71,"1","Dcaf6"
4.09792938120912e-73,0.421994691284669,0.046,0.1,8.57737598780881e-69,"1","Setdb1"
4.01604583944821e-70,0.421468307586784,0.245,0.41,8.40598554654905e-66,"1","Lztfl1"
6.60797100277767e-94,0.421462141151508,0.078,0.158,1.3831144105914e-89,"1","Suco"
9.57220523975537e-87,0.421059373190136,0.072,0.146,2.0035582787332e-82,"1","Gpr107"
3.58043117920075e-37,0.420726112749581,0.314,0.489,7.4942005011851e-33,"1","Dlg4"
7.1534436399074e-79,0.420698651360048,0.13,0.231,1.49728728826902e-74,"1","Ppp1r12a"
1.16635820585437e-72,0.419905751638187,0.047,0.1,2.44130436067379e-68,"1","Ltn1"
8.52266715849695e-94,0.419133973705322,0.164,0.293,1.783879462945e-89,"1","Esf1"
6.58494042574731e-23,0.41904865961256,0.347,0.511,1.37829388051317e-18,"1","Pura"
4.35128519029791e-80,0.418994505526058,0.066,0.133,9.10767503181255e-76,"1","Wipi2"
7.13232723079906e-79,0.418797471713896,0.129,0.228,1.49286741267855e-74,"1","Acadvl"
3.56647634746541e-80,0.418188181796727,0.048,0.105,7.46499164287986e-76,"1","Naa16"
9.10986950789866e-78,0.417175707266967,0.174,0.298,1.90678678669827e-73,"1","Phip"
2.05095296176281e-79,0.417159629264383,0.068,0.136,4.29284964426574e-75,"1","Ap5m1"
1.86689340701954e-71,0.416349387633821,0.083,0.156,3.9075945902326e-67,"1","Lims1"
5.15857802079637e-64,0.416177632388359,0.05,0.102,1.07974196553289e-59,"1","Rpe"
6.04772146542041e-89,0.41522016462289,0.145,0.259,1.26584857992715e-84,"1","Tspyl4"
1.36042731869224e-95,0.415103020697738,0.183,0.327,2.84751042075473e-91,"1","Timm44"
2.59102118766134e-93,0.415023028903703,0.126,0.234,5.42326644789395e-89,"1","Arhgef12"
2.72218096072915e-78,0.41459276887295,0.091,0.171,5.69779696890218e-74,"1","Zbtb6"
3.22051891506984e-67,0.41421828012473,0.176,0.294,6.74086814113268e-63,"1","Plxna2"
6.1760388588789e-86,0.413476562044029,0.065,0.135,1.29270669355194e-81,"1","Atg4d"
7.35658735763997e-74,0.413013194373918,0.166,0.284,1.53980729982762e-69,"1","Cecr2"
1.99693446937854e-74,0.412992319620304,0.057,0.116,4.17978353785622e-70,"1","Tbck"
1.04865946187229e-75,0.412813366037818,0.118,0.211,2.1949491196449e-71,"1","Lrif1"
2.19117317689979e-84,0.412421850590455,0.219,0.377,4.58634457656895e-80,"1","Plch2"
6.40804640982252e-80,0.412143987563014,0.088,0.168,1.34126819403995e-75,"1","Bcat1"
4.41372958160847e-66,0.412012737300312,0.094,0.168,9.23837738726469e-62,"1","Agl"
5.99867978180815e-67,0.411963036835989,0.053,0.107,1.25558366513026e-62,"1","Nek4"
6.17931264806192e-62,0.411870261077469,0.054,0.105,1.29339193036584e-57,"1","Rab5b"
9.1263423176501e-91,0.411656701529649,0.163,0.291,1.91023471050734e-86,"1","Glb1l2"
5.00990113822287e-70,0.411444715696765,0.079,0.148,1.04862240724143e-65,"1","Znrf1"
6.0059684967186e-52,0.410545680489021,0.063,0.116,1.25710926604817e-47,"1","Casc4"
1.69438348342921e-72,0.410238600515742,0.05,0.105,3.54651406916567e-68,"1","Dnajc24"
9.56380150226617e-78,0.409874685456367,0.105,0.193,2.00179929243933e-73,"1","Shprh"
2.47958297361451e-75,0.409798507425584,0.059,0.121,5.19001512207253e-71,"1","Gpcpd1"
4.90660372490137e-64,0.409681970999686,0.05,0.101,1.0270012256591e-59,"1","Galnt4"
9.3232852273084e-72,0.408137859900254,0.164,0.28,1.95145683092792e-67,"1","Brwd1"
4.77166256326625e-87,0.407718242669751,0.141,0.254,9.98756691117258e-83,"1","Slk"
1.18154320705206e-128,0.407205347496151,0.135,0.269,2.47308808668066e-124,"1","Psd"
2.01325380654197e-88,0.407197143156301,0.074,0.149,4.21394154247301e-84,"1","Hexdc"
8.03956567319043e-110,0.407151478666787,0.105,0.209,1.68276149105549e-105,"1","Myef2"
1.08501911283147e-61,0.407116108418894,0.052,0.104,2.27105350506754e-57,"1","Rfx7"
3.96580250540595e-65,0.406271880212477,0.058,0.114,8.30082122406519e-61,"1","Rab21"
6.86684662976242e-101,0.405744685871469,0.111,0.214,1.43729966807557e-96,"1","Btbd9"
1.41768961503703e-83,0.405610481183947,0.049,0.109,2.96736613323401e-79,"1","Edrf1"
1.82672357087873e-81,0.405578424790748,0.102,0.188,3.82351510620627e-77,"1","Zfp869"
2.0655196026189e-99,0.405467595124762,0.142,0.263,4.32333908024163e-95,"1","Gon4l"
7.19157669659801e-89,0.4051925023953,0.078,0.157,1.50526891836493e-84,"1","Tsc22d2"
1.74412420346446e-60,0.405033460781073,0.167,0.274,3.65062637027146e-56,"1","Prpf38b"
1.29300159471699e-99,0.40455983910054,0.095,0.189,2.70638163790213e-95,"1","Iws1"
2.65946812154501e-66,0.404317066024827,0.052,0.104,5.56653272520586e-62,"1","Ankrd10"
2.61089657046801e-91,0.404221402137693,0.141,0.257,5.46486761164658e-87,"1","Col4a3bp"
7.21361585691849e-40,0.403663842358137,0.29,0.451,1.50988193501161e-35,"1","Camsap1"
9.17558328585334e-102,0.403379066580933,0.112,0.216,1.92054133756196e-97,"1","Dido1"
2.81955737051249e-94,0.402771821683372,0.103,0.198,5.90161553221969e-90,"1","Ehmt1"
8.46206021692212e-86,0.402245446703223,0.067,0.138,1.77119382400397e-81,"1","Nom1"
5.08214077407329e-83,0.40204017960937,0.047,0.104,1.06374288542128e-78,"1","Cxxc1"
1.40805369577491e-53,0.401575597087814,0.237,0.38,2.94719719062646e-49,"1","Ranbp2"
3.79209659807895e-96,0.401524290750607,0.071,0.149,7.93723738943904e-92,"1","Sik3"
1.6492783165791e-87,0.401221261710237,0.055,0.119,3.45210444443172e-83,"1","Capn15"
6.18363470718286e-82,0.400719318043965,0.058,0.121,1.29429658056044e-77,"1","Aifm1"
2.104918922506e-100,0.400512448955059,0.085,0.173,4.4058057966973e-96,"1","Cluap1"
1.39691551534628e-91,0.400068636250572,0.125,0.231,2.92388386517131e-87,"1","Tjp2"
2.97525924287863e-78,0.399680547324816,0.075,0.146,6.22751512126927e-74,"1","Ppp2r2d"
1.22709044012442e-20,0.399591213681064,0.367,0.552,2.56842300022441e-16,"1","Fus"
6.38716058365835e-58,0.399576881763477,0.235,0.382,1.33689658176553e-53,"1","Rapgef5"
1.14639124728979e-99,0.399466546610259,0.128,0.241,2.39951151970226e-95,"1","Atxn2"
4.681643712756e-87,0.399079983292873,0.081,0.16,9.79914845516959e-83,"1","Virma"
3.19103796824783e-75,0.398745139441112,0.051,0.107,6.67916157133953e-71,"1","Phf21b"
3.03731604570821e-59,0.398323117785567,0.243,0.389,6.35740621527185e-55,"1","Rbbp6"
1.43158924316293e-100,0.39739747775929,0.109,0.211,2.99645944486434e-96,"1","Trps1"
2.44930663459695e-74,0.397330823650831,0.131,0.212,5.12664371687487e-70,"1","Jun"
8.79898426726119e-69,0.39729426336816,0.053,0.108,1.84171539698044e-64,"1","Dennd1b"
2.97356813960715e-89,0.39699335446218,0.078,0.156,6.22397547301172e-85,"1","Morc3"
1.34025755776762e-82,0.39656068758845,0.115,0.211,2.80529309416341e-78,"1","Chd1"
2.50855158968704e-72,0.396186235385109,0.197,0.329,5.25064933237394e-68,"1","Bod1l"
3.48916085992875e-100,0.396170407076274,0.079,0.164,7.30316259591687e-96,"1","Ap2b1"
2.07457149255697e-78,0.395688518458791,0.177,0.307,4.342285591071e-74,"1","4931406P16Rik"
1.92513185354702e-94,0.395500058224393,0.069,0.144,4.02949348265926e-90,"1","Dguok"
1.54369882662084e-83,0.394783784654789,0.168,0.293,3.23111601400008e-79,"1","Herc1"
1.43695654896398e-95,0.394607248023584,0.053,0.119,3.0076937526365e-91,"1","Vps13d"
1.89028702006691e-87,0.394358741269442,0.067,0.138,3.95655976170204e-83,"1","Med25"
4.01241242930423e-102,0.394002214897109,0.107,0.209,8.39838045577668e-98,"1","Ep400"
3.37094532768758e-106,0.393947669854388,0.176,0.322,7.05572566538288e-102,"1","Ufsp2"
1.72990970267221e-18,0.393848072890129,0.369,0.548,3.62087399866321e-14,"1","Fryl"
5.37360089350173e-70,0.393633338181369,0.236,0.395,1.12474840301885e-65,"1","Pcm1"
9.13156969317537e-82,0.392903148161775,0.074,0.146,1.91132885247854e-77,"1","Ptpra"
2.99571662317395e-98,0.392633363660421,0.133,0.248,6.2703344639654e-94,"1","Ppp2r3a"
2.9811232500842e-40,0.392570672385005,0.308,0.482,6.23978907475124e-36,"1","Gramd1b"
3.68183354089219e-94,0.392549606866974,0.14,0.257,7.70644578444145e-90,"1","Ago2"
1.01273081105667e-63,0.392446369596389,0.199,0.326,2.11974686062272e-59,"1","Synrg"
2.2771942395378e-23,0.392244378729263,0.339,0.492,4.76639526277656e-19,"1","Atrx"
5.89956690731999e-100,0.391573164478979,0.113,0.216,1.23483834937115e-95,"1","Herc2"
1.53806472629109e-70,0.391185831293167,0.059,0.118,3.21932327859989e-66,"1","Iqcg"
1.6271544064255e-73,0.390932407794371,0.055,0.113,3.40579688808922e-69,"1","Osbpl9"
2.50899336697124e-61,0.389935630371116,0.056,0.108,5.2515740164075e-57,"1","Nckap1"
6.29938729358931e-67,0.389668140170365,0.048,0.1,1.31852475442118e-62,"1","Tmem199"
2.82578461891373e-106,0.389502699220838,0.094,0.189,5.91464978584834e-102,"1","Dgkd"
4.39202836611648e-77,0.389052661503892,0.171,0.294,9.1929545731184e-73,"1","Senp6"
9.38894097042866e-38,0.388989049157409,0.329,0.511,1.96519923452042e-33,"1","Gls"
7.42513859455589e-114,0.388836396440124,0.1,0.202,1.55415575922649e-109,"1","Actn4"
1.59638185269937e-103,0.388190093334134,0.1,0.198,3.34138685588505e-99,"1","Psmd9"
1.24651935733292e-121,0.387910655796011,0.094,0.196,2.60908966683353e-117,"1","Wdr70"
6.5836014864115e-52,0.387840676798857,0.289,0.464,1.37801362712079e-47,"1","Map7"
1.04492994251136e-96,0.387403563450434,0.081,0.165,2.18714286267052e-92,"1","Tmem135"
6.26068834255167e-87,0.387102346262055,0.055,0.12,1.31042467697949e-82,"1","Trappc11"
2.56268381007344e-11,0.387024119656372,0.379,0.529,5.36395348286472e-07,"1","Kmt2a"
5.92365762653973e-83,0.387007244781818,0.071,0.143,1.23988077781103e-78,"1","Ppp2r5a"
1.83166145246985e-94,0.386927239301753,0.12,0.225,3.83385058616465e-90,"1","Slc44a1"
2.43778463689099e-109,0.386354702387995,0.091,0.186,5.10252702347653e-105,"1","Mrps5"
2.10807242657845e-106,0.386118832522759,0.112,0.219,4.41240639607136e-102,"1","Naa35"
2.52008413060251e-67,0.386052925642829,0.07,0.131,5.27478809376411e-63,"1","Rab24"
1.26360019610702e-92,0.385912155203363,0.122,0.228,2.64484157047161e-88,"1","Rbm6"
5.48283408723718e-108,0.385713954969622,0.103,0.205,1.14761200279962e-103,"1","9930021J03Rik"
9.09098525474129e-149,0.385489831224806,0.889,0.942,1.9028341236699e-144,"1","Ddx5"
4.00783289996687e-76,0.38511940888516,0.186,0.318,8.38879504292065e-72,"1","Csnk1g1"
2.50781837656754e-101,0.385088995740164,0.142,0.265,5.24911464399352e-97,"1","Ubr3"
9.67244087235772e-61,0.384465631690581,0.257,0.416,2.02453859899319e-56,"1","Ube3a"
8.87618736351496e-78,0.384425256784255,0.059,0.122,1.85787477705732e-73,"1","Cnst"
1.231135641524e-90,0.384275441881754,0.078,0.157,2.57689001127388e-86,"1","Eid2b"
3.59707008781554e-70,0.384159517295136,0.752,0.863,7.52902740080671e-66,"1","Epb41l2"
4.26749499997198e-78,0.383998253366036,0.148,0.256,8.93229378444135e-74,"1","Hirip3"
2.50478859462066e-89,0.383830963068966,0.155,0.277,5.24277300740051e-85,"1","Zmynd11"
8.25764421948248e-88,0.383740151031614,0.107,0.201,1.72840751157988e-83,"1","Fam222a"
4.89429670878288e-39,0.383414946285485,0.327,0.514,1.02442524411534e-34,"1","Man2a2"
1.84307913762062e-92,0.383190328376774,0.138,0.252,3.85774894295372e-88,"1","Gatad2b"
1.71435401727916e-59,0.382509078718135,0.053,0.102,3.58831439356702e-55,"1","Mterf4"
1.30505634491113e-73,0.382363487207093,0.047,0.1,2.73161343553349e-69,"1","Yju2"
6.42453707134429e-80,0.381950318461887,0.07,0.139,1.34471985440307e-75,"1","Zdhhc21"
8.78439229061103e-118,0.381885096145231,0.084,0.179,1.8386611503478e-113,"1","Mast2"
3.65832294442144e-94,0.38184623770215,0.112,0.212,7.65723575496851e-90,"1","Taf1"
1.26861437671251e-74,0.381600898952815,0.055,0.114,2.65533675189695e-70,"1","Parp2"
9.99895435890285e-81,0.380607049060546,0.077,0.149,2.09288113686196e-76,"1","Zscan29"
6.67745384529455e-52,0.380275815410631,0.277,0.44,1.3976578643586e-47,"1","Slc31a2"
4.56806658705308e-84,0.378253857982057,0.078,0.154,9.56142017336079e-80,"1","Tmtc3"
2.08298234871545e-87,0.37768447261919,0.046,0.105,4.3598903540963e-83,"1","Dnajc11"
4.07241180372963e-93,0.377630049224897,0.143,0.26,8.52396514638649e-89,"1","Kdm3b"
7.53159992903501e-72,0.377598604935455,0.093,0.165,1.57643918114632e-67,"1","Celf4"
1.46087332744997e-105,0.377592065909622,0.19,0.343,3.05775396168553e-101,"1","Agtpbp1"
1.51890387456611e-98,0.377453684386277,0.098,0.193,3.17921769985432e-94,"1","Gulp1"
1.46523870906754e-93,0.377399054673774,0.118,0.221,3.06689114194928e-89,"1","Clasp2"
9.1861895563337e-99,0.376598568863092,0.088,0.176,1.92276133603621e-94,"1","Sirt3"
4.19732512858547e-92,0.37649729220107,0.104,0.199,8.78542122664225e-88,"1","Epc2"
2.34683710306318e-94,0.376425656953277,0.084,0.165,4.91216474042155e-90,"1","Rogdi"
7.87914071507947e-92,0.376417260012004,0.133,0.243,1.64918294307328e-87,"1","Dicer1"
1.596093522061e-82,0.376016908083075,0.225,0.386,3.34078335102588e-78,"1","Ilf2"
1.37649027532682e-31,0.375801485727218,0.663,0.804,2.88113179528656e-27,"1","Kif1b"
3.45502623286786e-106,0.375504986419518,0.082,0.171,7.23171540801572e-102,"1","Mbtps1"
5.48386468945003e-79,0.374725767528882,0.167,0.289,1.14782771814879e-74,"1","Ep300"
2.163079111904e-93,0.374549824599241,0.064,0.136,4.52754088912626e-89,"1","Rbpj"
2.74317013788619e-96,0.374542656105319,0.068,0.144,5.74172941560958e-92,"1","Rbl2"
5.22423682337149e-91,0.373970246150673,0.105,0.197,1.09348500949989e-86,"1","Gm50240"
3.67846529456155e-107,0.373923608284149,0.116,0.226,7.69939570804679e-103,"1","Sugp2"
4.52700761558025e-93,0.373487003923886,0.103,0.198,9.47547964017102e-89,"1","Usp16"
1.80524550250306e-55,0.373451502016368,0.242,0.388,3.77855936128915e-51,"1","Trim2"
2.0849513624726e-73,0.373445142860314,0.05,0.105,4.3640116967914e-69,"1","Tbc1d14"
3.52154644546082e-59,0.373358719956461,0.07,0.128,7.37094886499404e-55,"1","Dhdh"
1.32480320220154e-100,0.373180893111718,0.085,0.173,2.77294558252805e-96,"1","Mtf2"
1.78152203490131e-91,0.372967069469437,0.071,0.147,3.72890377125193e-87,"1","Lamtor3"
9.71189452099305e-84,0.371790587719081,0.166,0.29,2.03279664218906e-79,"1","Celf1"
2.17337256047484e-79,0.37124875258801,0.053,0.113,4.54908610632988e-75,"1","Zfp655"
2.66341951632079e-110,0.371169449056465,0.088,0.181,5.57480338961105e-106,"1","Eif4g1"
1.80164455996898e-81,0.370324050105646,0.265,0.451,3.77102222847106e-77,"1","Tcf25"
2.58483111075888e-65,0.370205599624071,0.049,0.1,5.41030999792942e-61,"1","Tsc1"
4.83100456622871e-76,0.369098136479466,0.098,0.179,1.01117756575733e-71,"1","Stom"
1.18184144027276e-61,0.368937520693744,0.079,0.142,2.47371231863492e-57,"1","Gm9918"
1.82168716812948e-63,0.36849761416433,0.055,0.108,3.81297341161181e-59,"1","Sall2"
6.51241235603999e-99,0.367975703436275,0.071,0.15,1.36311303024273e-94,"1","Lyrm9"
6.80386164939404e-96,0.367284924032944,0.166,0.3,1.42411628183467e-91,"1","Pcf11"
2.18192456269134e-91,0.366269177854264,0.078,0.157,4.56698630216924e-87,"1","Pip5k1a"
2.71803183863589e-85,0.366153356281447,0.111,0.204,5.68911244144878e-81,"1","Zfp386"
8.5205748318485e-114,0.365904536198837,0.103,0.209,1.78344151805421e-109,"1","Arid2"
3.06217826434926e-86,0.365888680328642,0.067,0.138,6.40944532510944e-82,"1","Kdm3a"
2.43477650269008e-14,0.364317763116996,0.388,0.56,5.0962306977806e-10,"1","Hook3"
7.24716992705698e-75,0.36421724382379,0.082,0.149,1.5169051374323e-70,"1","Fam173a"
2.96347444093264e-109,0.36404380156756,0.109,0.216,6.20284835231611e-105,"1","Ttc5"
9.96760191647132e-103,0.363813587878077,0.093,0.187,2.08631875713661e-98,"1","Mib1"
5.59653127951664e-119,0.363248366350025,0.11,0.222,1.17140996211563e-114,"1","Ddx23"
9.4202112304165e-85,0.363123656834416,0.048,0.107,1.97174441263848e-80,"1","Utp14a"
1.8325153286769e-97,0.363107615007893,0.084,0.17,3.83563783445362e-93,"1","Sbf2"
2.0444451412606e-69,0.362843106283388,0.068,0.131,4.27922812517256e-65,"1","Tmem165"
2.18080963938363e-98,0.36264680341736,0.106,0.205,4.56465265619387e-94,"1","Dot1l"
9.3357934849091e-85,0.362598375268514,0.068,0.138,1.95407493432632e-80,"1","Vps4b"
2.56295066597069e-96,0.36037035281851,0.167,0.302,5.36451203894324e-92,"1","Pias1"
2.62530756361554e-53,0.360006113613315,0.056,0.104,5.49503126140368e-49,"1","Taf5"
2.69235257957499e-92,0.359873756696851,0.062,0.133,5.63536318430841e-88,"1","Por"
1.26920034792883e-75,0.359224335958572,0.065,0.124,2.65656324824982e-71,"1","Mcts2"
1.0439956323495e-109,0.359181284704226,0.114,0.224,2.18518725807074e-105,"1","Rbmx"
1.38748786776705e-78,0.359125559015356,0.069,0.138,2.90415085602321e-74,"1","Zfp81"
3.48369551852048e-77,0.358910354479248,0.063,0.128,7.29172308981521e-73,"1","Rnf216"
2.78432787983718e-92,0.35886553141415,0.063,0.133,5.8278766852872e-88,"1","Eftud2"
3.07640319856211e-92,0.358527666351051,0.073,0.15,6.43921953491036e-88,"1","Zfp740"
1.04831089083668e-107,0.358476201133499,0.107,0.212,2.19421952561026e-103,"1","Lyst"
5.05920151161182e-50,0.357888815322648,0.296,0.471,1.05894146839547e-45,"1","Klhl18"
2.64156118288588e-98,0.357317862326264,0.085,0.172,5.52905171189843e-94,"1","Dlg1"
9.27052910487026e-102,0.357169343475981,0.125,0.235,1.9404144469404e-97,"1","Oga"
1.94013490510082e-75,0.356858320175706,0.123,0.217,4.06089636986652e-71,"1","Snta1"
5.97845771396396e-82,0.356591762936481,0.058,0.122,1.2513509841098e-77,"1","Kansl2"
3.19321924188039e-76,0.356555614430303,0.084,0.158,6.68372719517985e-72,"1","Zfp318"
8.62309025275829e-99,0.356010640119919,0.171,0.31,1.80489902080484e-94,"1","Esco1"
1.60179148965244e-72,0.355987411391761,0.051,0.107,3.35270976699152e-68,"1","Chm"
1.50786227052311e-89,0.355484986309106,0.176,0.311,3.15610651843192e-85,"1","Tbc1d24"
1.06146696849466e-87,0.355466494532606,0.085,0.166,2.22175651175616e-83,"1","Msl2"
1.7582551016621e-93,0.355356101245289,0.044,0.103,3.68020375328895e-89,"1","Haus8"
2.57814801257388e-80,0.355252218230998,0.167,0.29,5.39632160511838e-76,"1","Epc1"
8.09358910877337e-76,0.355013479749208,0.246,0.415,1.69406913635735e-71,"1","Dmxl2"
3.64750272930827e-94,0.354278182324014,0.138,0.253,7.63458796271514e-90,"1","Smc5"
1.06644347615541e-72,0.35397265538979,0.216,0.361,2.23217283994088e-68,"1","Ccar1"
1.89451131864455e-100,0.35396594289099,0.131,0.245,3.96540164105491e-96,"1","Rsf1"
6.16938235790411e-50,0.3538649605111,0.306,0.486,1.29131342133291e-45,"1","Ctbp2"
1.60935635003574e-69,0.353491593836994,0.078,0.146,3.3685437762598e-65,"1","Mcl1"
2.40921779667888e-107,0.353195168096808,0.127,0.243,5.04273377022856e-103,"1","Wdfy3"
2.74355423611605e-115,0.351841523880197,0.185,0.342,5.7425333716145e-111,"1","Huwe1"
1.64423087159529e-87,0.351037033399816,0.12,0.22,3.44153963733611e-83,"1","Camta2"
6.62877937434698e-96,0.350951985245069,0.069,0.145,1.38746981084457e-91,"1","Ankrd13c"
1.55914190070303e-76,0.350907518235773,0.227,0.384,3.26343991236151e-72,"1","Lca5"
2.03750518266735e-108,0.350490871148215,0.121,0.233,4.26470209784104e-104,"1","Naa15"
4.07008083308019e-82,0.349877804551868,0.053,0.114,8.51908619172014e-78,"1","Tmx3"
8.1620716380326e-64,0.348910942988664,0.056,0.11,1.7084032145566e-59,"1","Fam78b"
4.1357900173043e-98,0.348714346155146,0.074,0.153,8.65662208521964e-94,"1","Gtf3c1"
4.43587074049336e-124,0.348361585749004,0.146,0.283,9.28472104692666e-120,"1","Ensa"
8.52078745608211e-68,0.348264016504802,0.053,0.108,1.78348602243255e-63,"1","Ppp1r13b"
2.05842928108462e-85,0.348197256220559,0.077,0.153,4.30849832823821e-81,"1","Fam229b"
2.8574092448003e-69,0.34818559479571,0.252,0.42,5.98084329029151e-65,"1","Dpf3"
8.50705719815235e-74,0.347656326900736,0.056,0.114,1.78061214214527e-69,"1","Tlk1"
5.90010124521609e-103,0.347599638616884,0.065,0.141,1.23495019163618e-98,"1","Ppt1"
7.64692894395333e-80,0.347346860886717,0.051,0.108,1.60057869725887e-75,"1","Zfp263"
1.23614018809867e-106,0.347151416408697,0.071,0.153,2.58736502770933e-102,"1","R3hcc1l"
6.87843022142455e-101,0.347121012307957,0.068,0.146,1.43972422964637e-96,"1","Lias"
1.39937123503309e-101,0.347036538196243,0.059,0.131,2.92902393204777e-97,"1","Enkd1"
4.931185696592e-70,0.346774335999235,0.049,0.103,1.03214647815367e-65,"1","Pyroxd1"
1.25130540961911e-104,0.346431486525322,0.087,0.178,2.61910735287376e-100,"1","Lrpprc"
2.04458886614633e-108,0.346300386770109,0.084,0.175,4.27952895573088e-104,"1","Dlat"
1.32172529191605e-119,0.346175544017598,0.083,0.179,2.76650320850948e-115,"1","Myo9a"
7.06260161782463e-118,0.346167045715884,0.064,0.146,1.47827314462687e-113,"1","Unc45a"
6.1699668661123e-90,0.34613640832264,0.071,0.146,1.29143576474597e-85,"1","Smarcd1"
2.83806111342031e-21,0.34609825442037,0.388,0.575,5.94034571650005e-17,"1","Baz2b"
2.0131644729085e-108,0.346051712952336,0.1,0.2,4.21375455824478e-104,"1","Srpk1"
6.96376719747171e-99,0.345811580686653,0.058,0.128,1.4575861121028e-94,"1","2700062C07Rik"
7.8171812543259e-71,0.345279196438881,0.253,0.422,1.63621420834295e-66,"1","4932438A13Rik"
5.59769427784915e-92,0.344986033934386,0.176,0.312,1.1716533892966e-87,"1","Ncoa2"
2.50515786460591e-116,0.34493156821692,0.125,0.245,5.24354592640663e-112,"1","Ankhd1"
2.50911186526403e-111,0.344880960360235,0.07,0.153,5.25182204518414e-107,"1","Insr"
1.06627179582221e-120,0.344699721661413,0.174,0.329,2.23181349583547e-116,"1","Hmgcr"
5.54143595546684e-119,0.344617260489504,0.095,0.197,1.15987795983876e-114,"1","Rab3gap1"
9.50364116841408e-81,0.344128958167352,0.054,0.115,1.98920713296075e-76,"1","Rfx3"
2.61687050705246e-82,0.344062432395582,0.206,0.353,5.47737165831151e-78,"1","AW549877"
4.67541481848626e-89,0.34394906613783,0.176,0.31,9.78611075657359e-85,"1","Mga"
7.55978119752801e-83,0.343947281900825,0.224,0.384,1.58233780245459e-78,"1","Cuedc1"
1.18339234851123e-105,0.343699148877481,0.079,0.166,2.47695852466886e-101,"1","Rnf170"
2.36478300623167e-113,0.343319243139835,0.141,0.267,4.94972731034352e-109,"1","Ubr5"
9.98658121102093e-109,0.343084318933315,0.115,0.224,2.09029131327879e-104,"1","Fance"
8.62864629905061e-87,0.34274065850534,0.061,0.128,1.80606195685428e-82,"1","Crbn"
2.35014660326309e-78,0.342037843526147,0.047,0.103,4.91909185528998e-74,"1","Trim41"
5.39842454601334e-108,0.341942099075784,0.048,0.115,1.12994424172605e-103,"1","Faah"
2.64569031060687e-116,0.341924351903663,0.062,0.142,5.53769438913125e-112,"1","Oxr1"
4.76929020850165e-98,0.341172134254782,0.059,0.13,9.9826013354148e-94,"1","Bms1"
8.23138710452798e-100,0.340846781583292,0.084,0.171,1.72291163484875e-95,"1","Med1"
8.47312016996041e-79,0.340838486802761,0.048,0.105,1.77350878277441e-74,"1","Tctn2"
1.73933785247667e-89,0.340783679503942,0.078,0.156,3.64060805901891e-85,"1","Tef"
6.24710360391249e-111,0.340757143041662,0.058,0.134,1.30758125533492e-106,"1","Numa1"
4.15677370073602e-74,0.340691432143366,0.052,0.108,8.70054303301057e-70,"1","Nfatc3"
7.18252534732713e-97,0.340570678084044,0.073,0.15,1.50337438044904e-92,"1","Mtss1"
1.53881982854416e-82,0.340219415752351,0.066,0.134,3.22090378312579e-78,"1","Spast"
7.97828652451496e-105,0.340168946762972,0.078,0.163,1.66993515244623e-100,"1","Stk11"
3.2037988718693e-112,0.339995960964353,0.146,0.275,6.70587141870962e-108,"1","Ivns1abp"
3.61269784905266e-68,0.339870526518832,0.048,0.1,7.56173786785212e-64,"1","Chp1"
1.08002340976615e-101,0.339693552055757,0.086,0.174,2.26059699898154e-97,"1","Zfyve28"
1.06165559356896e-105,0.339692588897767,0.052,0.121,2.2221513228992e-101,"1","Fibp"
4.9690847821411e-105,0.339318539697306,0.072,0.154,1.04007913574995e-100,"1","Tasor2"
1.71983078793651e-75,0.33896569945376,0.067,0.133,3.59977782222991e-71,"1","Chic2"
1.47500487508798e-95,0.338415634647573,0.141,0.259,3.08733270404665e-91,"1","Rif1"
3.72901821585248e-88,0.337432025078345,0.064,0.134,7.80520802760082e-84,"1","Pcnx"
1.10623996372761e-88,0.337413083991976,0.183,0.32,2.31547086807826e-84,"1","Ssx2ip"
3.79702238477393e-62,0.337204941794605,0.15,0.248,7.94754755357031e-58,"1","Insm1"
1.01252828042213e-136,0.337116235526815,0.099,0.211,2.11932294375155e-132,"1","Dhps"
2.79382284017311e-114,0.33710159473079,0.123,0.241,5.84775058676635e-110,"1","Kank1"
1.56663322080989e-76,0.336939010513465,0.056,0.116,3.27911999447718e-72,"1","Pttg1ip"
6.03673591678255e-94,0.336762020426306,0.216,0.381,1.26354919474176e-89,"1","Wdr47"
6.06480490760927e-120,0.33592151456381,0.103,0.211,1.2694243152117e-115,"1","Ddx18"
5.32310239586638e-97,0.335500460214908,0.157,0.285,1.11417856247879e-92,"1","Bmpr1a"
5.69396864295699e-78,0.335466466283548,0.203,0.345,1.19180457665733e-73,"1","Armc1"
1.31327140133719e-75,0.335338999713444,0.047,0.102,2.74880837013888e-71,"1","Myrip"
6.14963830055292e-107,0.333845142396786,0.115,0.223,1.28718079268873e-102,"1","Ggnbp2"
1.66285697430724e-42,0.333697771897411,0.322,0.504,3.48052593292249e-38,"1","Sf3b1"
2.49562376232727e-106,0.333535275117054,0.074,0.157,5.22359009692721e-102,"1","Abca5"
2.56937641908028e-55,0.333357458711835,0.284,0.453,5.37796178277694e-51,"1","Nfic"
8.08378409288806e-78,0.333198981119107,0.219,0.367,1.6920168484824e-73,"1","Gpm6b"
3.33909118836874e-113,0.332809009540294,0.092,0.19,6.98905176637462e-109,"1","Tbc1d23"
3.78046064332094e-81,0.332546131293969,0.074,0.147,7.91288217253506e-77,"1","Csnk2a2"
2.44381592456103e-52,0.332340895388412,0.304,0.482,5.1151511116987e-48,"1","Macf1"
9.37367710907453e-112,0.332057256968829,0.103,0.208,1.96200435570039e-107,"1","Mtif2"
4.30172984433753e-109,0.332040575041112,0.099,0.199,9.00395073718287e-105,"1","Farsa"
7.51086471820812e-95,0.331623548016084,0.171,0.306,1.57209909416814e-90,"1","March7"
4.81890376126585e-76,0.329746790955221,0.056,0.114,1.00864474627055e-71,"1","Shld1"
1.99272800051211e-104,0.329490313041102,0.115,0.222,4.17097897787189e-100,"1","Nop56"
2.44567076287392e-113,0.328296904447711,0.111,0.22,5.11903347377141e-109,"1","Med31"
4.27338843361224e-120,0.327652402778208,0.139,0.269,8.94462933039378e-116,"1","Pde8b"
2.21698169450306e-85,0.327390094140019,0.072,0.144,4.64036438476435e-81,"1","Tmem245"
1.67385048464168e-19,0.327294997844806,0.657,0.807,3.5035364494035e-15,"1","Rbm39"
7.39759949348825e-71,0.327102855750155,0.265,0.439,1.54839154998202e-66,"1","Ppm1n"
6.54494239070797e-113,0.327091716654099,0.089,0.184,1.36992189179909e-108,"1","Trappc9"
3.02177819260783e-86,0.32648722416459,0.25,0.429,6.32488393494744e-82,"1","Bin1"
2.82394816446487e-76,0.326260550672795,0.048,0.104,5.91080590304142e-72,"1","Dyrk1b"
7.67122426415511e-95,0.326099685047869,0.074,0.152,1.60566395073031e-90,"1","Katnbl1"
2.38525712181182e-106,0.325891591249954,0.136,0.257,4.99258168166433e-102,"1","Creb1"
1.05154044767124e-121,0.325828474832005,0.117,0.234,2.20097931102067e-117,"1","Mtrex"
6.27440269603736e-21,0.324471974507596,0.686,0.852,1.31329522830758e-16,"1","Rdh12"
3.29678222868432e-80,0.324453186230901,0.05,0.107,6.90049488285915e-76,"1","Sharpin"
5.40330833978076e-81,0.324201437830173,0.044,0.1,1.13096646859951e-76,"1","Ints10"
2.3810458393775e-105,0.323848067935234,0.133,0.251,4.98376704640104e-101,"1","Slco4a1"
6.28939328003999e-84,0.323537933294433,0.058,0.123,1.31643290744517e-79,"1","Adipor2"
6.78729119780079e-61,0.323518074918458,0.051,0.101,1.42064792061168e-56,"1","Osbp"
1.97041325257649e-101,0.322818125648281,0.076,0.159,4.12427197896784e-97,"1","Abi1"
3.8962465070479e-42,0.322628469029185,0.314,0.474,8.15523356390195e-38,"1","Mef2c"
1.17078208287392e-73,0.321953762848322,0.082,0.155,2.4505639776634e-69,"1","Fam122a"
1.50597963740205e-108,0.321775298150719,0.085,0.176,3.15216597904624e-104,"1","Mllt3"
1.77038517054524e-66,0.321469073732249,0.057,0.113,3.70559320046824e-62,"1","Csnk1g3"
1.20727891801159e-102,0.321290856916689,0.081,0.168,2.52695550329007e-98,"1","Sesn1"
3.88959987988207e-94,0.321077343183005,0.06,0.13,8.14132150858117e-90,"1","Cwc27"
3.78008216108722e-107,0.320863227360861,0.102,0.202,7.91208997137166e-103,"1","Mcf2l"
1.4573945614288e-91,0.320668886610759,0.044,0.103,3.05047255652662e-87,"1","Grb10"
3.71471138990771e-91,0.3202735354068,0.061,0.13,7.77526241021582e-87,"1","Kmt5c"
1.59625751814979e-86,0.320186694268912,0.046,0.105,3.34112661123932e-82,"1","Brpf1"
2.88401574957065e-122,0.319943534767892,0.047,0.119,6.03653336542633e-118,"1","Pde8a"
2.77644513247298e-96,0.319664015452945,0.048,0.111,5.81137730677919e-92,"1","Lsg1"
6.29094529278459e-82,0.319628049547057,0.112,0.203,1.31675775923274e-77,"1","Ddx3y"
1.98810195198241e-87,0.319347051585415,0.062,0.13,4.16129619569437e-83,"1","E130308A19Rik"
2.5875483344845e-86,0.318859015275451,0.171,0.299,5.4159974189095e-82,"1","Gspt1"
5.27355265337315e-45,0.317231574247796,0.313,0.49,1.10380730587753e-40,"1","Kmt2c"
7.29881163219235e-96,0.316806518198922,0.058,0.126,1.52771426273418e-91,"1","Wdr37"
6.79193887832418e-109,0.316648126212947,0.046,0.113,1.42162072662203e-104,"1","Phf1"
3.96882097835793e-68,0.315956740232263,0.054,0.108,8.30713918980098e-64,"1","Timm21"
5.12443603296173e-99,0.315810528569404,0.065,0.139,1.07259570605922e-94,"1","Nipa2"
8.19539587922782e-111,0.315772732150843,0.139,0.263,1.71537831148118e-106,"1","Hadhb"
1.05088674161687e-125,0.314839183086228,0.124,0.248,2.19961103887827e-121,"1","Bace1"
2.01425208941607e-110,0.314527578700429,0.068,0.148,4.21603104835677e-106,"1","Rxylt1"
2.84929694473537e-89,0.313844338804399,0.072,0.147,5.9638634350256e-85,"1","Dph6"
9.45831054571623e-131,0.312692186021525,0.111,0.227,1.97971898032386e-126,"1","Ssbp4"
4.22883384969073e-90,0.312180052352108,0.08,0.159,8.85137213078767e-86,"1","Brd7"
9.35154616733675e-111,0.311739899402159,0.075,0.161,1.95737212828525e-106,"1","Mark2"
4.89872203599128e-103,0.311679847942617,0.093,0.187,1.02535150935333e-98,"1","Daam1"
5.4898629239529e-79,0.3114860230013,0.048,0.104,1.14908320861258e-74,"1","Pex19"
3.84663333634646e-82,0.311219532343477,0.169,0.293,8.05138823630677e-78,"1","Zc3h13"
1.68776790124794e-121,0.311009397634171,0.099,0.206,3.53266699410206e-117,"1","Trrap"
5.1890959605834e-108,0.310774377373433,0.168,0.309,1.08612967550971e-103,"1","Luc7l"
1.40775447436556e-108,0.310447782789931,0.079,0.167,2.94657089029455e-104,"1","Zfp770"
6.66617474774772e-136,0.308718498357934,0.139,0.277,1.39529703645108e-131,"1","Fhod3"
9.93868136476896e-106,0.308262390361063,0.074,0.157,2.08026539645979e-101,"1","Dhx8"
1.33897460306254e-102,0.308232558641744,0.186,0.334,2.80260774167021e-98,"1","Prpf40a"
7.03355363351454e-87,0.307633842506988,0.05,0.11,1.47219311103093e-82,"1","Ralgapb"
6.1864723042256e-98,0.307508864499526,0.088,0.176,1.29489051799746e-93,"1","Zfp451"
4.79241308731117e-111,0.306988613799294,0.167,0.31,1.0030999833051e-106,"1","Slc25a25"
2.51195654186435e-124,0.30665635747491,0.178,0.325,5.25777623777628e-120,"1","Map4"
5.4792275267502e-100,0.305945357069421,0.074,0.155,1.14685711362408e-95,"1","Crb2"
6.78545724819645e-116,0.305540077430702,0.104,0.21,1.42026405662e-111,"1","Dync1li2"
3.41434073155209e-120,0.304938909972763,0.071,0.158,7.14655658521169e-116,"1","Rbm15"
2.79828769203294e-94,0.304912728299385,0.059,0.128,5.85709596819414e-90,"1","Gm37494"
2.86656184048299e-100,0.30490776501408,0.054,0.122,6.00000058831494e-96,"1","Pank4"
1.5551790534899e-112,0.304595961070727,0.179,0.328,3.2551452768597e-108,"1","Bhlhe41"
7.93388816055523e-107,0.304322320178397,0.09,0.182,1.66064213088582e-102,"1","Micu3"
6.30297336312169e-134,0.304168539674845,0.154,0.303,1.319275354635e-129,"1","Mecp2"
3.05428956017189e-72,0.304101843127378,0.047,0.1,6.39293347839578e-68,"1","Clint1"
6.03566023021425e-121,0.303940595152728,0.116,0.232,1.26332404278615e-116,"1","Tut7"
3.14227450536694e-103,0.303608213237826,0.108,0.21,6.57709476718355e-99,"1","Cdc42ep3"
4.72549545508459e-117,0.30345204778414,0.092,0.192,9.89093453703755e-113,"1","Ythdf3"
1.90458797745346e-92,0.302583230787051,0.054,0.12,3.98649309560784e-88,"1","Fam120b"
2.30260126379686e-107,0.302519007707798,0.065,0.144,4.8195747052532e-103,"1","Stim1"
1.00009181127576e-96,0.302209001847003,0.067,0.141,2.0932921701813e-92,"1","Snx6"
8.28273223780374e-65,0.30210295289973,0.289,0.471,1.7336586846947e-60,"1","U2surp"
2.25218636523947e-105,0.301669685649038,0.068,0.142,4.71405128108274e-101,"1","Sept4"
2.28055587590579e-78,0.301525180276595,0.051,0.108,4.77343150385841e-74,"1","Fbxw7"
9.93621401720235e-81,0.301436456115908,0.052,0.112,2.07974895594062e-76,"1","Cox10"
2.58735451180931e-80,0.30123951737053,0.066,0.124,5.41559172866808e-76,"1","Gt(ROSA)26Sor"
2.42975325223767e-127,0.300960964249748,0.122,0.244,5.08571653225867e-123,"1","Supt6"
1.88061821978316e-94,0.30072172331102,0.054,0.12,3.93632199582813e-90,"1","Nxf1"
3.58087344694571e-116,0.300591260254709,0.119,0.234,7.49512621180207e-112,"1","Chd8"
2.6484356171095e-98,0.30008414084991,0.089,0.177,5.54344059017189e-94,"1","Vps37b"
5.07476148139363e-104,0.299802319601827,0.065,0.142,1.0621983256705e-99,"1","Xbp1"
2.622342599315e-91,0.299703839679336,0.093,0.18,5.48882529462623e-87,"1","Ppm1d"
2.5156504118189e-97,0.299670951474334,0.078,0.16,5.26550787697813e-93,"1","Trim33"
9.71517032733687e-102,0.299661321226108,0.067,0.144,2.03348230121488e-97,"1","Pom121"
1.81585542955298e-104,0.299208744121382,0.143,0.266,3.80076699959735e-100,"1","Thrb"
1.66487295864437e-103,0.298868213393724,0.21,0.375,3.48474558973854e-99,"1","Zmynd8"
3.27081191513495e-119,0.298782410888616,0.068,0.154,6.84613641956897e-115,"1","Tacc2"
4.21925643829604e-88,0.298678096259356,0.059,0.126,8.83132565099744e-84,"1","Pdhx"
1.50082779682788e-39,0.29830182985037,0.334,0.516,3.14138266154043e-35,"1","Acin1"
5.94190554110855e-104,0.298053605778601,0.213,0.38,1.24370024880943e-99,"1","Tnks2"
3.57003871501831e-99,0.297900129286559,0.054,0.122,7.47244803440483e-95,"1","Cep85"
1.08168227697641e-84,0.297734228065707,0.056,0.119,2.26406917393932e-80,"1","Slc23a2"
2.07107115905669e-83,0.297553141195602,0.051,0.112,4.33495904302155e-79,"1","Specc1l"
2.34641536655651e-84,0.296899778053022,0.06,0.125,4.91128200373944e-80,"1","Zfp639"
1.61886363916051e-99,0.29686969450391,0.054,0.122,3.38844348312686e-95,"1","Mynn"
8.13036843617502e-110,0.296459771929982,0.057,0.132,1.70176741737579e-105,"1","Itsn1"
1.20039646244318e-125,0.296247898059267,0.179,0.338,2.51254983553982e-121,"1","Ckap5"
1.78160752405411e-121,0.296081423514493,0.114,0.228,3.72908270859766e-117,"1","Copa"
4.48217550321689e-101,0.296037545314019,0.049,0.114,9.38164154578327e-97,"1","Fbxw9"
4.58503269039556e-127,0.295793333234585,0.106,0.219,9.59693192426694e-123,"1","Dync2h1"
2.34434533552061e-85,0.295770363891686,0.047,0.105,4.90694922177819e-81,"1","Nfs1"
3.32361227456354e-117,0.295707341119233,0.142,0.272,6.95665285188894e-113,"1","Zdhhc6"
1.16639286730759e-109,0.295329435138725,0.093,0.189,2.44137691056152e-105,"1","Zrsr2"
1.80570469162322e-86,0.295262300708625,0.045,0.102,3.77952049003657e-82,"1","Patz1"
4.11300616953143e-112,0.294887829421629,0.127,0.246,8.60893321344623e-108,"1","Bdp1"
9.35473645162104e-95,0.294735095656351,0.058,0.126,1.9580398866888e-90,"1","Clip4"
2.64920467032375e-106,0.29391884844308,0.108,0.211,5.54505029545463e-102,"1","Tbc1d8"
7.26842291280428e-93,0.2932508736431,0.061,0.132,1.52135359987906e-88,"1","Pcgf5"
4.23647820288957e-141,0.293030655201248,0.123,0.253,8.86737252646815e-137,"1","Tial1"
3.07590392521809e-123,0.292987574458574,0.107,0.218,6.43817450587397e-119,"1","Fbxl3"
4.48146611978241e-109,0.292771468358417,0.056,0.129,9.38015673531656e-105,"1","Tasp1"
4.89034428620003e-86,0.29273733874493,0.233,0.394,1.02359796254453e-81,"1","Rax"
7.34288012471972e-104,0.292629323162266,0.049,0.116,1.53693823890508e-99,"1","Pdha1"
1.60946290461094e-128,0.292411732999383,0.123,0.248,3.36876680564115e-124,"1","Cdk13"
5.44893219374832e-56,0.292134372541345,0.324,0.522,1.14051599747346e-51,"1","Wapl"
9.95087762464213e-95,0.291601066972798,0.199,0.348,2.08281819561384e-90,"1","Rb1cc1"
3.5210574935898e-92,0.291218781255121,0.049,0.111,7.36992543983281e-88,"1","Zfp523"
3.72836906045312e-123,0.290937087427558,0.189,0.351,7.80384928043443e-119,"1","Nrd1"
4.8234241054649e-101,0.290628964837299,0.047,0.111,1.00959089951486e-96,"1","Vps41"
4.99503124035551e-95,0.290564669710266,0.244,0.421,1.04550998891881e-90,"1","Hnrnpdl"
6.81511578704619e-125,0.290476737435152,0.145,0.281,1.42647188538664e-120,"1","Usp47"
3.40283214659142e-115,0.290367025760058,0.134,0.259,7.1224679660305e-111,"1","Kif3b"
9.09941372861505e-118,0.290231134801103,0.193,0.357,1.90459828753642e-113,"1","Trip12"
1.04190945579452e-96,0.290221650190384,0.055,0.122,2.1808206819235e-92,"1","Ccser2"
4.6734978279285e-103,0.289785649994168,0.082,0.17,9.78209830363714e-99,"1","Akirin1"
3.77176754696138e-86,0.289286631177758,0.072,0.146,7.89468665254485e-82,"1","Elavl1"
2.60029018329586e-100,0.28806448726878,0.067,0.143,5.44266738265657e-96,"1","Cdip1"
1.72759659576068e-117,0.287885570441997,0.179,0.333,3.61603243458669e-113,"1","Birc6"
3.91790742951825e-92,0.28781229556245,0.048,0.111,8.20057204072466e-88,"1","Tsga10"
1.34229675312931e-111,0.287364164928683,0.131,0.252,2.80956133397497e-107,"1","Fnip1"
1.96329722019588e-91,0.287259719826079,0.222,0.386,4.10937741159199e-87,"1","Ctcf"
3.07683411554709e-87,0.287227046616713,0.049,0.109,6.44012148725162e-83,"1","Zfp90"
7.30985985823187e-121,0.287209372407057,0.148,0.284,1.53002676692651e-116,"1","Gfpt1"
2.08347018352976e-137,0.286898059699903,0.154,0.303,4.36091144114614e-133,"1","Shoc2"
3.90773676639521e-83,0.286763454525601,0.045,0.102,8.17928382574182e-79,"1","Ankib1"
4.260322027781e-105,0.286754416747079,0.071,0.151,8.91728003634841e-101,"1","Glt28d2"
4.32994876006137e-10,0.286673032591935,0.637,0.808,9.06301574968446e-06,"1","Epb41"
2.40011080181229e-88,0.286190935695921,0.235,0.404,5.0236719192733e-84,"1","Apc"
3.78464631699662e-121,0.285554980091598,0.136,0.265,7.92164320610562e-117,"1","Kmt5b"
2.94796860585131e-102,0.28546994243817,0.218,0.385,6.17039308890737e-98,"1","Snx10"
2.21658947560684e-117,0.284415946849168,0.156,0.295,4.63954343139268e-113,"1","Eny2"
3.41710784035154e-60,0.283594197820295,0.075,0.136,7.15234842063981e-56,"1","Eid2"
1.38933787925818e-131,0.283563089983031,0.106,0.221,2.9080231150753e-127,"1","Usp7"
9.33100470515999e-128,0.28303534380034,0.146,0.285,1.95307259483704e-123,"1","Itsn2"
1.51802689853333e-141,0.28278944467774,0.139,0.279,3.17738210132012e-137,"1","Ip6k1"
9.96566433600054e-130,0.282682686999558,0.137,0.272,2.08591320216827e-125,"1","D5Ertd579e"
3.53021610960427e-76,0.282380469752803,0.074,0.138,7.3890953390127e-72,"1","Imp3"
7.77533740351839e-87,0.282041758910075,0.055,0.118,1.62745587193043e-82,"1","Slbp"
2.76116088008371e-81,0.282007100321802,0.242,0.404,5.77938583810321e-77,"1","Btg1"
3.29144890779579e-71,0.281982993168951,0.288,0.475,6.88933170890737e-67,"1","Thoc2"
1.72839727301235e-120,0.281777292354127,0.073,0.161,3.61770833214215e-116,"1","Gm49336"
4.22266674396223e-113,0.280742122098364,0.107,0.213,8.83846376178733e-109,"1","Zbtb44"
2.56224050981159e-111,0.280276317857872,0.087,0.178,5.36302561108664e-107,"1","Nudt3"
8.19998184201054e-110,0.28022833660017,0.07,0.152,1.71633819935123e-105,"1","Csgalnact2"
2.63004839920266e-88,0.279806382553773,0.044,0.102,5.50495430437109e-84,"1","Rcor1"
8.07548614695606e-90,0.279647181791862,0.046,0.106,1.69028000541937e-85,"1","Nelfa"
2.90670244418176e-124,0.278495432842196,0.112,0.227,6.08401888591683e-120,"1","Arntl"
1.58481174721241e-138,0.278103753838491,0.148,0.292,3.31716946809029e-134,"1","Nmt1"
1.3209172695365e-129,0.277815688658066,0.098,0.207,2.76481193686684e-125,"1","Srpr"
2.7531163250019e-85,0.277723069110955,0.047,0.105,5.76254777986147e-81,"1","Ecd"
1.60476901303795e-120,0.277453452177313,0.092,0.192,3.35894202118973e-116,"1","Bfar"
6.29852405428582e-152,0.276986791360618,0.102,0.223,1.31834406980256e-147,"1","Gdpd5"
1.53902099819575e-132,0.276811129148214,0.112,0.23,3.22132485132352e-128,"1","Med4"
1.01919908088582e-98,0.276745190762689,0.05,0.116,2.13328559620211e-94,"1","Mycbp"
6.62054652286897e-96,0.276516814975794,0.053,0.119,1.3857465927017e-91,"1","Dcun1d2"
4.48316146034675e-116,0.276284660288085,0.095,0.195,9.38370525265178e-112,"1","Phf12"
2.08099385310097e-123,0.276148133603391,0.123,0.244,4.35572823392565e-119,"1","Cops5"
3.53288804369304e-94,0.275588184977046,0.042,0.102,7.3946879642539e-90,"1","Utp6"
1.0272693210698e-99,0.275240735900847,0.057,0.128,2.1501774159312e-95,"1","Wdr45b"
6.33006690402104e-121,0.274895897010442,0.14,0.271,1.32494630368064e-116,"1","Nr1d2"
1.33583204692054e-109,0.274772770101946,0.073,0.158,2.79603005740938e-105,"1","Rprd2"
1.00547121337625e-107,0.274280797419098,0.073,0.157,2.10455179671783e-103,"1","Pptc7"
3.08968457154451e-78,0.273654339736917,0.258,0.431,6.46701877669982e-74,"1","Srsf11"
1.07002009931525e-19,0.273618183676001,0.427,0.632,2.23965906987675e-15,"1","Ankrd33b"
1.04659658402649e-114,0.273488360851215,0.107,0.214,2.19063131002585e-110,"1","Pou2f1"
4.19944856116918e-99,0.273424275937302,0.053,0.121,8.78986578338322e-95,"1","Klhl28"
2.89170002344155e-124,0.273025154775802,0.083,0.18,6.05261731906551e-120,"1","Tnpo3"
1.41953862516183e-103,0.272537565070558,0.047,0.112,2.97123629632623e-99,"1","Ercc5"
6.9749584613358e-116,0.272514607446713,0.063,0.143,1.4599285555422e-111,"1","Rpap3"
1.95691629326126e-107,0.272360420497174,0.085,0.176,4.09602149342514e-103,"1","Zfp62"
3.12624185461481e-121,0.271600255216284,0.07,0.156,6.54353682589426e-117,"1","Mtmr1"
2.16861088188498e-138,0.271476335584368,0.118,0.244,4.53911943687346e-134,"1","Aqr"
1.35541537682847e-83,0.271082104966805,0.049,0.108,2.83701992523966e-79,"1","Meak7"
3.74010133914616e-99,0.270939989730431,0.047,0.112,7.82840611296684e-95,"1","Rad54l2"
5.33237858111749e-92,0.270268261061754,0.043,0.102,1.1161201608137e-87,"1","Shroom3"
7.42761898781837e-149,0.270091848917093,0.109,0.233,1.55467493034026e-144,"1","Amz2"
1.88980434779249e-110,0.270007435411797,0.073,0.157,3.95554948036446e-106,"1","Slc4a1ap"
2.0416787097356e-132,0.269976321577323,0.119,0.243,4.27343770734759e-128,"1","Ncbp3"
1.77572626675603e-88,0.269780554731712,0.048,0.109,3.71677264894706e-84,"1","Smarcc1"
5.69271714650772e-97,0.269761438815817,0.224,0.391,1.19154262593553e-92,"1","Sltm"
2.52891835687939e-105,0.269736955125712,0.093,0.187,5.29327901278425e-101,"1","Rab30"
1.76618216811836e-128,0.269316410752002,0.121,0.243,3.69679589608853e-124,"1","Cpeb4"
4.69597341853712e-90,0.26895016804895,0.256,0.438,9.82914196234004e-86,"1","Bptf"
2.36134351183666e-137,0.268653363304763,0.123,0.251,4.94252810462532e-133,"1","Cebpz"
1.12283838106399e-109,0.268553400957135,0.068,0.149,2.35021301540503e-105,"1","Abce1"
8.78225054093266e-124,0.26852462661416,0.079,0.173,1.83821286072262e-119,"1","Senp5"
6.67112575437809e-111,0.268511086357654,0.051,0.121,1.39633333164888e-106,"1","Maz"
5.77457468974436e-14,0.268365538385039,0.443,0.636,1.20867622831039e-09,"1","Map2"
2.94900238354095e-126,0.268017852142366,0.186,0.349,6.17255688898955e-122,"1","Sbno1"
5.1410195227772e-149,0.2675270482641,0.127,0.265,1.0760667963125e-144,"1","Ubxn2a"
9.26396084053251e-95,0.267428145391164,0.061,0.132,1.93903964353186e-90,"1","St7l"
2.19371213612117e-113,0.266896031520334,0.078,0.167,4.59165887211521e-109,"1","Rnf19a"
6.45240033021127e-111,0.266449986255157,0.099,0.2,1.35055191311652e-106,"1","Lrp6"
3.63319578004378e-122,0.264622834904931,0.091,0.192,7.60464208720963e-118,"1","P4ha1"
3.19201909681442e-90,0.264064706849902,0.123,0.225,6.68121517154227e-86,"1","Dlc1"
1.64620184783087e-138,0.263938309759249,0.164,0.321,3.4456650876948e-134,"1","Fam204a"
2.08667741386005e-138,0.26380923032675,0.113,0.235,4.36762449495048e-134,"1","Xpo1"
4.48069030160958e-105,0.263496824019147,0.066,0.143,9.37853287029902e-101,"1","Tomm40"
3.74372738363897e-94,0.262687207935187,0.049,0.112,7.83599578669473e-90,"1","Clk3"
2.05522088604459e-145,0.262559051979438,0.105,0.226,4.30178283657994e-141,"1","Ubxn7"
1.69863790589001e-120,0.262394348048898,0.089,0.188,3.55541900081837e-116,"1","Me2"
1.71563917607609e-98,0.262365798484636,0.051,0.117,3.59100435944486e-94,"1","Stam"
3.14823263280438e-88,0.26236103433707,0.058,0.124,6.58956572372285e-84,"1","Actr8"
1.84198548803988e-132,0.261498007987678,0.089,0.194,3.85545982501628e-128,"1","Spen"
2.81651882377926e-49,0.261220436549747,0.332,0.517,5.89525555005236e-45,"1","Celf2"
8.66642135397584e-81,0.260849843103276,0.275,0.464,1.81396865360068e-76,"1","Mdm1"
1.21731174333567e-97,0.260357583904785,0.056,0.124,2.54795520997589e-93,"1","Ptch1"
2.71526806797058e-99,0.260091070837303,0.053,0.121,5.68332759306922e-95,"1","Stk40"
4.93450298899289e-132,0.259641605755097,0.065,0.151,1.0328408206261e-127,"1","Marf1"
2.58011413834298e-137,0.259554649921648,0.078,0.177,5.4004369029657e-133,"1","Plcd3"
9.29110135175534e-121,0.25904715677799,0.157,0.298,1.94472042393591e-116,"1","Ppp3cc"
6.26039963291828e-103,0.258794077097842,0.11,0.212,1.31036424716612e-98,"1","Kat6b"
1.52665461167641e-96,0.258270768226653,0.083,0.167,3.1954407676999e-92,"1","Lpin1"
8.22594218834847e-108,0.257633163010344,0.073,0.157,1.72177195944322e-103,"1","Ecsit"
7.41488358808338e-110,0.257551685174652,0.086,0.178,1.55200928382173e-105,"1","Cep57"
5.76217443539591e-114,0.257237658283551,0.066,0.148,1.20608073107272e-109,"1","Cnot10"
5.53476527677539e-105,0.257225002289445,0.137,0.257,1.15848172008186e-100,"1","Ammecr1"
9.39026000706658e-123,0.257091348264213,0.07,0.158,1.96547532207911e-118,"1","Ezh1"
1.60586696286546e-120,0.257053114424572,0.194,0.358,3.3612401399737e-116,"1","Utp3"
3.56125448360589e-143,0.256715955423502,0.071,0.168,7.45406175963549e-139,"1","Gpr152"
1.0073881651886e-36,0.256693487857562,0.39,0.601,2.10856416855625e-32,"1","Clcn3"
3.94330430803205e-117,0.25634386269938,0.093,0.192,8.25373024714189e-113,"1","Timm9"
1.33483715211405e-116,0.25625391378993,0.059,0.138,2.79394764308991e-112,"1","Smad2"
7.57284043343265e-112,0.25613565781806,0.071,0.155,1.58507123112179e-107,"1","Exosc7"
2.75259020345442e-99,0.255950753452148,0.966,0.977,5.76144655485045e-95,"1","Rp1"
6.63730411787074e-99,0.255799653285369,0.06,0.132,1.38925412491152e-94,"1","Rnmt"
2.50225712834452e-37,0.255774156619017,0.382,0.586,5.23747439533791e-33,"1","Tnfsf12"
4.22981464148289e-93,0.25516983662946,0.057,0.126,8.85342502608784e-89,"1","Zbtb43"
8.6050100089151e-96,0.25503008370174,0.051,0.116,1.80111464496602e-91,"1","Nasp"
6.83671780514373e-95,0.254503386092528,0.068,0.142,1.43099340379463e-90,"1","Lrrc1"
1.76224121337114e-98,0.254446142711707,0.056,0.125,3.68854708370713e-94,"1","Prpf4"
1.2675978130278e-31,0.254391568135325,0.399,0.606,2.65320898244848e-27,"1","Mbnl1"
4.93120579595241e-14,0.254224357726088,0.494,0.714,1.0321506851508e-09,"1","Atp6v0b"
2.22706288576245e-116,0.254127166649939,0.183,0.338,4.66146532618938e-112,"1","Pdhb"
5.82024930641559e-62,0.254064456224824,0.288,0.461,1.21823638232585e-57,"1","Golgb1"
5.80801802676532e-118,0.253245724710477,0.052,0.126,1.21567625318225e-113,"1","Gm28875"
1.44288153677461e-110,0.25302416584397,0.057,0.132,3.02009534462293e-106,"1","Afg3l1"
6.11242701379144e-122,0.252835647579969,0.083,0.179,1.27939209825669e-117,"1","Dcaf11"
5.03544321568945e-105,0.252298207431188,0.072,0.155,1.05396861947596e-100,"1","6530402F18Rik"
1.78258730825254e-94,0.251969026985416,0.064,0.137,3.73113349490339e-90,"1","Rps6ka2"
2.17216472151478e-120,0.250855961227627,0.096,0.195,4.5465579786026e-116,"1","Mrpl9"
3.85558220446673e-112,0.250745259076324,0.061,0.138,8.07011911216931e-108,"1","Rnf145"
1.44885896280904e-89,0.25067746484991,0.048,0.108,3.03260669505561e-85,"1","Pias4"
3.95394873678369e-172,0.250603041959326,0.159,0.328,8.27601010096193e-168,"1","Crocc"
0,1.33864652576956,0.26,0.059,0,"2","Gm8797"
0,1.30684315555359,0.136,0.024,0,"2","6330403K07Rik"
0,1.17374499248202,0.141,0.027,0,"2","Ttll11"
0,1.09688546963572,0.517,0.188,0,"2","Sgk1"
7.58265465055668e-172,1.07687518542454,0.124,0.039,1.58712544490802e-167,"2","Gstp1"
1.18119193030663e-172,0.989718500997559,0.144,0.05,2.4723528293248e-168,"2","Gm48552"
1.97893680755397e-247,0.934301073458983,0.11,0.023,4.14211263189123e-243,"2","Atf3"
6.57458433334166e-285,0.928922609630773,0.153,0.038,1.37612624681174e-280,"2","Gpsm3"
2.51414601530806e-304,0.896584461136117,0.165,0.041,5.2623590246413e-300,"2","Junb"
0,0.88007796204585,0.219,0.061,0,"2","Bnip3"
0,0.874453665312751,0.98,0.721,0,"2","Gapdh"
1.14339875657719e-313,0.836528409445156,0.173,0.044,2.39324793739171e-309,"2","Gzmm"
0,0.796849341154299,0.585,0.253,0,"2","Hist1h2bc"
1.05657863890467e-241,0.771080425985629,0.138,0.036,2.21152474909136e-237,"2","Cdkn2c"
0,0.768691615680579,0.871,0.675,0,"2","Guca1a"
0,0.757310913999094,0.997,0.857,0,"2","Rcvrn"
0,0.757013338176898,0.535,0.216,0,"2","Cox6a1"
1.21794123749388e-163,0.756083019635744,0.13,0.044,2.54927280419845e-159,"2","Mea1"
1.84474715427094e-191,0.738749263491191,0.134,0.042,3.86124026860451e-187,"2","Ppdpf"
3.53528900216971e-209,0.737139763377637,0.124,0.034,7.39971341044141e-205,"2","Pole4"
2.01435428150193e-178,0.733840696219227,0.113,0.033,4.21624494661169e-174,"2","Prps1"
2.26703847594513e-242,0.731716126485061,0.166,0.052,4.74513823400076e-238,"2","Vamp8"
8.21471718909269e-270,0.726850319522119,0.143,0.035,1.71942245484899e-265,"2","Cd59a"
0,0.712989184556237,0.953,0.703,0,"2","Aldoa"
4.38679653199832e-217,0.712815524939971,0.111,0.027,9.18200382112568e-213,"2","Pdp2"
1.60533398565099e-245,0.710776420581865,0.189,0.062,3.36012456536609e-241,"2","Erh"
0,0.707553969363238,0.271,0.094,0,"2","Fam162a"
0,0.703536530254067,0.951,0.675,0,"2","Pkm"
9.93955655495481e-269,0.702746922352495,0.17,0.048,2.08044858251759e-264,"2","Polr2d"
0,0.701491653095462,0.226,0.063,0,"2","Sh2d1a"
0,0.699224750175003,0.615,0.267,0,"2","Hmgb2"
0,0.695544356165759,0.324,0.11,0,"2","Tmem50a"
1.13754529877803e-190,0.690023663747869,0.105,0.027,2.3809960648723e-186,"2","Btc"
0,0.685264880540164,0.997,0.872,0,"2","Pde6g"
0,0.683693168907808,0.625,0.295,0,"2","Actb"
0,0.683472082567157,0.275,0.097,0,"2","Krt18"
0,0.681493626132998,0.31,0.114,0,"2","Prelid1"
0,0.68147984140298,0.304,0.105,0,"2","Pfn1"
1.72205141205047e-209,0.676296127277021,0.127,0.035,3.60442581056285e-205,"2","1110018N20Rik"
0,0.671244925910628,0.357,0.126,0,"2","Lbh"
0,0.670242449970361,0.98,0.754,0,"2","Ubb"
2.60280100594414e-203,0.668026676821005,0.134,0.039,5.44792278554169e-199,"2","Med22"
0,0.664972646497284,0.899,0.585,0,"2","Eif1"
7.48294178349833e-306,0.664969742427741,0.284,0.106,1.56625454470404e-301,"2","Spcs1"
1.87775759336471e-281,0.664815581939888,0.212,0.07,3.93033441867168e-277,"2","C1d"
0,0.654410455770716,0.596,0.249,0,"2","Cnbp"
7.91662353535144e-127,0.654253711328853,0.102,0.035,1.65702847218441e-122,"2","Praf2"
4.51298867645774e-298,0.649585578650238,0.264,0.095,9.4461365986937e-294,"2","Csnk2b"
1.49180157367889e-318,0.64828318162146,0.235,0.073,3.12248987386729e-314,"2","Nfkbia"
3.83848009600112e-306,0.644996399187751,0.181,0.048,8.03432268893995e-302,"2","Stk17b"
2.40626927222162e-306,0.644649830716595,0.378,0.164,5.03656221368708e-302,"2","Fos"
0,0.637143803375938,0.996,0.92,0,"2","Gnat1"
7.94232723720664e-304,0.636277597430756,0.255,0.091,1.66240851401972e-299,"2","Rex1bd"
4.04389702560107e-200,0.633943301082056,0.129,0.038,8.4642808642856e-196,"2","Pttg1"
0,0.63245866372556,0.84,0.472,0,"2","Reep6"
0,0.631206674834186,0.833,0.469,0,"2","Elovl4"
6.63834557508591e-191,0.627969584303035,0.144,0.047,1.38947211232123e-186,"2","Timm17b"
0,0.623409908882029,0.392,0.143,0,"2","Ptges3"
0,0.623396898318296,0.403,0.153,0,"2","Taldo1"
0,0.620695797296011,0.692,0.337,0,"2","Fam3c"
0,0.618680848606948,0.33,0.122,0,"2","Lamtor5"
0,0.618534104856894,0.447,0.187,0,"2","Ap2m1"
2.70824689035697e-207,0.617334095798859,0.179,0.064,5.66863156620617e-203,"2","Ccdc124"
6.93994734200047e-242,0.616698669203307,0.18,0.057,1.45260037815412e-237,"2","Eef1e1"
0,0.615261339229982,0.361,0.129,0,"2","Cacybp"
0,0.61408492627698,0.714,0.347,0,"2","Ywhae"
0,0.6131554389082,0.989,0.831,0,"2","Tma7"
5.81511995477618e-173,0.612114854726908,0.171,0.062,1.2171627577342e-168,"2","Atox1"
8.23189542428004e-189,0.606146580321556,0.184,0.071,1.72301803125606e-184,"2","Naa38"
1.33997543647061e-238,0.605680938845146,0.21,0.075,2.80470258607663e-234,"2","Tctex1d2"
6.77070380362878e-232,0.605286174765989,0.188,0.064,1.41717601313754e-227,"2","Ube2a"
0,0.604558806983497,0.498,0.215,0,"2","Selenow"
8.1742408875204e-238,0.601879497309894,0.178,0.057,1.7109503601669e-233,"2","Arpc4"
0,0.601481452058154,0.455,0.197,0,"2","Rpl10"
2.79842078198191e-151,0.600979041043725,0.106,0.032,5.85737453876633e-147,"2","Sdr39u1"
0,0.600504181447611,0.896,0.575,0,"2","Gpx4"
0,0.600061117727931,0.763,0.397,0,"2","Pgam1"
2.01506424201949e-220,0.59895363424536,0.209,0.078,4.21773096497099e-216,"2","P4hb"
0,0.598511732446728,0.336,0.119,0,"2","Tcf20"
6.1440871974403e-234,0.596796196373835,0.178,0.057,1.28601889129623e-229,"2","H2afx"
0,0.595782512476412,0.449,0.186,0,"2","Ndufv3"
3.4046337013828e-167,0.595774896168625,0.11,0.032,7.12623880036435e-163,"2","Wdr74"
8.92013359811614e-281,0.592205255525352,0.241,0.083,1.86707316342169e-276,"2","Nrm"
0,0.591084582151791,0.533,0.218,0,"2","Btf3"
2.68781666001597e-150,0.590290276700511,0.116,0.038,5.62586905107944e-146,"2","Ccdc181"
1.57457546063632e-210,0.589656661387487,0.148,0.045,3.29574389665788e-206,"2","Mlf1"
1.59252672118829e-212,0.589575015732676,0.148,0.045,3.33331768011921e-208,"2","Taf12"
0,0.588797648876328,0.769,0.398,0,"2","Chchd2"
0,0.588336857339628,0.658,0.315,0,"2","Plekhb1"
0,0.587417934383175,0.462,0.188,0,"2","Ywhaz"
0,0.58660827961894,0.331,0.116,0,"2","Odc1"
0,0.586111761204662,0.609,0.279,0,"2","Kcnj14"
3.34294961546057e-224,0.585591349910461,0.2,0.072,6.99712784012053e-220,"2","Med28"
7.18242718084298e-136,0.585299740231584,0.112,0.038,1.50335383322224e-131,"2","Spr"
6.27602803374691e-186,0.584526711851607,0.123,0.036,1.31363542774357e-181,"2","Dusp14"
0,0.584064573210394,0.298,0.108,0,"2","Snx3"
0,0.583307788367768,0.594,0.26,0,"2","Arl6"
3.36331125472481e-243,0.581284343411505,0.173,0.054,7.0397467872645e-239,"2","Dnajb1"
7.97771707934252e-287,0.580850871360276,0.213,0.067,1.66981596187718e-282,"2","Idh1"
0,0.580508658515189,0.304,0.109,0,"2","Hist3h2a"
0,0.580115772483694,0.33,0.121,0,"2","Ranbp1"
0,0.579344333576348,0.394,0.157,0,"2","Snrpd2"
0,0.579234569281911,0.821,0.457,0,"2","Anp32e"
1.13107412427569e-280,0.579060480136012,0.281,0.111,2.36745124952145e-276,"2","Ddt"
1.35980302929804e-277,0.57859929974861,0.173,0.048,2.84620372062372e-273,"2","Zswim6"
0,0.576675956326996,0.374,0.146,0,"2","Lsm4"
0,0.57533796343499,0.747,0.445,0,"2","Tmsb4x"
3.21817828252358e-150,0.57493837196877,0.133,0.049,6.73596896315011e-146,"2","Dctpp1"
1.00863816979035e-177,0.571147362654886,0.108,0.03,2.11118055318819e-173,"2","Amacr"
6.35876451948954e-225,0.569523118321068,0.194,0.068,1.33095300157436e-220,"2","Rad23a"
5.60331615189188e-267,0.56910578769852,0.251,0.095,1.17283010375249e-262,"2","Mien1"
3.58505015224594e-249,0.568286472294013,0.23,0.084,7.50386847366597e-245,"2","Yif1b"
1.7748367294098e-299,0.567846926345015,0.317,0.127,3.71491075832764e-295,"2","Cops9"
0,0.567083176950916,0.999,0.945,0,"2","Gngt1"
0,0.566943371912719,0.419,0.162,0,"2","Ddit4"
6.53584971041257e-186,0.566852065933674,0.142,0.046,1.36801870288646e-181,"2","Mzt1"
2.47666194605645e-282,0.564370955793987,0.269,0.101,5.18390111929077e-278,"2","Ctsd"
6.7785806609419e-321,0.564231189664977,0.278,0.096,1.41882471814175e-316,"2","Eif4a3"
0,0.563766889397072,0.348,0.125,0,"2","A930006I01Rik"
0,0.563037630965794,0.362,0.135,0,"2","Rnf7"
0,0.562615068850197,0.537,0.231,0,"2","Rabac1"
8.2847279749973e-182,0.560580914004167,0.108,0.029,1.73407641244668e-177,"2","Synm"
0,0.559973979499746,0.719,0.361,0,"2","Dynll1"
8.97697530935669e-235,0.559409423281589,0.197,0.068,1.87897070200145e-230,"2","Ube2v1"
1.18499675750512e-286,0.559176186613752,0.235,0.079,2.48031671313397e-282,"2","Pcna"
6.0079671717794e-305,0.558458240610269,0.276,0.1,1.25752760872515e-300,"2","Pin1"
0,0.557194498307726,0.271,0.092,0,"2","Hspa1a"
3.25996615363198e-293,0.556921589680561,0.281,0.107,6.8234351561671e-289,"2","Mrpl34"
3.2145459885089e-279,0.556202140678489,0.285,0.111,6.72836620854798e-275,"2","Coa3"
3.31438639896336e-302,0.555772892904853,0.225,0.071,6.93734217167021e-298,"2","Dnajc9"
0,0.555342615918656,0.427,0.162,0,"2","U2af1"
1.97749716589025e-208,0.554749888109876,0.163,0.054,4.13909931792488e-204,"2","Dazap2"
1.91037794470199e-227,0.554549705944108,0.176,0.057,3.99861207605573e-223,"2","Elovl2"
2.86754737958177e-260,0.552652763819348,0.221,0.076,6.0020634202026e-256,"2","Mmd"
2.41042230878006e-166,0.552629877783351,0.145,0.052,5.04525493450755e-162,"2","Grhpr"
0,0.551970617845152,1,0.97,0,"2","Pdc"
4.88490720146903e-176,0.551375557546825,0.151,0.054,1.02245992633948e-171,"2","Siva1"
9.56086212822425e-154,0.55015799575688,0.131,0.047,2.00118405205862e-149,"2","Prxl2b"
1.77271915916055e-209,0.549432298085274,0.208,0.081,3.71047847203894e-205,"2","1110008P14Rik"
0,0.548861087868302,0.356,0.138,0,"2","Mfge8"
6.48303826057804e-307,0.547452760545714,0.331,0.134,1.35696473832159e-302,"2","Dctn3"
0,0.547200232743051,0.966,0.714,0,"2","Ldha"
0,0.54658510788125,1,0.99,0,"2","Rho"
7.31937824178892e-238,0.545737315031948,0.226,0.087,1.53201905978884e-233,"2","Ost4"
2.49881496460816e-196,0.545079138069144,0.103,0.025,5.23026960242135e-192,"2","Nipal1"
0,0.542250190209254,0.998,0.932,0,"2","Gnb1"
4.22992107258193e-161,0.542178891708838,0.105,0.032,8.85364779702124e-157,"2","Idnk"
2.61950410594406e-229,0.542100634478758,0.189,0.063,5.48288404415152e-225,"2","Vax2"
1.81268572164918e-151,0.540949484172756,0.108,0.034,3.79413248398389e-147,"2","Golph3"
3.12035197562468e-297,0.540468833428704,0.262,0.093,6.53120872018001e-293,"2","Psma5"
0,0.539604777482831,0.592,0.271,0,"2","Laptm4b"
6.25813416043748e-142,0.539201714286608,0.113,0.039,1.30989006112117e-137,"2","Tspan13"
5.06307826267586e-230,0.538658808041426,0.172,0.058,1.05975291116068e-225,"2","Ier2"
8.0868403002726e-152,0.538558438624047,0.101,0.03,1.69265654325006e-147,"2","Ppil1"
0,0.538216496781211,0.452,0.181,0,"2","Ran"
4.42209836580319e-217,0.538017422470115,0.158,0.05,9.25589408946265e-213,"2","Med10"
0,0.537938658684034,0.607,0.28,0,"2","Ndufb8"
0,0.536874203702825,0.343,0.13,0,"2","Snrpd1"
1.30324064828471e-204,0.535770468405746,0.163,0.056,2.72781300092472e-200,"2","Znrd2"
6.26377622791814e-227,0.535690162583151,0.242,0.098,1.31107100226554e-222,"2","Tmem258"
0,0.534482542139875,0.793,0.46,0,"2","Ptma"
0,0.534262998167622,0.588,0.276,0,"2","Cox5b"
1.26643556579872e-251,0.533770521018364,0.221,0.078,2.6507762827733e-247,"2","Ciao2b"
0,0.533268206139057,0.386,0.15,0,"2","Mrpl20"
2.89342156806489e-282,0.533241249470303,0.297,0.115,6.05622068411663e-278,"2","Snrpd3"
1.89068201114042e-274,0.532288254742036,0.283,0.11,3.95738651751802e-270,"2","Ndufs8"
0,0.532256545195478,0.621,0.3,0,"2","Bsg"
0,0.532183143091024,0.693,0.345,0,"2","Uqcrh"
5.97860606495862e-185,0.531362403019877,0.159,0.057,1.25138203545649e-180,"2","Wdr83os"
7.27668843862835e-164,0.531236738792056,0.138,0.048,1.5230836570893e-159,"2","Rangrf"
2.91808495698564e-280,0.530870232923838,0.3,0.117,6.10784362346664e-276,"2","Akr1a1"
0,0.530070002586967,0.813,0.474,0,"2","Eef1a1"
0,0.52939776514456,0.57,0.248,0,"2","Vdac2"
0,0.528106370175895,0.813,0.476,0,"2","Rplp1"
5.05901174911309e-300,0.528008565622882,0.298,0.113,1.05890174920686e-295,"2","Emc6"
0,0.52780837429905,0.802,0.445,0,"2","Rpl8"
0,0.527271970460519,0.993,0.898,0,"2","Hsp90aa1"
0,0.527187667145284,0.871,0.542,0,"2","Ndufa4"
0,0.526717939897615,0.383,0.153,0,"2","Timm13"
8.93684620675459e-229,0.526523342263093,0.186,0.063,1.8705712795358e-224,"2","Paics"
2.97085314637299e-217,0.526503150863583,0.172,0.057,6.2182927206733e-213,"2","Tmem11"
3.28101224620445e-290,0.526241207830577,0.259,0.091,6.86748673253053e-286,"2","Oard1"
1.52637027763368e-170,0.524781131970171,0.126,0.041,3.19484562811507e-166,"2","Rab9"
3.30743366675592e-153,0.524649377917624,0.118,0.039,6.92278940788682e-149,"2","Med9"
0,0.523457424527363,0.423,0.177,0,"2","Dad1"
2.91812848594843e-231,0.523167392828058,0.181,0.06,6.10793473393866e-227,"2","Kdelr1"
6.35881949565125e-185,0.523106138517528,0.138,0.044,1.33096450863476e-180,"2","Gm17231"
4.23661196122242e-306,0.522994118246612,0.303,0.114,8.86765249603464e-302,"2","Mrpl49"
4.28922929984514e-147,0.521794959692664,0.113,0.037,8.97778584750586e-143,"2","Babam1"
5.60795403684289e-250,0.521253242815708,0.232,0.085,1.17380085945158e-245,"2","Mrpl58"
1.80531127883667e-246,0.521132530487467,0.248,0.096,3.77869703773304e-242,"2","Cuta"
9.68668069630223e-318,0.520828903473227,0.329,0.126,2.02751913654302e-313,"2","Spag7"
5.39479001471983e-190,0.520577043781067,0.17,0.062,1.12918349798101e-185,"2","0610010K14Rik"
3.48868500334875e-144,0.519948929478422,0.102,0.031,7.30216658050927e-140,"2","Mrpl39"
0,0.519528228526846,0.319,0.118,0,"2","Srp19"
0,0.518736090740819,0.399,0.168,0,"2","Nedd8"
0,0.518511802803918,0.665,0.33,0,"2","Pgk1"
0,0.518110979070068,0.36,0.145,0,"2","Ndufs6"
2.91813756320736e-277,0.518017395067154,0.266,0.099,6.10795373354932e-273,"2","Magoh"
8.30527638716705e-189,0.517997494634684,0.141,0.045,1.73837740059794e-184,"2","Ddost"
0,0.517810506330337,0.736,0.377,0,"2","Rps11"
1.32494164188362e-175,0.517792812312882,0.158,0.057,2.7732353506266e-171,"2","Nabp2"
0,0.51749652807459,0.546,0.243,0,"2","Zfp385a"
0,0.51737942193806,0.747,0.386,0,"2","Rpl18a"
0,0.51734140968789,0.732,0.387,0,"2","Rps3"
1.05663646169822e-287,0.517055580134823,0.194,0.057,2.21164577798054e-283,"2","Klhl3"
0,0.517026685916007,0.387,0.156,0,"2","Pfdn2"
0,0.516546100080788,0.735,0.391,0,"2","Rpl26"
3.35597495700404e-234,0.515715039415707,0.199,0.069,7.02439118250515e-230,"2","Fam32a"
0,0.515389686019672,0.705,0.371,0,"2","Glo1"
0,0.515245154516326,0.628,0.3,0,"2","Atp5h"
5.24287488806771e-129,0.515028824632215,0.108,0.037,1.09738614282145e-124,"2","Snx15"
1.91832604201571e-190,0.514906637413692,0.139,0.044,4.01524823854309e-186,"2","Slc16a3"
1.94674214067767e-257,0.514372475352525,0.252,0.094,4.07472597465242e-253,"2","Sdhb"
4.06182506819272e-250,0.513910290558889,0.215,0.074,8.50180605023419e-246,"2","Vma21"
3.56137923243771e-188,0.513566600996041,0.152,0.051,7.45432287141536e-184,"2","Mrpl46"
1.57053348866833e-159,0.513328809080143,0.128,0.043,3.28728364513168e-155,"2","Ak6"
0,0.512274333874714,0.405,0.165,0,"2","Cycs"
0,0.512143887241561,0.6,0.285,0,"2","Rps19"
4.09214056138386e-203,0.511389737052667,0.161,0.053,8.56525940903255e-199,"2","Tspan31"
0,0.510666924423081,0.51,0.212,0,"2","Selenok"
4.17298903322026e-278,0.509674295125282,0.264,0.097,8.73448334543332e-274,"2","Ddit3"
0,0.508699079070785,0.448,0.179,0,"2","Pde6d"
3.77965432524572e-208,0.508577680499713,0.19,0.071,7.91119446817181e-204,"2","Bola1"
0,0.507565872614449,0.369,0.149,0,"2","Eif5a"
0,0.507429088348705,0.425,0.164,0,"2","Alkbh5"
1.67022454210894e-248,0.5061486455282,0.194,0.063,3.49594698908823e-244,"2","Commd2"
0,0.505015605426828,0.647,0.316,0,"2","Rps5"
0,0.503683890896337,0.407,0.163,0,"2","Pcnp"
0,0.503681472830236,0.748,0.387,0,"2","Fau"
3.23713002905619e-139,0.503681158049235,0.103,0.032,6.77563686381751e-135,"2","Dusp5"
2.76021970353274e-150,0.503554932254082,0.116,0.038,5.77741586146437e-146,"2","Dcps"
9.37139164998923e-129,0.503444100767793,0.11,0.039,1.96152598625924e-124,"2","Ggh"
2.97375718506632e-282,0.503251161525137,0.279,0.104,6.22437116406231e-278,"2","Skp1a"
0,0.503034880713271,0.423,0.177,0,"2","Cfl1"
8.49870267480108e-241,0.502882260988582,0.194,0.067,1.77886345686261e-236,"2","Brk1"
0,0.502151724841425,0.477,0.196,0,"2","Ppa1"
1.42822777686771e-237,0.501764225031162,0.233,0.088,2.9894235597618e-233,"2","Psma6"
4.71567655096886e-160,0.501612397119393,0.128,0.042,9.87038258883291e-156,"2","Asb8"
0,0.500678848550773,0.704,0.356,0,"2","Guk1"
0,0.500505511360596,0.424,0.171,0,"2","Sumo1"
2.5768607544724e-255,0.499512334452344,0.221,0.078,5.39362724518617e-251,"2","Gadd45gip1"
8.1660958960199e-215,0.498930935086275,0.159,0.052,1.70924553199593e-210,"2","Znhit3"
3.14506267442726e-275,0.498886983058667,0.284,0.111,6.58293068384369e-271,"2","Aurkaip1"
0,0.49822079622153,0.661,0.315,0,"2","Rpl32"
0,0.497465257284509,0.504,0.217,0,"2","Scg5"
0,0.497250785130955,0.454,0.203,0,"2","Grcc10"
1.22412533471068e-180,0.497179617827628,0.146,0.049,2.56221673808292e-176,"2","Gemin7"
4.14414856676794e-259,0.497113217419919,0.265,0.104,8.67411736510197e-255,"2","Higd2a"
8.40998253361754e-259,0.496476884029649,0.217,0.074,1.76029344411149e-254,"2","2410004B18Rik"
1.14217128496963e-173,0.495968925062287,0.132,0.042,2.39067871656993e-169,"2","Sf3a2"
1.85217394917908e-266,0.495637513190761,0.259,0.096,3.87678529302673e-262,"2","Me1"
4.88998424080401e-234,0.495516380809997,0.212,0.075,1.02352260144269e-229,"2","Kat2b"
0,0.495494763342202,0.856,0.564,0,"2","Rbp3"
9.14857621267954e-316,0.495448629294336,0.357,0.145,1.91488848707595e-311,"2","Tomm6"
0,0.495369908189507,0.383,0.153,0,"2","Ghitm"
5.9255777298673e-104,0.494684209028383,0.198,0.102,1.24028267463852e-99,"2","Egr1"
0,0.494055317849814,0.507,0.226,0,"2","Atp5d"
0,0.49393638161316,0.615,0.284,0,"2","Cox5a"
0,0.493460973619438,0.511,0.23,0,"2","Elob"
1.72446814282696e-173,0.492967620605199,0.107,0.031,3.60948426975112e-169,"2","Surf2"
0,0.492832412447787,0.989,0.79,0,"2","Cst3"
0,0.492350205497108,0.377,0.146,0,"2","Dnaja2"
2.55218913913697e-277,0.492035439112369,0.271,0.101,5.3419870871276e-273,"2","Dut"
5.76108676697928e-232,0.491686123210132,0.216,0.078,1.20585307119643e-227,"2","Spint2"
5.03661856224608e-158,0.491178725865813,0.12,0.039,1.05421463126373e-153,"2","Poldip2"
1.36266967500749e-260,0.490812772206257,0.244,0.089,2.85220389675818e-256,"2","Tm2d1"
1.1920031795038e-304,0.490662153929391,0.321,0.125,2.49498185501941e-300,"2","Eloc"
0,0.489371338660441,0.56,0.25,0,"2","Rpl4"
1.8710682113836e-216,0.488788382980224,0.17,0.055,3.91633287324702e-212,"2","Naa50"
0,0.488381053198023,0.73,0.37,0,"2","Arl3"
2.58536486733413e-218,0.48673890797118,0.233,0.093,5.41142720381707e-214,"2","Myl12b"
2.72719228636207e-123,0.486693632281652,0.121,0.048,5.70828617458446e-119,"2","Bola2"
7.09988451471501e-315,0.48663337482642,0.313,0.119,1.486076827775e-310,"2","Sf3b5"
0,0.486473505281968,0.717,0.378,0,"2","Rpl7"
1.80733364625801e-268,0.486387751286643,0.884,0.565,3.78293005498265e-264,"2","Eno1"
8.02284854772378e-185,0.486327357146372,0.122,0.037,1.67926242952406e-180,"2","Kdelr2"
4.15177779330697e-171,0.485609465348638,0.131,0.043,8.69008609917081e-167,"2","Triap1"
0,0.484303864071236,0.557,0.275,0,"2","Mif"
0,0.484253988558538,0.658,0.323,0,"2","Cdhr1"
2.76957767223096e-230,0.48425366938513,0.237,0.094,5.79700302574662e-226,"2","Psenen"
1.01361915022015e-317,0.483369139557862,0.379,0.158,2.1216062433258e-313,"2","Psmb4"
0,0.483167964530218,0.705,0.367,0,"2","Rpl11"
0,0.483046169219594,0.478,0.204,0,"2","Atp6v1g1"
1.15948756106368e-272,0.483011834265105,0.203,0.065,2.42692341406239e-268,"2","Cotl1"
0,0.482958756843777,0.744,0.388,0,"2","Atp6v0c"
2.32761670018663e-300,0.482838265148267,0.33,0.134,4.87193451516064e-296,"2","Snrpg"
0,0.482738380451089,0.709,0.367,0,"2","Cox8a"
1.98187925264081e-292,0.48270633064436,0.267,0.096,4.14827146370248e-288,"2","Zmat2"
0,0.482462512127874,0.869,0.554,0,"2","Rpl9"
4.56612671960535e-284,0.482426013880408,0.26,0.092,9.55735983680596e-280,"2","Eif4e"
2.51384271067971e-228,0.482203459980942,0.252,0.105,5.2617241777237e-224,"2","Mrps21"
8.89005023959536e-222,0.48104698118528,0.214,0.081,1.86077641564971e-217,"2","Eif3i"
0,0.481015517365522,0.414,0.168,0,"2","Mpc2"
2.00363382014459e-319,0.480804214539847,0.677,0.354,4.19380594894464e-315,"2","Actg1"
2.05501772721665e-131,0.480724788899797,0.114,0.041,4.30135760483717e-127,"2","Rab4a"
2.00795642284295e-192,0.480719107968373,0.129,0.038,4.20285358865259e-188,"2","Dnajc28"
0,0.48052116719064,0.857,0.535,0,"2","Fth1"
0,0.480284353712591,0.324,0.12,0,"2","Sar1b"
1.74585264355973e-177,0.479993604239001,0.147,0.05,3.65424416823487e-173,"2","Tmem9b"
1.53972432506069e-183,0.479717592930914,0.149,0.05,3.22279698478453e-179,"2","Sf3b4"
0,0.479494861528857,0.73,0.379,0,"2","Cox4i1"
4.68197356756291e-317,0.47933351559324,0.339,0.133,9.79983887426592e-313,"2","Rer1"
3.97729376511542e-276,0.479198390951857,0.245,0.086,8.32487357976308e-272,"2","Dnajc12"
0,0.478747577531634,0.738,0.4,0,"2","Rps15"
7.37552180384717e-266,0.478727529093067,0.265,0.1,1.54377046876325e-261,"2","Cetn2"
2.74082664189938e-175,0.478509116938296,0.134,0.044,5.73682424415959e-171,"2","Szrd1"
0,0.478503303940442,0.547,0.254,0,"2","Eef2"
0,0.478157651946175,0.538,0.238,0,"2","Pmm1"
0,0.477849422281076,0.413,0.164,0,"2","Arf1"
0,0.477516292557143,0.7,0.363,0,"2","Rpl15"
1.36897356580862e-212,0.477462285772515,0.164,0.054,2.86539857059402e-208,"2","Tbpl1"
1.41166622737278e-243,0.476722778674356,0.253,0.099,2.95475858051397e-239,"2","Tomm22"
1.77525066173914e-255,0.476203642331629,0.188,0.058,3.71577716008619e-251,"2","Mylip"
3.34915947274492e-193,0.476181914855105,0.195,0.076,7.0101256924024e-189,"2","Capzb"
0,0.475935176266725,0.608,0.298,0,"2","Serf2"
0,0.473301436494773,0.633,0.299,0,"2","Sumo2"
0,0.47320821680498,0.734,0.386,0,"2","Tomm20"
7.91455392842431e-226,0.472626902649962,0.201,0.071,1.65659528275849e-221,"2","Snx12"
2.15647114113388e-157,0.472369251512438,0.141,0.051,4.51370974550733e-153,"2","Arl6ip5"
0,0.472122812262853,0.396,0.163,0,"2","Chrac1"
2.07623550044923e-239,0.472028631000278,0.237,0.09,4.34576852599028e-235,"2","Rps27l"
0,0.47190907506925,0.403,0.163,0,"2","Psmb1"
0,0.471465835196556,0.495,0.216,0,"2","Tmem59"
0,0.47100130607653,0.439,0.179,0,"2","Spop"
2.2476310570963e-225,0.470635321172597,0.223,0.087,4.70451656560827e-221,"2","Tbca"
0,0.470626605050622,0.624,0.301,0,"2","Ndufb9"
1.35039915430259e-253,0.470614065359635,0.264,0.101,2.82652046987075e-249,"2","Emc4"
1.77096409672961e-309,0.470392767440014,0.364,0.151,3.70680495086476e-305,"2","Hsbp1"
0,0.470371254523785,0.613,0.3,0,"2","Rps4x"
3.11346246200612e-154,0.470087490305248,0.101,0.029,6.51678827922501e-150,"2","Zfp503"
4.99555426621073e-316,0.470072825346843,0.341,0.134,1.04561946346057e-311,"2","Pfdn6"
0,0.468085286256493,0.878,0.558,0,"2","Prcd"
2.05863216456763e-199,0.467934201056176,0.14,0.043,4.3089229836565e-195,"2","Orc6"
0,0.467903985244521,0.704,0.359,0,"2","Slc25a5"
8.80256626929369e-186,0.467567716408965,0.129,0.04,1.84246514582586e-181,"2","Hmox2"
2.03669566416016e-222,0.467349947847399,0.134,0.036,4.26300769465362e-218,"2","B230220B15Rik"
0,0.467084173716406,0.466,0.199,0,"2","Ndufb7"
0,0.467035410115106,0.549,0.251,0,"2","Park7"
0,0.466808645326016,0.37,0.152,0,"2","Aldoc"
5.15027797084482e-162,0.46656176347009,0.105,0.03,1.07800468207753e-157,"2","Apela"
0,0.466466247589765,0.478,0.204,0,"2","Mlf2"
1.84497162484144e-279,0.466292726257481,0.306,0.123,3.86171010795561e-275,"2","Gabarap"
1.84695007472813e-293,0.466212101405763,0.295,0.11,3.86585120141344e-289,"2","Ccdc115"
5.50194114078138e-156,0.465161063765077,0.147,0.057,1.15161130017695e-151,"2","Cenpx"
3.27899422390344e-246,0.46480937884661,0.208,0.072,6.8632628100523e-242,"2","Nsfl1c"
0,0.464511685795478,0.867,0.561,0,"2","Tpt1"
0,0.4643601453493,0.401,0.172,0,"2","Ndufa11"
8.62419118212606e-202,0.46369988455775,0.203,0.078,1.80512945633081e-197,"2","Arpc3"
0,0.463591237637615,0.476,0.202,0,"2","Hnrnpa1"
0,0.463482072871047,0.639,0.316,0,"2","Uqcrq"
0,0.46260807639979,0.999,0.931,0,"2","Rom1"
0,0.462401716817868,0.747,0.403,0,"2","Rpl13a"
0,0.462216666403749,0.623,0.29,0,"2","Mdh1"
2.85285657923623e-317,0.462153190426453,0.873,0.528,5.97131410599936e-313,"2","Atp5b"
0,0.462091203107962,0.619,0.298,0,"2","Uqcrb"
1.06090780993509e-259,0.462006447315426,0.29,0.118,2.22058613697513e-255,"2","Pam16"
1.66822777040294e-168,0.461966988844343,0.165,0.063,3.49176754623039e-164,"2","Ndufaf8"
6.45846231869504e-215,0.461790221234836,0.185,0.067,1.35182074792606e-210,"2","1810037I17Rik"
2.48484371129576e-277,0.461770595651859,0.289,0.114,5.20102637211315e-273,"2","Vps28"
2.95194036835917e-284,0.461469331384549,0.348,0.146,6.17870638501258e-280,"2","Mrpl54"
6.57419185968483e-155,0.461234781337147,0.125,0.042,1.37604409815063e-150,"2","Hspa1b"
2.60594034369227e-204,0.4605739352709,0.231,0.096,5.45449373338228e-200,"2","Anapc13"
0,0.460546142911063,0.397,0.158,0,"2","Cyth2"
9.51631196897246e-141,0.460021244375422,0.105,0.034,1.99185925822563e-136,"2","Ttll1"
3.63149334030708e-172,0.459961336162605,0.153,0.055,7.60107871059674e-168,"2","Dmac1"
0,0.459700735893589,0.495,0.222,0,"2","Cox7a2l"
0,0.45844537168489,0.992,0.874,0,"2","H3f3b"
6.32400801136075e-149,0.458253033382113,0.109,0.034,1.32367811685792e-144,"2","Scrn3"
0,0.458246297897648,0.62,0.302,0,"2","Rack1"
0,0.457679633370586,0.517,0.228,0,"2","Arl4d"
2.18791453375758e-233,0.457035887395061,0.248,0.098,4.579523910608e-229,"2","Prdx1"
9.03975747052344e-171,0.456091211673401,0.155,0.056,1.89211163615526e-166,"2","Mrps28"
1.69113176501554e-144,0.455922541511276,0.136,0.051,3.53970789735402e-140,"2","Ciao2a"
1.50294999773913e-253,0.455829343608708,0.271,0.109,3.14582464026777e-249,"2","D8Ertd738e"
1.31691048071448e-233,0.455539068482,0.2,0.072,2.75642532718348e-229,"2","Tbcb"
0,0.455526716644862,0.526,0.237,0,"2","Mdh2"
0,0.454571417283191,0.538,0.246,0,"2","Atp5c1"
2.78833554847335e-246,0.45435993502236,0.19,0.061,5.83626513650957e-242,"2","Wdfy1"
0,0.454320310947807,0.767,0.427,0,"2","Smim40"
2.96439387504748e-323,0.454209745172009,0.407,0.171,6.20477281986188e-319,"2","Psmd8"
1.65955266543041e-156,0.453914162818217,0.106,0.032,3.47360968401239e-152,"2","Ddx39"
9.5496526409002e-265,0.453809188785062,0.313,0.133,1.99883779426682e-260,"2","Eif3k"
0,0.453717668830795,0.369,0.147,0,"2","Nudc"
1.56110940553203e-264,0.453612618025829,0.251,0.091,3.2675580967191e-260,"2","Emc8"
2.09019939873927e-149,0.453526562281399,0.106,0.033,4.37499636150118e-145,"2","Naa25"
6.25407897609361e-143,0.453469936792533,0.138,0.052,1.30904127048615e-138,"2","Surf1"
0,0.453340894133633,0.791,0.457,0,"2","Rps14"
0,0.453226973004035,0.743,0.403,0,"2","Rpsa"
2.99923484122076e-235,0.453009132757978,0.268,0.111,6.27769844615918e-231,"2","Sec61b"
2.11218096936101e-227,0.452800590937094,0.246,0.098,4.42100598696954e-223,"2","Ssr2"
1.62351477766938e-312,0.452744055022986,0.415,0.186,3.39817878113978e-308,"2","Rpl35"
1.92518693607156e-306,0.452050075136657,0.348,0.14,4.02960877589138e-302,"2","Trir"
7.84420612617755e-264,0.451986739911529,0.272,0.105,1.64187078427022e-259,"2","Cuedc2"
1.68398420511076e-248,0.451425827894403,0.214,0.075,3.52474733971733e-244,"2","Llph"
0,0.450886383497187,0.547,0.248,0,"2","Prnp"
3.50832694587231e-243,0.450879906439762,0.271,0.111,7.34327913040534e-239,"2","2410006H16Rik"
1.99003417523969e-209,0.450463472706238,0.217,0.087,4.1653405321942e-205,"2","Polr2f"
0,0.449892965950276,0.658,0.322,0,"2","Atp5a1"
0,0.44987539166361,0.613,0.298,0,"2","Pfdn5"
3.14465332020378e-259,0.449828730696205,0.253,0.094,6.58207386451853e-255,"2","Oat"
0,0.449605571531534,0.434,0.186,0,"2","Psmb6"
1.12646967251804e-321,0.449381070226447,0.922,0.657,2.35781367154751e-317,"2","Oaz1"
6.56321885257443e-294,0.449228747877969,0.364,0.151,1.37374733803235e-289,"2","Fis1"
2.66043279817914e-126,0.448964734169703,0.107,0.037,5.56855188986875e-122,"2","Ctdnep1"
1.2303852664979e-279,0.448944966701362,0.316,0.13,2.57531940130676e-275,"2","Polr2j"
2.46433992141033e-197,0.448777826960467,0.174,0.062,5.15810988950397e-193,"2","Trappc5"
2.54896274905801e-225,0.447955268965607,0.194,0.067,5.33523393005332e-221,"2","Pop7"
0,0.447922182975136,0.678,0.342,0,"2","Rpl27"
1.2345580109028e-238,0.44697243665029,0.265,0.105,2.58405337262064e-234,"2","Cfap298"
8.70007561749658e-239,0.446860495409842,0.231,0.088,1.82101282749821e-234,"2","Immp1l"
2.17329145199982e-298,0.44654921579202,0.368,0.152,4.54891633818082e-294,"2","Canx"
3.18162662459223e-314,0.446401848838567,0.347,0.139,6.65946268793399e-310,"2","Psmb3"
6.10157736528725e-222,0.44627068963349,0.245,0.097,1.27712115832828e-217,"2","Hspb6"
0,0.446190247926288,0.759,0.41,0,"2","Rps16"
0,0.445756959169681,0.595,0.287,0,"2","Atp5g1"
8.86503687384352e-202,0.445532324473433,0.123,0.035,1.85554086806419e-197,"2","Rdh10"
6.03243799666221e-148,0.445421335166068,0.103,0.031,1.26264959708137e-143,"2","Akap17b"
1.70159797466578e-129,0.445232411853344,0.102,0.035,3.56161472077293e-125,"2","Pafah1b3"
0,0.445192669577211,0.683,0.347,0,"2","Hmgb1"
8.68142733939029e-277,0.444618525335273,0.199,0.061,1.81710955640778e-272,"2","Gm11961"
7.07475776762142e-268,0.444307571524252,0.24,0.085,1.48081754834084e-263,"2","Cript"
0,0.444200971749689,0.468,0.196,0,"2","Sod2"
1.10442084589434e-206,0.444141605116872,0.185,0.065,2.31166327254143e-202,"2","Eif2s3x"
1.02256842653856e-148,0.443832802285721,0.146,0.055,2.14033797358785e-144,"2","Cdc34"
0,0.443826132654658,0.696,0.364,0,"2","Rps3a1"
6.46385392287631e-284,0.443780778900054,0.31,0.122,1.35294926459724e-279,"2","Ndufa8"
5.69439080336007e-172,0.44275739215572,0.112,0.032,1.1918929390513e-167,"2","Ggct"
1.34648698592407e-318,0.442501423832032,0.411,0.176,2.81833191023766e-314,"2","Ndufs7"
1.59710513801992e-118,0.442277472549456,0.118,0.046,3.3429007643895e-114,"2","Tmsb15b2"
0,0.442133452288384,0.398,0.173,0,"2","Rnasek"
7.01244745738474e-199,0.441880802054363,0.175,0.063,1.4677753773052e-194,"2","Rps19bp1"
2.49844284868057e-231,0.441553868887193,0.185,0.061,5.22949072657331e-227,"2","Smn1"
2.04015767356302e-304,0.441521930161113,0.364,0.148,4.27025402653475e-300,"2","Psmb2"
3.02125901693068e-198,0.441381659798046,0.142,0.044,6.32379724833761e-194,"2","Srebf1"
2.82947245888617e-237,0.441219718992583,0.229,0.084,5.92236880369465e-233,"2","Pitpnb"
3.67131148545616e-233,0.441133295899917,0.25,0.101,7.68442207020828e-229,"2","Gng5"
0,0.440832058458997,0.395,0.162,0,"2","Bcas2"
9.04723964760076e-286,0.440734033815397,0.298,0.114,1.89367773063931e-281,"2","Rab1a"
0,0.440635146907007,0.481,0.206,0,"2","Esrrb"
0,0.440393982409688,0.386,0.156,0,"2","Psmb5"
0,0.44027265450494,0.668,0.326,0,"2","Rpl29"
0,0.440244543218782,0.648,0.323,0,"2","Ndufb11"
5.29578060332914e-308,0.43973238916369,0.754,0.406,1.10845983808282e-303,"2","Eif4g2"
0,0.439049787025489,0.69,0.351,0,"2","Rps10"
1.77332084460427e-259,0.438268806466431,0.268,0.104,3.71173785984119e-255,"2","Polr1d"
4.46240091323814e-320,0.437861256504052,0.363,0.144,9.34025135149875e-316,"2","Cwc15"
3.24614392023412e-306,0.437503766643771,0.931,0.666,6.79450383944204e-302,"2","H3f3a"
3.10423108678291e-224,0.437356558037878,0.227,0.086,6.4974660877453e-220,"2","Nat14"
0,0.437312311233543,0.448,0.18,0,"2","Pfkl"
3.81052082581758e-304,0.437186941073931,0.284,0.101,7.97580114051877e-300,"2","Zfp365"
7.63281153567682e-288,0.437085290228293,0.292,0.111,1.59762378253252e-283,"2","Arl1"
0,0.436678503978827,0.434,0.192,0,"2","Hint1"
4.3007971942527e-279,0.436216863872071,0.761,0.418,9.00199860729033e-275,"2","Adipor1"
7.38279027391332e-275,0.43610660607283,0.314,0.126,1.5452918322328e-270,"2","Hagh"
1.83060741649379e-178,0.435959933682452,0.19,0.075,3.83164438346315e-174,"2","Pcp4l1"
2.89896806592174e-192,0.435824060849202,0.195,0.075,6.0678300587808e-188,"2","Ndufaf3"
1.68309058043325e-314,0.435756319529186,0.388,0.163,3.52287689390484e-310,"2","Edf1"
0,0.435754623840052,0.486,0.216,0,"2","Ndufa7"
1.28250878247759e-273,0.435623215443216,0.328,0.136,2.68441913260383e-269,"2","Gm47543"
0,0.435437209039181,0.989,0.845,0,"2","Unc119"
0,0.435388308964488,0.522,0.238,0,"2","Atp5o"
1.88947274390736e-211,0.435291694852429,0.22,0.085,3.95485540027249e-207,"2","Sdhc"
4.20511887869878e-252,0.435231211637404,0.274,0.109,8.80173432500443e-248,"2","Polr2k"
1.00015005474688e-108,0.434914321615609,0.1,0.037,2.0934140795907e-104,"2","Nomo1"
1.36579850153435e-210,0.434909931100289,0.177,0.061,2.85875284356154e-206,"2","Tmem222"
5.03312579218312e-254,0.434779639881515,0.287,0.117,1.05348355956185e-249,"2","Lamtor2"
3.77115267198668e-248,0.434620949126774,0.225,0.079,7.89339965773532e-244,"2","Strap"
3.21363132335997e-301,0.434557814103765,0.4,0.176,6.72645172292475e-297,"2","Ndufa6"
2.34075135367672e-227,0.434387113727618,0.236,0.09,4.89942665838074e-223,"2","Mrpl2"
1.35363057789987e-238,0.434029386164528,0.212,0.075,2.83328416260222e-234,"2","Sar1a"
0,0.433972404254203,0.673,0.348,0,"2","Hspa8"
9.348398403083e-171,0.433588606477732,0.129,0.042,1.9567132697493e-166,"2","Mecr"
0,0.433574669766813,0.595,0.283,0,"2","Rpl22"
1.85364309694938e-258,0.433299904578538,0.238,0.085,3.87986036622474e-254,"2","Rab11b"
0,0.433012836271211,0.696,0.356,0,"2","Rplp2"
2.03866615828456e-257,0.432495743009371,0.297,0.119,4.2671321359054e-253,"2","4833439L19Rik"
2.95879820578375e-223,0.432039925726851,0.214,0.079,6.19306052452597e-219,"2","Cnih1"
0,0.431871123423922,0.4,0.165,0,"2","Map1lc3b"
0,0.431475583312993,0.476,0.205,0,"2","Selenof"
0,0.431144098416656,0.869,0.544,0,"2","Rps8"
0,0.430718521909138,0.479,0.207,0,"2","Commd1"
1.42354605172469e-246,0.430483024393673,0.236,0.087,2.97962424086495e-242,"2","Eif3d"
0,0.430451636786173,0.484,0.221,0,"2","H2afz"
8.10556740555167e-189,0.429695075622259,0.172,0.063,1.69657631365602e-184,"2","Mrps12"
1.07861347877412e-152,0.429645715492135,0.12,0.04,2.25764587242211e-148,"2","Bpnt1"
8.24657799691946e-302,0.429279316787447,0.321,0.123,1.72609124053521e-297,"2","Jkamp"
3.95948940153748e-310,0.429059829911914,0.376,0.156,8.28760726635809e-306,"2","Swi5"
2.88961727774537e-310,0.428997796817314,0.418,0.177,6.04825792404884e-306,"2","Ctsb"
1.0173909191281e-305,0.428677001800674,0.462,0.207,2.12950093282702e-301,"2","Tspan7"
0,0.428567993296681,0.301,0.106,0,"2","Mgat1"
0,0.428435320072984,0.362,0.143,0,"2","Sf3b6"
8.72706934249828e-183,0.428167414805061,0.178,0.067,1.82666288407831e-178,"2","Lmo1"
8.34193898835234e-167,0.428039758327877,0.173,0.067,1.74605124965203e-162,"2","Adprh"
0,0.427659026679015,0.602,0.293,0,"2","Atp5g3"
6.42908106902446e-309,0.426626950299174,0.319,0.121,1.34567095855751e-304,"2","Vps29"
3.35396755304974e-219,0.426474459564806,0.207,0.075,7.0201894852884e-215,"2","Ramac"
0,0.426442012418067,0.414,0.166,0,"2","Tsn"
8.71845748784389e-180,0.426335783031196,0.147,0.05,1.8248603367806e-175,"2","Pfdn4"
3.40220707579065e-223,0.426200750315847,0.175,0.057,7.12115963033741e-219,"2","Thoc3"
9.6572953621249e-227,0.426189629505351,0.264,0.11,2.02136849224636e-222,"2","Ndufb6"
2.53379016929991e-161,0.426108924811218,0.118,0.038,5.30347620336164e-157,"2","Hax1"
5.47647244489504e-174,0.42598862281565,0.151,0.054,1.14628044744098e-169,"2","Ppt2"
1.235870192012e-235,0.425846494822333,0.255,0.102,2.58679989890033e-231,"2","Timm10b"
1.6554028043765e-279,0.425821572722228,0.36,0.152,3.46492360984044e-275,"2","Pcbp1"
1.12550674100284e-128,0.425560183930817,0.105,0.036,2.35579815959304e-124,"2","Jpt1"
4.67999405240336e-196,0.42521111325782,0.153,0.049,9.79569555108548e-192,"2","2410131K14Rik"
1.21553593655351e-255,0.424803612085672,0.294,0.119,2.54423826880015e-251,"2","Arpc2"
1.4790445425153e-146,0.424732436391037,0.156,0.063,3.09578813193878e-142,"2","Selenoh"
4.59393451613737e-237,0.424693417126846,0.233,0.088,9.61556433572713e-233,"2","Polr2g"
4.61217763381681e-273,0.424585813623195,0.302,0.12,9.65374900534197e-269,"2","Prmt1"
2.17388884170148e-322,0.424417644848188,0.412,0.174,4.55016673456538e-318,"2","Ndufv2"
9.17633224922385e-188,0.424344731332641,0.166,0.059,1.92069810308504e-183,"2","Rtf2"
2.15551756425694e-169,0.424169452273452,0.144,0.051,4.51171381374621e-165,"2","Rab11a"
1.17219296919323e-151,0.424057930695986,0.127,0.045,2.45351710381834e-147,"2","Ift27"
2.93183692813067e-186,0.424009365998279,0.179,0.07,6.13662787427031e-182,"2","1810058I24Rik"
0,0.423975500785652,0.603,0.288,0,"2","Vamp2"
1.76268085643308e-160,0.423575355611732,0.146,0.053,3.68946730060009e-156,"2","Bloc1s2"
7.43829463387414e-221,0.423539333970029,0.181,0.061,1.5569094498162e-216,"2","Pnrc2"
2.4694472829889e-224,0.423537712930511,0.212,0.078,5.16880010802406e-220,"2","Phf5a"
3.9989753658927e-225,0.423165143037076,0.19,0.066,8.37025533835002e-221,"2","Trnau1ap"
0,0.422937999127673,0.472,0.203,0,"2","Ndufb10"
4.71801658040319e-180,0.422790009651041,0.16,0.058,9.87528050444192e-176,"2","Rab5c"
0,0.422490110465782,0.572,0.269,0,"2","Atp5g2"
1.30797156886457e-185,0.422302149099519,0.172,0.063,2.73771529079043e-181,"2","Psmd14"
1.01715393442729e-246,0.42206652413979,0.218,0.076,2.12900490014975e-242,"2","Phyh"
0,0.42190522942056,0.504,0.227,0,"2","Mrfap1"
4.898343101536e-117,0.421882863241037,0.115,0.045,1.0252721945825e-112,"2","Nhp2"
0,0.421680699733143,0.556,0.262,0,"2","Rplp0"
1.39416439927075e-270,0.421455106796502,0.306,0.122,2.9181255041136e-266,"2","Ier3ip1"
2.87299145346075e-277,0.42085297226027,0.31,0.124,6.01345841123871e-273,"2","Trmt112"
1.67663635622271e-238,0.42055965473293,0.231,0.086,3.50936755720976e-234,"2","Rnf5"
3.68235994012969e-241,0.42051812537818,0.249,0.098,7.70754759068546e-237,"2","Pdcd5"
3.94855013195132e-294,0.420406260186932,0.332,0.133,8.26471028118731e-290,"2","Mrps14"
8.46452973934289e-269,0.420074400957019,0.277,0.106,1.77171071974186e-264,"2","Unc50"
3.13081321880784e-310,0.419957512301261,0.375,0.153,6.55310514828668e-306,"2","Hprt"
1.42800261672422e-215,0.419530735439296,0.173,0.057,2.98895227706546e-211,"2","Ythdf2"
2.55630630811789e-159,0.419502092742154,0.139,0.049,5.35060473352156e-155,"2","Tmem184c"
1.62506571908016e-298,0.418682802019088,0.411,0.181,3.40142505660668e-294,"2","Rab3a"
4.25545331334083e-254,0.418045239695415,0.269,0.105,8.9070893301537e-250,"2","Smim7"
3.55522539440874e-160,0.417938083594431,0.116,0.036,7.44144227303694e-156,"2","Mars"
3.05821334455573e-236,0.417830201128136,0.212,0.074,6.4011463514896e-232,"2","Cbll1"
1.93488560783908e-241,0.41778223081207,0.202,0.069,4.04990906576798e-237,"2","Traf3ip3"
5.96823616698162e-105,0.417649919254532,0.121,0.05,1.24921151211092e-100,"2","Wdr66"
3.54782292143182e-181,0.41737004615806,0.129,0.04,7.42594815684894e-177,"2","Kat5"
2.53323429708682e-157,0.417143874145571,0.192,0.082,5.30231270723241e-153,"2","Gm10076"
3.53632589216734e-147,0.416894292760086,0.106,0.033,7.40188372489547e-143,"2","Rnf185"
5.92585013694236e-140,0.416726221959097,0.111,0.037,1.2403396921634e-135,"2","Prdx3"
0,0.416512678865761,0.511,0.234,0,"2","Cox6b1"
9.88131291682493e-324,0.415923833357972,0.449,0.206,2.06825760662063e-319,"2","Ndufa13"
1.00092314531897e-316,0.415754065919729,0.568,0.269,2.09503223546713e-312,"2","H2afv"
1.11614544651444e-287,0.415710272320094,0.335,0.133,2.33620403409938e-283,"2","Tspan5"
1.71394790840636e-165,0.415361652058067,0.148,0.053,3.58746436708536e-161,"2","Pigf"
2.4412563521527e-266,0.415002527041862,0.259,0.096,5.10979367069081e-262,"2","Snhg1"
8.59142348299183e-170,0.414787116103624,0.105,0.029,1.79827084922502e-165,"2","Rnf144b"
5.52899453960312e-200,0.414781717236483,0.176,0.061,1.15727384708433e-195,"2","Borcs5"
9.19266293550273e-291,0.414774142624091,0.325,0.126,1.92411627903008e-286,"2","Cldnd1"
0,0.414742360861987,0.645,0.327,0,"2","Rpl5"
3.93856789185301e-227,0.41473419858817,0.245,0.095,8.24381645443753e-223,"2","Sgtb"
9.3652407162644e-285,0.414674795491236,0.781,0.447,1.9602385343213e-280,"2","Nxnl2"
1.0310438559802e-164,0.41463130760904,0.151,0.055,2.15807789495215e-160,"2","Mrpl12"
3.97460349924383e-267,0.414593406107309,0.249,0.089,8.31924258426727e-263,"2","Acp1"
9.82710953211593e-294,0.414428686035619,0.317,0.121,2.05691229616719e-289,"2","Lsm12"
3.64852888081606e-115,0.414323118820142,0.1,0.036,7.63673580043609e-111,"2","Ndufaf2"
7.51026680483853e-175,0.414122258983498,0.135,0.044,1.57197394492075e-170,"2","Nfyc"
6.48112264440557e-309,0.414100302520689,0.412,0.181,1.35656378070053e-304,"2","Ndufa12"
3.01374531305211e-234,0.413926874330114,0.295,0.128,6.30807031474937e-230,"2","Use1"
1.6977107470491e-292,0.413910970054853,0.661,0.343,3.55347836464847e-288,"2","Faim"
3.32149742740269e-299,0.413509818437957,0.467,0.212,6.95222626529658e-295,"2","Fscn2"
2.50163502298063e-212,0.413318562095501,0.225,0.088,5.23617226660077e-208,"2","Cops6"
4.56552756407495e-132,0.413074435678388,0.122,0.044,9.55610574436528e-128,"2","Ccng1"
6.67870958502633e-302,0.412836979819418,0.607,0.308,1.39792070324186e-297,"2","Tpi1"
4.33832793519734e-177,0.412744065307769,0.146,0.049,9.08055420116156e-173,"2","Pes1"
8.23966005654575e-272,0.412500518951587,0.311,0.123,1.72464324643559e-267,"2","Paqr4"
7.28268647854466e-134,0.412479995240011,0.105,0.034,1.52433910682418e-129,"2","Golt1b"
3.64057344995658e-254,0.412122644755963,0.319,0.14,7.62008428810412e-250,"2","Romo1"
2.11360848649775e-304,0.412013272714956,0.361,0.147,4.42399392308843e-300,"2","1110004F10Rik"
0,0.411948690453434,0.79,0.448,0,"2","Rpl19"
0,0.411833907624168,0.431,0.185,0,"2","Ndufab1"
1.45361897858173e-278,0.41161680854667,0.341,0.141,3.04256988406943e-274,"2","Uqcrfs1"
1.64441189516621e-207,0.411500508693478,0.215,0.083,3.44191853777239e-203,"2","Eif1ad"
1.1497815695985e-262,0.411354391284389,0.262,0.098,2.40660780332662e-258,"2","Htatsf1"
3.58150826662002e-232,0.411278120446404,0.232,0.087,7.49645495286236e-228,"2","Pigt"
1.50211655845772e-276,0.411259335883969,0.27,0.1,3.14408016850785e-272,"2","Grpel1"
4.72472615710626e-161,0.410725937032275,0.117,0.036,9.88932431943911e-157,"2","Nfe2l2"
5.27818385705911e-309,0.410577488444636,0.29,0.105,1.10477666312104e-304,"2","Mrpl41"
0,0.410268208137508,0.787,0.453,0,"2","Rps7"
4.88560329049673e-256,0.409689540580803,0.205,0.067,1.02260562473387e-251,"2","Plekha2"
3.15394920793552e-152,0.409494715004901,0.106,0.032,6.60153108712983e-148,"2","Snx18"
2.06102426696426e-218,0.409486790708816,0.218,0.083,4.3139298931829e-214,"2","Mrpl21"
4.03556259649603e-113,0.409458675783339,0.103,0.037,8.44683607072584e-109,"2","Glod4"
7.57246999310028e-304,0.409436954300661,0.377,0.158,1.58499369425582e-299,"2","Gm17018"
1.45550284549554e-299,0.409254436843538,0.358,0.147,3.04651300590672e-295,"2","Rtraf"
7.75607966918089e-198,0.409210024165827,0.14,0.043,1.62342503555625e-193,"2","Nip7"
5.58214757367883e-240,0.408281421498955,0.263,0.104,1.16839930864672e-235,"2","Tm2d2"
7.26644343964705e-221,0.408237388856019,0.166,0.053,1.52093927635252e-216,"2","Spsb3"
0,0.407983235419024,0.71,0.373,0,"2","Rps6"
2.11164658474794e-268,0.407951072270236,0.266,0.099,4.41988746653591e-264,"2","Pex2"
3.98755967036098e-310,0.407740635776547,0.758,0.413,8.34636114603258e-306,"2","A930003A15Rik"
2.44511915915754e-168,0.406709470725542,0.197,0.084,5.11787891203266e-164,"2","Txn1"
8.20267043566795e-164,0.406364800033522,0.127,0.042,1.71690094888966e-159,"2","Smim12"
1.10600545721394e-282,0.405909520211705,0.617,0.312,2.3149800224945e-278,"2","Hsp90b1"
3.90784268128552e-292,0.405632959653462,0.715,0.383,8.17950551619871e-288,"2","Srsf3"
2.13248072998266e-109,0.405545780550568,0.102,0.038,4.46349541592671e-105,"2","Gtf3c6"
6.65593431522796e-294,0.405126892002058,0.597,0.299,1.39315361152036e-289,"2","Tubb5"
3.44867533507872e-214,0.404903277979104,0.184,0.064,7.21842234385327e-210,"2","U2af1l4"
3.27349932818805e-293,0.404823505833605,0.648,0.338,6.85176144383041e-289,"2","Cpe"
3.51726370557044e-222,0.404638486769315,0.224,0.084,7.3619846621295e-218,"2","Smndc1"
3.20657762889986e-223,0.404559156838906,0.253,0.101,6.7116876350503e-219,"2","Cdc123"
0,0.404549200495349,0.627,0.294,0,"2","Clta"
2.93186562222864e-263,0.404544382825521,0.297,0.118,6.13668793388676e-259,"2","Pdia3"
0,0.404087790577888,0.477,0.211,0,"2","Ndufb5"
0,0.403829584680019,0.559,0.257,0,"2","Emc7"
4.78275722518863e-312,0.403678315483271,0.452,0.201,1.00107891480423e-307,"2","Eef1g"
2.91739871003204e-135,0.403556022876425,0.112,0.04,6.10640723996806e-131,"2","Timm10"
3.30176986180686e-243,0.403400959698927,0.263,0.103,6.91093449774794e-239,"2","Ube2l3"
0,0.403331835482975,0.685,0.353,0,"2","Rpl28"
2.68265561204692e-311,0.403142429952365,0.621,0.303,5.61506646157542e-307,"2","Gpi1"
3.78746482429754e-313,0.402808661672477,0.396,0.162,7.92754262373719e-309,"2","Gnaz"
0,0.402418761864282,0.836,0.508,0,"2","Rps27a"
7.36948317336803e-318,0.40215733594117,0.381,0.154,1.54250652301766e-313,"2","Dnajc8"
3.72634923441931e-189,0.402088120604891,0.164,0.058,7.79962158256307e-185,"2","Sdhd"
0,0.401944396854062,0.366,0.143,0,"2","Gabarapl1"
1.58611299617708e-185,0.401534504321324,0.163,0.058,3.31989311229824e-181,"2","Mrpl27"
1.93281311905448e-256,0.401531041188429,0.182,0.056,4.04557113949294e-252,"2","Steap2"
6.71257349065751e-319,0.401455472893314,0.419,0.178,1.40500875732952e-314,"2","Ywhaq"
3.35714119190634e-175,0.401234227393316,0.142,0.048,7.02683222877915e-171,"2","Rpp25l"
0,0.400904286826345,0.45,0.195,0,"2","Tecr"
2.79945198317552e-157,0.400745713729447,0.13,0.045,5.85953294598468e-153,"2","Clns1a"
1.16653331791886e-273,0.39961419145457,0.252,0.089,2.44167088773597e-269,"2","Twistnb"
2.21694893668958e-247,0.399476250716551,0.235,0.086,4.64029581938497e-243,"2","Jtb"
4.15455264216139e-152,0.39926943708929,0.137,0.049,8.695894135308e-148,"2","Mrpl40"
0,0.399197396560326,0.528,0.248,0,"2","Atp5j"
6.17869188752174e-127,0.399112151839778,0.101,0.034,1.29326199897718e-122,"2","Kbtbd4"
5.28636227239325e-129,0.39893591445308,0.117,0.044,1.10648848723463e-124,"2","Pigyl"
3.9789158636412e-260,0.398826020366847,0.298,0.119,8.3282687941874e-256,"2","Ergic3"
4.33673400332376e-130,0.398813417171594,0.104,0.035,9.07721794235696e-126,"2","Klhdc3"
1.92445053948048e-198,0.398415328562933,0.173,0.06,4.0280674241866e-194,"2","Leprotl1"
4.07470166185883e-180,0.398151968622074,0.148,0.05,8.52875804843672e-176,"2","Hat1"
8.7014820774005e-309,0.397988402938015,0.376,0.157,1.8213072136207e-304,"2","Psma2"
5.41686468177306e-233,0.397866322021577,0.255,0.101,1.13380394654192e-228,"2","Cnpy2"
1.10750123531408e-311,0.39770315513171,0.366,0.145,2.3181108356359e-307,"2","Brd2"
5.32232025145589e-280,0.39754465356745,0.296,0.114,1.11401485183223e-275,"2","Mrpl18"
0,0.397383931880089,0.455,0.203,0,"2","Ndufc2"
8.23455901495149e-162,0.397060858180715,0.116,0.036,1.7235755474195e-157,"2","Rragd"
7.2824732691016e-196,0.396631981330133,0.18,0.065,1.52429447995565e-191,"2","Ypel5"
4.82138320256253e-264,0.396397030131853,0.274,0.105,1.00916371812836e-259,"2","Polr2c"
4.24991984211762e-228,0.396388824651151,0.232,0.091,8.89550722153639e-224,"2","Tceal9"
4.9823624728373e-176,0.395855241571238,0.137,0.045,1.04285828918958e-171,"2","Sae1"
3.92174770056482e-308,0.395624404484502,0.344,0.132,8.20861011205222e-304,"2","Arrdc3"
6.05023600246534e-313,0.395534115742743,0.456,0.2,1.26637489767602e-308,"2","Eif3e"
0,0.395393074390301,0.743,0.408,0,"2","Rpl17"
1.41283806913053e-214,0.395153462588587,0.233,0.092,2.95721136249712e-210,"2","Sdf4"
3.92511769769485e-310,0.394957665692073,0.455,0.205,8.21566385304508e-306,"2","Chmp2a"
2.80603283983375e-129,0.394682276936691,0.108,0.037,5.87330733705603e-125,"2","Ska2"
1.34783454691667e-141,0.394089262570584,0.12,0.042,2.82115249015128e-137,"2","Spryd7"
1.8988231942266e-209,0.393935521387072,0.19,0.069,3.9744268278357e-205,"2","Ssna1"
2.93279060780856e-203,0.393907023179392,0.184,0.066,6.1386240212041e-199,"2","Etf1"
7.4926145982643e-222,0.39368430273504,0.224,0.084,1.5682791615627e-217,"2","Egln1"
9.54595216147093e-141,0.39362707226055,0.124,0.043,1.99806324691748e-136,"2","Alg2"
1.02266526139339e-228,0.393532227564556,0.195,0.066,2.14054065862251e-224,"2","Nolc1"
5.62380498421511e-194,0.393398787559624,0.151,0.048,1.17711862124606e-189,"2","Mex3b"
1.47730798301074e-202,0.393107881320277,0.19,0.072,3.09215333923979e-198,"2","Mrps16"
5.00560097694258e-192,0.393093246529772,0.146,0.047,1.04772234048385e-187,"2","Exosc3"
0,0.392469697710136,0.78,0.461,0,"2","Rpl41"
0,0.391765180999065,0.696,0.369,0,"2","Rps17"
1.31725622564308e-221,0.391639680224069,0.22,0.083,2.75714900589353e-217,"2","Pdia6"
6.98904902577446e-237,0.391618610176984,0.217,0.078,1.46287785158485e-232,"2","Dctn6"
2.80972958901075e-317,0.391608459572359,0.684,0.348,5.88104500275841e-313,"2","Slc25a3"
2.33516104388078e-257,0.391134270673117,0.302,0.124,4.88772558094686e-253,"2","Eif3g"
8.39004387135105e-305,0.390957432706415,0.344,0.135,1.75612008271249e-300,"2","Ubl3"
1.50868030909928e-247,0.390649421170675,0.311,0.129,3.15781875497571e-243,"2","Kpna2"
2.78780892001093e-308,0.390352444050882,0.374,0.153,5.83516285047487e-304,"2","Dpy30"
0,0.390071339922475,0.457,0.213,0,"2","Atp5md"
4.85655421228831e-284,0.389951898275377,0.375,0.16,1.01652536217407e-279,"2","Psmc5"
1.00009832203681e-209,0.389951042293579,0.223,0.089,2.09330579785525e-205,"2","Ap2s1"
1.96762330908033e-197,0.389803451524143,0.212,0.083,4.11843234823604e-193,"2","Aip"
3.77337503838132e-206,0.389747158780451,0.186,0.066,7.89805129283594e-202,"2","Tmx2"
5.65268247534756e-198,0.389669011825324,0.19,0.071,1.183162968915e-193,"2","Mrps18a"
4.53601802172951e-190,0.38948253776169,0.155,0.052,9.49433932128203e-186,"2","Sin3a"
5.21726928888765e-102,0.38919453302233,0.104,0.041,1.09202663485707e-97,"2","Meig1"
4.02706890205634e-316,0.389154510682868,0.531,0.241,8.42905791889412e-312,"2","Dnajc5"
5.55759151128915e-163,0.388803543084736,0.11,0.033,1.16325947922793e-158,"2","Zfp354a"
1.59309152151056e-185,0.388651699736348,0.183,0.071,3.33449986367375e-181,"2","Tomm5"
9.1095847769473e-307,0.388638317366182,0.402,0.166,1.90672718966284e-302,"2","Sdc4"
2.22044501153404e-89,0.388373299159474,0.105,0.044,4.64761345364189e-85,"2","Tusc2"
0,0.388346839415833,0.638,0.323,0,"2","Rpl14"
0,0.388181576458533,0.741,0.413,0,"2","Cox6c"
2.21569333034481e-223,0.388134184343843,0.26,0.112,4.63766770974473e-219,"2","Ndufa3"
7.88896677662947e-291,0.387841150896388,0.396,0.169,1.65123963601631e-286,"2","Uqcrc1"
8.64865862857854e-226,0.387537702439548,0.251,0.101,1.81025073754777e-221,"2","Tmem147"
1.04625293110453e-205,0.387520923652942,0.221,0.09,2.18991201009489e-201,"2","Polr2i"
1.97123076106284e-155,0.387299607443335,0.13,0.045,4.12598310598064e-151,"2","Eif2b2"
1.29279059535063e-134,0.38711035053446,0.112,0.038,2.70593999512841e-130,"2","Ormdl2"
1.28746521124887e-257,0.387060336105217,0.821,0.488,2.69479343366501e-253,"2","Vtn"
1.64299452508543e-117,0.387055612200252,0.126,0.051,3.43895184045632e-113,"2","Nme5"
2.37589171538935e-296,0.386637970674416,0.346,0.137,4.97297894948144e-292,"2","Amd1"
3.90958659313997e-152,0.386451973690797,0.139,0.05,8.18315569810127e-148,"2","Amfr"
1.14902642432404e-207,0.386426811572562,0.2,0.075,2.40502720875264e-203,"2","Mrps11"
6.63029458452935e-315,0.386240158292246,0.477,0.215,1.38778695948784e-310,"2","Psma7"
0,0.385955960958882,0.5,0.23,0,"2","Ndufa2"
7.45530664023545e-255,0.385837518502602,0.793,0.467,1.56047023286768e-250,"2","Anp32a"
4.28439075014673e-276,0.38579973027106,0.702,0.382,8.96765827913213e-272,"2","Cirbp"
4.25528917898082e-150,0.385506931805031,0.14,0.051,8.90674578052475e-146,"2","Pdzd11"
1.48160802680843e-191,0.385367849589161,0.192,0.072,3.10115376091273e-187,"2","Gdpd1"
4.71410060594289e-311,0.385367275595698,0.498,0.224,9.86708397829907e-307,"2","Ptp4a2"
6.9740880071346e-193,0.385224353980092,0.185,0.068,1.45974636077334e-188,"2","Tram1"
0,0.385209615522716,0.727,0.397,0,"2","Rpl24"
8.27664843921517e-254,0.385097948922657,0.303,0.123,1.73238528481213e-249,"2","Ubtd1"
2.09243933481047e-209,0.38482935767503,0.149,0.046,4.37968477169179e-205,"2","5033430I15Rik"
1.03957117789364e-146,0.384818609269483,0.139,0.051,2.17592643244918e-142,"2","Bccip"
6.54175985649242e-305,0.384480808657905,0.446,0.194,1.36925575556243e-300,"2","D16Ertd472e"
3.19907779625951e-160,0.383764377790883,0.113,0.034,6.69598973535078e-156,"2","Champ1"
2.89393958482149e-183,0.383712691802039,0.188,0.073,6.05730494498986e-179,"2","Pdcl3"
2.9315673640148e-191,0.383515071297226,0.165,0.058,6.13606364961937e-187,"2","Cystm1"
3.81540918827687e-246,0.383317365091248,0.95,0.755,7.98603297198232e-242,"2","Guca1b"
4.27211924438043e-281,0.38313343456423,0.344,0.144,8.94197279041267e-277,"2","Tomm7"
6.74187565078931e-173,0.38303383259355,0.149,0.052,1.41114199246671e-168,"2","Mcfd2"
7.55067960896291e-282,0.382947330979532,0.293,0.112,1.58043274895203e-277,"2","Ostc"
0,0.381939260274912,0.804,0.473,0,"2","Rpl30"
6.59524115372703e-134,0.381683323357933,0.117,0.042,1.3804499258866e-129,"2","Pqbp1"
0,0.381512813684927,0.999,0.958,0,"2","Prph2"
3.07794567060428e-202,0.381425889240069,0.168,0.056,6.44244808314181e-198,"2","Nrbf2"
3.04529241849437e-285,0.381273992033675,0.753,0.415,6.37410156115056e-281,"2","Ssu72"
1.30269617560753e-142,0.381263358711618,0.141,0.054,2.72667336516411e-138,"2","Gcsh"
1.2946667226899e-184,0.38103912218411,0.157,0.054,2.70986691726223e-180,"2","Otub1"
2.55872639603072e-128,0.380709527470067,0.1,0.034,5.35567021953189e-124,"2","Tmem38a"
2.54771807737732e-105,0.38039368844814,0.109,0.043,5.33262870775848e-101,"2","B9d1"
1.41227559773992e-175,0.379966859312468,0.147,0.051,2.95603405362943e-171,"2","Nifk"
9.9915290810992e-318,0.379735304563559,0.408,0.168,2.09132695196487e-313,"2","G3bp2"
2.90487106232532e-283,0.379493915039937,0.311,0.12,6.08018562055312e-279,"2","Samd8"
2.05531308669959e-321,0.379366133700118,0.458,0.197,4.3019758217709e-317,"2","Cfap36"
4.98563927803381e-158,0.379314489641946,0.13,0.045,1.04354415728526e-153,"2","A930015D03Rik"
1.37265988429487e-160,0.379130144377583,0.128,0.043,2.87311440381759e-156,"2","Nat9"
1.34461066072203e-268,0.378832360039623,0.318,0.13,2.81440457395728e-264,"2","Snu13"
5.29521525651474e-172,0.378625099790548,0.184,0.072,1.1083415053411e-167,"2","Bola3"
5.16967941604296e-157,0.378542397123572,0.128,0.043,1.08206559857195e-152,"2","Gnpda2"
7.26206277292813e-140,0.378196232634036,0.112,0.038,1.52002235900159e-135,"2","Dtd2"
3.07175039655776e-144,0.378078446841532,0.115,0.038,6.42948075503505e-140,"2","Ugdh"
1.23802837469002e-192,0.377848625280161,0.205,0.084,2.59131719106369e-188,"2","Fkbp2"
2.48107255529838e-225,0.37774554283822,0.19,0.064,5.19313296549503e-221,"2","Vps37c"
5.28887587548656e-248,0.377650059869495,0.234,0.085,1.10701460949809e-243,"2","BC003965"
0,0.377397657012943,0.745,0.417,0,"2","Rps20"
3.82376295073708e-158,0.377314619465821,0.132,0.045,8.00351823218777e-154,"2","Rcan3"
3.35964639172048e-322,0.377144738670061,0.569,0.273,7.03207586251013e-318,"2","Rpl7a"
3.85362615729667e-230,0.376933730607499,0.205,0.071,8.06602490983766e-226,"2","Hpcal1"
2.56598086192306e-158,0.376902431507319,0.11,0.034,5.37085454209116e-154,"2","Anxa7"
0,0.37670613783038,0.727,0.394,0,"2","Rpl3"
3.26333877927451e-239,0.376440067526456,0.217,0.077,6.83049439889947e-235,"2","Bpgm"
1.02314243334314e-222,0.376159993134758,0.171,0.055,2.14153942723052e-218,"2","Mid1ip1"
9.69268105115274e-159,0.376102756213753,0.112,0.034,2.02877507081678e-154,"2","Gnai3"
4.43709458766003e-153,0.375837372988516,0.144,0.053,9.2872826814312e-149,"2","Gnl1"
4.92843158202504e-128,0.375384577300181,0.103,0.035,1.03157001443366e-123,"2","Ruvbl2"
2.79252867543523e-261,0.37455690565205,0.309,0.125,5.84504177055347e-257,"2","Atp6v1a"
1.56079128395514e-202,0.374497904282896,0.149,0.047,3.2668922364465e-198,"2","Eepd1"
5.45168238640379e-159,0.374301886530702,0.112,0.034,1.14109164029818e-154,"2","Hadh"
5.51896553985475e-312,0.374202155369,0.383,0.155,1.155174677147e-307,"2","Eif1a"
2.2306336833503e-274,0.373815013308889,0.279,0.104,4.66893936262052e-270,"2","Gtf2a1"
1.02351718228654e-201,0.373808626827971,0.221,0.087,2.14232381424395e-197,"2","Sod1"
1.41783621711312e-260,0.373732808921371,0.369,0.164,2.96767298603947e-256,"2","Eif3h"
4.84193678405025e-256,0.373722462571333,0.245,0.089,1.01346578826956e-251,"2","Med6"
1.29443433845006e-189,0.373654681445024,0.195,0.074,2.70938051380982e-185,"2","Uap1"
9.55480068196429e-311,0.373450782928378,0.367,0.148,1.99991533074195e-306,"2","Srp9"
5.64366511685495e-222,0.373384595641774,0.221,0.082,1.18127554560891e-217,"2","Nudt21"
3.10804556643398e-210,0.373265012245938,0.209,0.08,6.50545017510296e-206,"2","Eif1ax"
1.07922827083028e-307,0.373202790321229,0.437,0.187,2.25893269367486e-303,"2","Tsg101"
9.3392575787256e-178,0.373174016195444,0.132,0.042,1.95480000380306e-173,"2","Commd7"
9.59318141836545e-217,0.372380302249805,0.205,0.074,2.00794880267807e-212,"2","Bcl7b"
1.02062615717161e-251,0.372031180519495,0.319,0.142,2.13627260957589e-247,"2","Dynlrb1"
5.20265306488081e-214,0.371914182247177,0.265,0.111,1.0889673130102e-209,"2","Pkig"
8.97461577618988e-181,0.37181873028894,0.174,0.066,1.8784768281143e-176,"2","Eef1d"
1.47356484444855e-142,0.371790656703297,0.124,0.044,3.08431857591527e-138,"2","Surf4"
7.59997578282306e-201,0.371715011257278,0.194,0.071,1.5907509311027e-196,"2","Maf1"
4.22882375364276e-157,0.371611929914666,0.135,0.047,8.85135099874967e-153,"2","Borcs6"
5.01825086053196e-239,0.370819222271226,0.296,0.124,1.05037008761795e-234,"2","Psma4"
8.35920993386555e-206,0.370818651584654,0.18,0.063,1.7496662312574e-201,"2","Rce1"
4.10842902492935e-184,0.370522087183231,0.197,0.077,8.59935279207962e-180,"2","Psmc1"
4.69677450610751e-156,0.37046207919124,0.108,0.032,9.83081871873362e-152,"2","Ints12"
1.15203060764734e-216,0.370326385884478,0.21,0.078,2.41131526486664e-212,"2","Ufm1"
3.36809139973782e-159,0.37007571982007,0.165,0.065,7.04975210879124e-155,"2","Mettl9"
8.48203222179208e-223,0.36993451770302,0.183,0.062,1.7753741643433e-218,"2","Tiprl"
6.42067929206651e-151,0.369860620134427,0.143,0.053,1.34391238262244e-146,"2","Pmvk"
1.71850884909418e-222,0.368989613922968,0.236,0.093,3.59701087203903e-218,"2","Mrps36"
1.2570450797543e-288,0.368821036707987,0.362,0.154,2.63112105643372e-284,"2","Pomp"
4.97737926865028e-309,0.368783411935492,0.807,0.48,1.04181525472119e-304,"2","Rpl10a"
1.67728040565069e-201,0.368531443454638,0.199,0.075,3.51071561706746e-197,"2","Mtpn"
0,0.368250161486183,0.687,0.361,0,"2","Rps18"
6.14164890107115e-233,0.368123887502673,0.32,0.144,1.2855085314832e-228,"2","Chgb"
2.87070628484726e-166,0.368097026494932,0.128,0.041,6.0086753248138e-162,"2","Rnf34"
6.66049056322704e-173,0.368049901754941,0.137,0.045,1.39410727978905e-168,"2","Tsfm"
4.27121946777308e-282,0.368019843505653,0.447,0.2,8.94008946799582e-278,"2","Raly"
1.26275117263796e-233,0.367926307749594,0.252,0.098,2.64306447944851e-229,"2","Eif4b"
2.3215411892287e-141,0.367597501175871,0.109,0.036,4.8592178631746e-137,"2","Dnaja3"
2.49107610138345e-313,0.367377725329782,0.432,0.182,5.21407138780569e-309,"2","Add3"
5.0656614695122e-156,0.367306143220246,0.131,0.045,1.0602936021836e-151,"2","Tsr2"
6.34848498769981e-265,0.367264937384077,0.327,0.134,1.32880139277545e-260,"2","Lgmn"
1.48155577855233e-212,0.367166451117659,0.197,0.071,3.10104440008788e-208,"2","Sf3a3"
4.90888572024951e-261,0.366948485637707,0.249,0.09,1.02747887010543e-256,"2","Krr1"
1.14688351233997e-300,0.366884449958906,0.459,0.204,2.40054187967879e-296,"2","Snrpb"
4.04543027581522e-136,0.366788332527427,0.142,0.055,8.46749011030883e-132,"2","Ppie"
3.71123429252521e-239,0.366728487593396,0.938,0.704,7.76798449768452e-235,"2","Neurod1"
2.45948223592943e-310,0.366357423215757,0.638,0.32,5.1479422680239e-306,"2","Atp5f1"
5.65791723749732e-235,0.366259437491371,0.228,0.083,1.18425865698056e-230,"2","Bag5"
1.21892907748233e-267,0.365925233436805,0.288,0.111,2.55134045207827e-263,"2","Med19"
1.60798989441275e-176,0.36574307517284,0.15,0.053,3.36568364799533e-172,"2","Vta1"
0,0.365517406415975,0.679,0.361,0,"2","Rps9"
5.35397225948013e-126,0.36547887749451,0.11,0.039,1.12063993363179e-121,"2","Prelid3b"
2.1309541765816e-173,0.365355981328292,0.166,0.062,4.46030018700295e-169,"2","Cox19"
1.18014300242529e-195,0.365215334560256,0.173,0.06,2.47015731837638e-191,"2","Mak16"
1.31235861447145e-213,0.365081123046761,0.251,0.102,2.7468978159502e-209,"2","Serinc3"
3.93945297399241e-209,0.365065874853618,0.223,0.087,8.24566901986352e-205,"2","Scamp1"
2.28016689047497e-246,0.36468687709525,0.333,0.142,4.77261731845316e-242,"2","Gadd45a"
2.24381821224092e-237,0.364671664750659,0.303,0.134,4.69653590004148e-233,"2","Lamtor4"
1.18737152192553e-307,0.364479036778451,0.468,0.205,2.48528733254232e-303,"2","Tnfaip3"
5.75363178606765e-295,0.364337993416843,0.458,0.208,1.20429266914182e-290,"2","Mrps33"
0,0.364009292016312,0.812,0.492,0,"2","Rpl13"
2.39675784427664e-142,0.363912108900521,0.114,0.039,5.01665384385543e-138,"2","Nxt1"
1.44598549157319e-187,0.363720822985226,0.142,0.045,3.02659223241183e-183,"2","Nup50"
1.39591305017456e-267,0.363446511046932,0.7,0.371,2.92178560532037e-263,"2","Nap1l1"
2.87894612974095e-171,0.363015186799605,0.135,0.044,6.02592214416078e-167,"2","Lrrc57"
3.81839257688816e-285,0.362927286691014,0.389,0.164,7.9922775026846e-281,"2","Cds1"
0,0.362785999108172,0.761,0.434,0,"2","Rpl23"
0,0.362773228244214,0.721,0.39,0,"2","Rps15a"
2.82116274042757e-250,0.362312030574319,0.532,0.267,5.90497573198895e-246,"2","Hist1h1c"
4.04083110462222e-164,0.362274887333258,0.147,0.052,8.45786358508477e-160,"2","Rab8a"
3.40725816063576e-284,0.362033230521906,0.452,0.204,7.13173205602671e-280,"2","Ypel3"
1.0982946128732e-230,0.361783007603875,0.287,0.121,2.29884045420489e-226,"2","Esd"
1.96006711149431e-318,0.361378512195814,0.488,0.219,4.10261647106874e-314,"2","Gabarapl2"
9.19893285788371e-178,0.361024429548854,0.139,0.045,1.92542863648364e-173,"2","Pphln1"
2.97078463829018e-292,0.360713270088166,0.411,0.18,6.21814932640517e-288,"2","BC031181"
2.02519557717506e-252,0.360494113942621,0.332,0.143,4.23893686258511e-248,"2","Tubb4b"
2.69648416874719e-300,0.359972704183778,0.326,0.125,5.64401101360475e-296,"2","Ifrd1"
5.29190819049772e-229,0.359933890765164,0.933,0.695,1.10764930335308e-224,"2","Rs1"
2.1464052033516e-208,0.359915862413305,0.196,0.072,4.49264073113524e-204,"2","Mydgf"
1.71652106187714e-216,0.359678138892811,0.251,0.103,3.59285023461504e-212,"2","Chmp5"
3.41966675408659e-245,0.359631044001566,0.261,0.101,7.15770448297863e-241,"2","Cnih4"
5.84913560226203e-294,0.358922786938375,0.67,0.357,1.22428257290946e-289,"2","Chchd10"
3.05371927386729e-241,0.35892254132901,0.292,0.122,6.39173981213162e-237,"2","Mrpl51"
3.21142398644182e-307,0.358921858895482,0.611,0.294,6.72183154602137e-303,"2","Hk1"
0,0.358882460417188,0.55,0.26,0,"2","Pebp1"
4.93956772075535e-190,0.358878806892116,0.186,0.069,1.0339009196313e-185,"2","Lsm8"
4.76100891672632e-218,0.358502732873479,0.211,0.078,9.96526776359986e-214,"2","Alkbh7"
1.40793718019199e-312,0.357928896818512,0.43,0.181,2.94695331185986e-308,"2","Alpl"
4.21518301743766e-145,0.357885853233003,0.116,0.039,8.82279957379877e-141,"2","Snhg5"
3.20911447499459e-251,0.357642641465374,0.986,0.828,6.71699750761117e-247,"2","Hmgn1"
1.42026460911547e-212,0.357289140717874,0.193,0.069,2.97275585333959e-208,"2","Timm22"
1.80657547147266e-276,0.357008104599295,0.358,0.149,3.78134311933943e-272,"2","Cct2"
1.09029431527467e-270,0.356565921654422,0.294,0.113,2.2820950313014e-266,"2","Aktip"
1.72503811500659e-207,0.356452904233513,0.185,0.065,3.61067727852029e-203,"2","Tgoln1"
2.64621273483106e-179,0.356243081945317,0.176,0.066,5.53878787527489e-175,"2","Prpsap2"
4.67571809882808e-193,0.355566404009024,0.156,0.052,9.78674555265706e-189,"2","Mfap1b"
5.68595202512271e-227,0.35549412595463,0.909,0.639,1.19012661837843e-222,"2","Agpat3"
2.85845509312372e-312,0.355315127215302,0.515,0.246,5.98303235541727e-308,"2","Itm2b"
1.21885572707181e-251,0.355136763640047,0.279,0.109,2.551186922334e-247,"2","Aqp1"
1.03957285929486e-211,0.354675252406864,0.228,0.089,2.17592995179006e-207,"2","Rpn1"
3.7336973678258e-147,0.354572500760031,0.12,0.041,7.81500196059617e-143,"2","Calu"
2.24908495864629e-242,0.354319648277984,0.241,0.092,4.70755972694255e-238,"2","Pgrmc1"
1.0575099591822e-311,0.353993472951882,0.38,0.155,2.21347409556427e-307,"2","Pacsin1"
7.39985895819516e-167,0.353908174628668,0.152,0.054,1.54886447853983e-162,"2","Cep19"
3.12659948459293e-181,0.353637677124564,0.16,0.056,6.54428538120145e-177,"2","Actr6"
3.11259820775531e-265,0.353460343915051,0.3,0.12,6.51497930865264e-261,"2","Chchd1"
6.35498194812261e-265,0.353339518051517,0.302,0.12,1.33016127156154e-260,"2","Syf2"
8.64560717411571e-242,0.353326467369181,0.803,0.486,1.80961203761416e-237,"2","Ndufs2"
4.24580418308133e-230,0.35316411509415,0.938,0.747,8.88689273560753e-226,"2","Kcnb1"
1.31988410160392e-225,0.353000239661489,0.775,0.452,2.76264941306717e-221,"2","Atp1b2"
1.94899968685164e-153,0.352791426233941,0.12,0.039,4.07945124454917e-149,"2","Mrpl44"
4.81773831791652e-231,0.352648719891605,0.199,0.069,1.00840080732311e-226,"2","Emc2"
1.0570949507916e-317,0.35259958394442,0.815,0.508,2.21260544150189e-313,"2","Rps24"
1.97626258336499e-323,0.352142178173472,0.496,0.221,4.13651521324125e-319,"2","Nol7"
2.04017081162622e-297,0.352038263496616,0.52,0.239,4.27028152581484e-293,"2","Tmem237"
3.46711132438819e-230,0.351926450253237,0.272,0.11,7.25701071307692e-226,"2","Uba1"
4.99252248764559e-133,0.351782104455725,0.104,0.034,1.0449848818891e-128,"2","Inip"
4.92883905895991e-196,0.351685729941153,0.219,0.09,1.0316553034309e-191,"2","Pop5"
1.60191603198839e-155,0.351586039973898,0.156,0.06,3.3529704465549e-151,"2","Vti1b"
6.66242823299961e-167,0.351492257507526,0.161,0.06,1.39451285344915e-162,"2","Mrpl13"
2.57983641007206e-203,0.351409958267666,0.194,0.071,5.39985558992183e-199,"2","Sap18"
1.58845998869207e-229,0.351363183497575,0.213,0.077,3.32480560233137e-225,"2","Mcrs1"
3.47686301345924e-200,0.351356755991301,0.21,0.081,7.27742197347154e-196,"2","Mrpl17"
9.15213698397605e-293,0.351285184031208,0.518,0.239,1.91563379211603e-288,"2","Ddx6"
1.31053844881963e-237,0.351216690926964,0.256,0.099,2.74308802722436e-233,"2","Sdf2"
1.78191765596407e-206,0.351192942619111,0.214,0.082,3.72973184569839e-202,"2","Adh5"
9.18104448037874e-167,0.350983781184347,0.144,0.052,1.92168442018807e-162,"2","Etfb"
1.55762907981489e-193,0.350508908100778,0.226,0.094,3.26027342696055e-189,"2","Mrpl30"
2.75546871997319e-195,0.350485135756825,0.29,0.129,5.76747157777588e-191,"2","Trib1"
4.19673079936643e-161,0.350300740138654,0.156,0.058,8.78417723615387e-157,"2","Sirpa"
1.29440403768123e-188,0.350220696444831,0.142,0.045,2.70931709127059e-184,"2","Naaa"
0,0.350214179229118,0.55,0.266,0,"2","Rps26"
8.27444100102596e-132,0.350158052039436,0.136,0.052,1.73192324592474e-127,"2","Zdhhc16"
2.50023724335862e-160,0.350039660948257,0.106,0.031,5.23324657407392e-156,"2","Slc25a29"
3.63691981886286e-159,0.349906855321038,0.143,0.051,7.61243687286186e-155,"2","Twf1"
9.86218291603717e-252,0.349593853583482,0.285,0.113,2.06425350615574e-247,"2","Upf3a"
3.24690353792514e-205,0.349578149505662,0.24,0.099,6.7960937952311e-201,"2","Mrpl28"
1.28550759761937e-198,0.34956984782988,0.168,0.058,2.6906959525771e-194,"2","Sdc3"
7.24449620133324e-282,0.349110121786341,0.349,0.148,1.51634549990106e-277,"2","Prdx5"
1.97013177629646e-208,0.349088041157652,0.218,0.085,4.12368282096613e-204,"2","Mcrip1"
3.32969727979812e-230,0.349010647358024,0.222,0.082,6.96938937634544e-226,"2","Emg1"
9.13656204899088e-248,0.348749758085532,0.274,0.108,1.91237380247428e-243,"2","Dbndd2"
0,0.34874324557508,0.635,0.322,0,"2","Naca"
1.51230574248799e-245,0.348695667072184,0.267,0.104,3.1654071496016e-241,"2","Card19"
9.03191432416689e-302,0.348368264070749,0.482,0.23,1.89046998719137e-297,"2","Cox7b"
3.03559780688907e-230,0.348341956232734,0.262,0.106,6.35380976959952e-226,"2","Coq7"
9.83863911201742e-135,0.348310071123188,0.14,0.054,2.05932555253637e-130,"2","Chchd6"
2.23029038290699e-312,0.348119233715973,0.765,0.447,4.66822080046263e-308,"2","Rpl21"
3.45317045230041e-298,0.347845907638037,0.416,0.178,7.22783107370998e-294,"2","Fam171b"
0,0.347782814597402,0.691,0.367,0,"2","Rps25"
7.49424216598212e-173,0.347757276117479,0.174,0.066,1.56861982776172e-168,"2","Fam192a"
1.10137983670234e-187,0.347543012050946,0.198,0.077,2.30529813620166e-183,"2","Bcap31"
6.41464761319573e-128,0.347452761442207,0.11,0.038,1.342649891918e-123,"2","Tapbp"
1.17629306231082e-256,0.346739425213478,0.334,0.15,2.46209900872278e-252,"2","Timm8b"
9.72471103113126e-132,0.346490657989363,0.11,0.039,2.03547926592608e-127,"2","Tmem14c"
1.59086649070121e-134,0.346406969703941,0.105,0.035,3.3298426516867e-130,"2","Czib"
8.02268181636188e-124,0.346128985670174,0.135,0.056,1.67922753098271e-119,"2","Chga"
4.49057797565304e-298,0.345911081557292,0.391,0.165,9.39922876083938e-294,"2","Scp2"
4.42942986977899e-297,0.3457410813711,0.441,0.203,9.2712396604344e-293,"2","Ndufb4"
1.59988757800221e-200,0.345439696406314,0.186,0.068,3.34872468951642e-196,"2","Foxo3"
4.1062804138009e-188,0.345353150529006,0.186,0.07,8.59485553412666e-184,"2","Rexo2"
2.40532915702681e-312,0.345261826946953,0.544,0.261,5.03459445857281e-308,"2","Ndufs5"
3.70017484127383e-177,0.345255105864627,0.179,0.069,7.74483596027026e-173,"2","Clptm1"
2.70710024812702e-275,0.345117262175899,0.349,0.147,5.66623152935467e-271,"2","Ss18l2"
3.04995798719286e-243,0.345031658509792,0.275,0.111,6.38386706299337e-239,"2","Dph3"
6.61824226578043e-192,0.34483388706601,0.19,0.071,1.3852642886505e-187,"2","Mrps7"
1.50763138445449e-222,0.344747298419103,0.249,0.1,3.1556232508017e-218,"2","Ppp1ca"
1.85401197891615e-201,0.344662265124121,0.233,0.094,3.8806324730694e-197,"2","Smpd1"
3.82327760997252e-171,0.344643267755146,0.164,0.06,8.00250236543348e-167,"2","Pex11a"
4.2096441313829e-159,0.344109686528965,0.134,0.047,8.81120613139756e-155,"2","Prkag1"
0,0.344025646796798,0.592,0.292,0,"2","Rpl36"
4.6583832936218e-292,0.343510564041607,0.449,0.198,9.75046207187978e-288,"2","Ormdl3"
2.40058938938182e-202,0.343468569755187,0.19,0.071,5.02467365091509e-198,"2","Denr"
1.44870051368163e-118,0.343402123599709,0.106,0.038,3.03227504518701e-114,"2","Ppp1r35"
1.05418482920691e-188,0.343272229787358,0.228,0.096,2.20651426601298e-184,"2","Krtcap2"
6.07409801937055e-277,0.343092382535473,0.303,0.118,1.27136945643445e-272,"2","Txnl1"
3.2173382893272e-152,0.342903775848513,0.126,0.043,6.73421077339077e-148,"2","Tvp23b"
1.03206785327401e-191,0.342775506284768,0.175,0.063,2.16022122368783e-187,"2","Dhrs7"
8.37768096688906e-183,0.342772739319544,0.157,0.054,1.75353240317955e-178,"2","Med7"
7.09793534541552e-279,0.342682380401312,0.293,0.113,1.48566884714892e-274,"2","Timm23"
1.38906711320997e-171,0.342521123239932,0.148,0.052,2.90745637465979e-167,"2","Itpa"
2.90328104258186e-285,0.342376408023125,0.375,0.161,6.0768575502281e-281,"2","Srp14"
2.70663515892926e-308,0.341930770314593,0.576,0.286,5.66525805115484e-304,"2","Calm2"
9.02116794247207e-241,0.341737788658626,0.697,0.385,1.88822066203883e-236,"2","Atf4"
4.57108443047383e-295,0.341351232495301,0.417,0.19,9.56773682142478e-291,"2","Smdt1"
3.99993734649753e-282,0.340608914420797,0.351,0.146,8.37226885995399e-278,"2","Paip2"
1.26452537329487e-189,0.34045509970697,0.167,0.059,2.64677805884348e-185,"2","Dda1"
3.83808869529527e-303,0.340340933329178,0.411,0.174,8.03350344812253e-299,"2","Ube2b"
8.3672436286082e-166,0.340249965682581,0.119,0.037,1.75134776390398e-161,"2","Abca13"
3.1683903924791e-223,0.340193766740998,0.299,0.133,6.631757930498e-219,"2","Eef1b2"
4.27324159587917e-207,0.339967318151548,0.218,0.084,8.94432198433468e-203,"2","Znrd1"
1.09944566314297e-183,0.339928599475898,0.182,0.07,2.30124971752455e-179,"2","Tm2d3"
5.72161932109895e-210,0.339919552309736,0.193,0.069,1.19759214009922e-205,"2","Bbx"
1.11381514302851e-304,0.339799712581666,0.675,0.356,2.33132647587297e-300,"2","Atp5l"
4.31083540280739e-173,0.339655234936406,0.199,0.083,9.02300958161616e-169,"2","Nop10"
5.68946519270062e-142,0.339644664424327,0.161,0.066,1.19086195948417e-137,"2","Ten1"
1.12665355370037e-203,0.339615984805547,0.213,0.082,2.35819855325024e-199,"2","Tmem107"
9.29906952184141e-207,0.339516329906261,0.269,0.117,1.94638824161663e-202,"2","Cox14"
1.24697592685961e-179,0.339434714686392,0.171,0.063,2.61004531250986e-175,"2","Alkbh6"
7.00123820659422e-260,0.339310948850298,0.293,0.118,1.46542916902224e-255,"2","Snrpe"
4.1049592597021e-165,0.339284306321288,0.115,0.035,8.59209022648246e-161,"2","Rhbdd3"
9.1022710118464e-149,0.339252460375272,0.15,0.057,1.90519634548957e-144,"2","Stoml2"
8.9821463157955e-164,0.338638671565483,0.157,0.058,1.88005304535916e-159,"2","Samm50"
9.34448327310579e-142,0.338227276531438,0.14,0.053,1.95589379389377e-137,"2","Dgcr6"
6.66482147666308e-134,0.337828655575294,0.118,0.042,1.39501378328035e-129,"2","Tor1a"
1.26709597463401e-200,0.337498451057699,0.227,0.092,2.65215858450644e-196,"2","Tmbim4"
5.64788491749403e-233,0.337167183593642,0.209,0.074,1.18215879208068e-228,"2","Rap1a"
3.21220664244414e-282,0.336946436126514,0.367,0.159,6.72346972329982e-278,"2","Fkbp3"
9.53937262354703e-235,0.33657092948434,0.277,0.112,1.99668608383463e-230,"2","Lrrc8b"
1.15684398646573e-285,0.336479556498725,0.402,0.171,2.42139014807143e-281,"2","Trib2"
3.93303449120122e-246,0.336355358346904,0.316,0.134,8.23223449353328e-242,"2","Sdhaf4"
2.56495810570665e-158,0.336290781278607,0.129,0.044,5.36871381105459e-154,"2","Ccdc32"
9.76570685706668e-287,0.336258311934493,0.367,0.159,2.04406010225263e-282,"2","Sub1"
9.31671262158192e-161,0.336155167890961,0.138,0.049,1.95008111882331e-156,"2","Arg2"
2.63966146857821e-250,0.335956851540543,0.693,0.368,5.52507541988105e-246,"2","Ptp4a3"
1.23905701128772e-290,0.335685291302291,0.35,0.142,2.59347023032634e-286,"2","Cct7"
1.45408100881512e-238,0.335081586950015,0.691,0.376,3.04353695955092e-234,"2","Tob2"
2.33116121300107e-175,0.334882626490132,0.195,0.08,4.87935353493254e-171,"2","Pin4"
1.06524110298197e-190,0.334482876970983,0.194,0.073,2.22965615265156e-186,"2","Tm7sf3"
9.24700852171128e-164,0.334425643816241,0.151,0.055,1.93549135367939e-159,"2","Lsm1"
4.69746214001475e-96,0.33436606955416,0.116,0.05,9.83225800526488e-92,"2","Cstb"
3.44288437711956e-236,0.334147756809302,0.217,0.077,7.20630128974895e-232,"2","Sbds"
1.7020313783096e-222,0.333975672636864,0.198,0.069,3.56252187793982e-218,"2","Cnnm4"
6.68994644305491e-230,0.333898020684619,0.247,0.097,1.40027268999582e-225,"2","Ube2s"
9.47312633184294e-145,0.333867050164445,0.161,0.067,1.98282007251805e-140,"2","Trappc2l"
4.49152863142004e-271,0.333760478808361,0.495,0.232,9.40121857842528e-267,"2","Dyrk2"
5.58777143801364e-289,0.333729004703509,0.397,0.176,1.16957643969064e-284,"2","Sncb"
3.84082858075993e-165,0.333566806882519,0.188,0.077,8.03923830238861e-161,"2","Snf8"
3.10022951188898e-203,0.333361111743085,0.194,0.071,6.48909039133483e-199,"2","Terf2ip"
3.0908078882991e-190,0.333305977808506,0.152,0.05,6.46936999099885e-186,"2","Thumpd1"
5.09321358151123e-189,0.333280400079169,0.923,0.71,1.06606053474612e-184,"2","Slc24a1"
9.78714733350042e-190,0.333189823115222,0.195,0.074,2.04854780837497e-185,"2","Alg10b"
3.6007014623405e-168,0.333103487027756,0.169,0.065,7.5366282308249e-164,"2","Trappc3"
2.93260486177721e-189,0.332816880651086,0.195,0.075,6.13823523618587e-185,"2","Commd6"
6.79813155276991e-287,0.332287979232851,0.396,0.168,1.42291691531027e-282,"2","Tmem136"
2.13157065288326e-104,0.332285168714528,0.115,0.047,4.46159053354995e-100,"2","Txnl4a"
2.10486862933241e-249,0.331774378420767,0.289,0.117,4.40570052805567e-245,"2","Txn2"
4.79383340943644e-150,0.331625261225422,0.106,0.033,1.00339727092914e-145,"2","1700123O20Rik"
1.11739587982504e-178,0.331369298849885,0.191,0.076,2.33882131606178e-174,"2","Uqcc2"
7.2347426898724e-184,0.330127881576845,0.199,0.078,1.51430399241719e-179,"2","Tpgs2"
3.54157745202675e-147,0.329899126328636,0.143,0.054,7.4128757648372e-143,"2","Sra1"
2.6148907906692e-180,0.329836623150687,0.159,0.056,5.4732279139497e-176,"2","Cops7a"
1.05444238595182e-140,0.32979638575617,0.121,0.042,2.20705335803576e-136,"2","Mrpl45"
2.44869751993356e-283,0.329760927215963,0.509,0.24,5.12536877897292e-279,"2","Calr"
3.60697642006468e-165,0.329618558808651,0.202,0.087,7.54976234483739e-161,"2","Lsm6"
1.23896575623064e-122,0.329405997872401,0.141,0.058,2.59327922436636e-118,"2","Dync2li1"
1.32594958711926e-283,0.329091688985859,0.471,0.214,2.77534508079932e-279,"2","Rtn3"
2.73342344575362e-154,0.329078907636161,0.136,0.049,5.72132861430691e-150,"2","Stx12"
3.87258181642425e-138,0.329050875679086,0.131,0.05,8.10570099995759e-134,"2","Smim11"
8.31385290085468e-110,0.328864476781743,0.114,0.046,1.74017255067789e-105,"2","Polr2l"
1.07000027624623e-279,0.328643135735572,0.523,0.247,2.23961757821098e-275,"2","Dek"
1.29304411452388e-122,0.328507635364118,0.111,0.04,2.70647063610994e-118,"2","Ube3b"
2.63426405428176e-262,0.328417616428645,0.321,0.13,5.51377809201715e-258,"2","Zbtb18"
5.87317652103645e-138,0.328400232898247,0.108,0.036,1.22931457761814e-133,"2","Tfam"
1.06470916710423e-285,0.328302938798816,0.494,0.229,2.22854275766586e-281,"2","Spcs2"
1.1377310999852e-238,0.328278090165869,0.333,0.146,2.38138496537903e-234,"2","Ndufa1"
4.53957915869613e-242,0.328029831400291,0.288,0.118,9.50179313706688e-238,"2","Ppp1cb"
1.10834719273989e-232,0.327769161558019,0.296,0.125,2.31988150912386e-228,"2","Gde1"
8.69196000774782e-252,0.327569362451661,0.257,0.097,1.8193141492217e-247,"2","Saraf"
5.13385505974311e-158,0.327267713926824,0.172,0.068,1.07456720255483e-153,"2","Banf1"
3.99028740790925e-136,0.327253311947171,0.126,0.046,8.35207057349485e-132,"2","Magohb"
5.51541768972272e-263,0.327176544374433,0.361,0.156,1.15443207663586e-258,"2","Ndufv1"
2.457993593887e-256,0.327172722156028,0.312,0.128,5.14482639136487e-252,"2","Atp6ap2"
9.44421214609689e-197,0.32713531644854,0.848,0.53,1.97676804429954e-192,"2","Pcbp2"
2.09414938082079e-277,0.327040900598734,0.3,0.115,4.38326406899599e-273,"2","Fam168a"
1.50017436580717e-177,0.326607746690945,0.163,0.058,3.14001496507098e-173,"2","1110059G10Rik"
2.6409068037026e-163,0.326569651017756,0.2,0.084,5.52768203082992e-159,"2","Snhg6"
6.29549945831436e-160,0.32655936624315,0.162,0.063,1.31771099161978e-155,"2","Tpgs1"
1.77971372963493e-266,0.326415136083547,0.327,0.134,3.72511880749887e-262,"2","Cct8"
1.64803732301379e-200,0.326309668876629,0.237,0.098,3.44950692080016e-196,"2","Cebpzos"
3.00400252905707e-111,0.325976499496736,0.108,0.041,6.28767769356934e-107,"2","Gpx1"
1.44667538634277e-315,0.325667166073379,0.578,0.27,3.02803625115404e-311,"2","Ssb"
0,0.325517855469897,0.675,0.358,0,"2","Rpl34"
3.93246247940413e-164,0.325054291135342,0.164,0.063,8.23103721564079e-160,"2","Smim26"
3.39065267742776e-301,0.324778004475201,0.361,0.144,7.09697511912404e-297,"2","Acadm"
1.5582211747513e-187,0.324756644797964,0.236,0.102,3.26151274087195e-183,"2","Mrpl11"
3.71784240915953e-225,0.32446248533372,0.193,0.066,7.78181594661181e-221,"2","Rhbdd2"
1.08776631245174e-244,0.324157105822056,0.325,0.139,2.27680366859273e-240,"2","Psmc3"
1.93392798699391e-249,0.32388683060323,0.256,0.095,4.04790466957696e-245,"2","Suv39h2"
0,0.323849982760026,0.61,0.31,0,"2","Rpl18"
2.4064295927958e-185,0.323806377574871,0.165,0.058,5.03689778068089e-181,"2","Tsr3"
4.51897805011886e-133,0.323803030983911,0.122,0.044,9.4586729567038e-129,"2","Vkorc1l1"
3.91631068134586e-227,0.323453861157443,0.279,0.115,8.19722988712502e-223,"2","Psmc4"
8.17469611164829e-128,0.323252452958056,0.105,0.036,1.7110456431291e-123,"2","Hacd2"
2.84584124141812e-183,0.322870225064729,0.17,0.062,5.95663030241228e-179,"2","Cdc26"
3.65940595877657e-158,0.322716414819398,0.157,0.059,7.65950261231524e-154,"2","Pithd1"
9.15512240471534e-257,0.322479803812663,0.473,0.223,1.91625867053097e-252,"2","Ankrd33"
8.4108513278926e-232,0.322289971752271,0.315,0.135,1.7604752914412e-227,"2","Zcchc17"
1.2987776726455e-212,0.322139621508645,0.222,0.084,2.7184715466143e-208,"2","Smarcb1"
8.4374061582214e-132,0.321548211735615,0.132,0.05,1.76603348297732e-127,"2","Ccs"
3.26255151225484e-225,0.321521274821485,0.251,0.098,6.8288465703006e-221,"2","Fam107b"
6.23736804058837e-240,0.321369881579957,0.646,0.341,1.30554350457555e-235,"2","Susd3"
1.72648580636235e-130,0.321171707378303,0.119,0.043,3.61370744129704e-126,"2","Cgrrf1"
1.09163442704746e-262,0.320928726835935,0.367,0.159,2.28490001925305e-258,"2","0610009B22Rik"
1.42928974148647e-181,0.320043678039359,0.182,0.068,2.99164635790533e-177,"2","Isca1"
9.75857562575978e-157,0.319813168896531,0.141,0.05,2.04256746422778e-152,"2","Rrp7a"
3.37476677607745e-277,0.319451239566573,0.588,0.288,7.06372433900771e-273,"2","Sf3b2"
1.33580823161782e-154,0.318915383884678,0.169,0.067,2.79598020959925e-150,"2","Tmem35a"
2.18375320648654e-234,0.318733681407924,0.248,0.095,4.57081383649697e-230,"2","Hnrnph2"
6.49081096325218e-229,0.318722055686248,0.277,0.115,1.35859164271831e-224,"2","Atraid"
4.26760153021803e-149,0.318690045468423,0.143,0.053,8.93251676289936e-145,"2","Ngdn"
2.97155542243238e-188,0.318643579910643,0.194,0.074,6.21976265469321e-184,"2","Cmpk1"
8.06815370224234e-145,0.318461763181386,0.136,0.05,1.68874525141634e-140,"2","Nceh1"
1.08507440228754e-273,0.318426662138681,0.301,0.116,2.27116923142805e-269,"2","Hspa14"
5.42033892151946e-155,0.318147669200519,0.151,0.058,1.13453113966324e-150,"2","Yif1a"
2.91583802556127e-299,0.317977132152202,0.353,0.141,6.1031405713023e-295,"2","Hspd1"
2.1776771622861e-270,0.317526570340515,0.635,0.325,4.55809606838103e-266,"2","Rbx1"
9.04223188267453e-131,0.317373249431511,0.1,0.033,1.89262955536261e-126,"2","Crebl2"
2.18007188107127e-143,0.317308142316757,0.128,0.046,4.56310845427027e-139,"2","Rsl24d1"
7.06831276135869e-242,0.317125342746442,0.286,0.117,1.47946854407999e-237,"2","Fkbp8"
4.73796005193256e-146,0.317028372261518,0.144,0.055,9.91702418470004e-142,"2","Eci1"
7.28642063770146e-207,0.316960141215334,0.189,0.067,1.52512070367729e-202,"2","Gtf2b"
1.04995551791559e-171,0.316830531299625,0.142,0.048,2.19766189454912e-167,"2","Creg1"
3.52985918967781e-179,0.316795167219651,0.171,0.064,7.38834826991461e-175,"2","Ppp2r1a"
5.88905198184724e-131,0.316721867567128,0.163,0.071,1.23263747032045e-126,"2","Zmat5"
1.91017141472873e-137,0.316204698542492,0.112,0.038,3.9981797881687e-133,"2","Mrps23"
5.18897270881333e-156,0.316108862727283,0.134,0.046,1.08610387768172e-151,"2","C330007P06Rik"
1.23059318608308e-225,0.315996653183316,0.229,0.086,2.57575459779049e-221,"2","Cops2"
2.19336535991605e-266,0.315481902464646,0.355,0.149,4.59093303484028e-262,"2","Prkar2a"
6.90777089104496e-163,0.315468930465068,0.145,0.052,1.44586552520462e-158,"2","Mrpl22"
1.54602907929015e-149,0.315234765710809,0.161,0.064,3.2359934658622e-145,"2","Ubald2"
8.51554098149608e-221,0.31522197771569,0.284,0.119,1.78238788283695e-216,"2","A330094K24Rik"
1.04488300693252e-169,0.315218967588905,0.155,0.055,2.18704462181045e-165,"2","Gpn3"
7.41127008904378e-238,0.31509338440416,0.237,0.088,1.55125294233775e-233,"2","Elmod1"
1.44530163638611e-293,0.315067884565022,0.699,0.383,3.02516085511976e-289,"2","Rps27"
4.11274913688385e-247,0.314923161805158,0.307,0.127,8.60839521841159e-243,"2","Polr2e"
5.98619937344036e-268,0.314848639162946,0.568,0.278,1.2529713908548e-263,"2","Vezf1"
4.88153480360622e-241,0.314800547474155,0.337,0.147,1.02175404974282e-236,"2","Cyc1"
1.13114646360666e-254,0.31474582262065,0.358,0.157,2.36760266297511e-250,"2","Ndufs3"
1.06783924910905e-138,0.314541081214142,0.11,0.037,2.23509433231015e-134,"2","Oser1"
4.22943816823884e-261,0.313898251759053,0.421,0.189,8.85263702994071e-257,"2","Dnttip2"
3.74182160429202e-242,0.313730631683628,0.264,0.103,7.83200679994364e-238,"2","Ube2n"
5.11761310508058e-143,0.313643287747771,0.157,0.063,1.07116759902442e-138,"2","Asna1"
1.72517296015252e-138,0.313312374590597,0.132,0.049,3.61095952289523e-134,"2","Ctif"
1.59280950367775e-237,0.313261745708506,0.236,0.088,3.33390957214789e-233,"2","Mrpl15"
7.45564777550873e-262,0.312838851267293,0.393,0.179,1.56054163589173e-257,"2","Higd1a"
1.37399896784259e-223,0.312788787918424,0.274,0.113,2.87591723959132e-219,"2","Manf"
2.15599225604907e-190,0.312755026509269,0.134,0.042,4.5127073911363e-186,"2","Herpud1"
3.84796039059065e-96,0.312336906985334,0.105,0.042,8.05416589354528e-92,"2","Chchd5"
9.47201903323159e-96,0.311530355148227,0.113,0.047,1.9825883038457e-91,"2","Nin"
1.47744037036724e-201,0.31091102030858,0.215,0.085,3.09243043921568e-197,"2","Elof1"
5.64352728451798e-288,0.310906676835291,0.307,0.117,1.18124669592246e-283,"2","Timm17a"
7.29767444603678e-151,0.310126377255906,0.149,0.057,1.52747623829996e-146,"2","Naxe"
1.75922053531491e-292,0.310091935155805,0.407,0.174,3.68222450246764e-288,"2","Trappc6b"
2.91883259659834e-228,0.310084294585536,0.231,0.088,6.10940850793998e-224,"2","Dctn2"
6.75216217156654e-173,0.309727769751652,0.162,0.059,1.41329506413059e-168,"2","Dcun1d1"
3.88062223093065e-121,0.309678712893569,0.117,0.043,8.12253039156095e-117,"2","Inafm2"
1.15306855754137e-159,0.309640868700463,0.141,0.05,2.41348779778984e-155,"2","Ttc33"
3.71946113660023e-197,0.30963641574403,0.203,0.078,7.78520410501793e-193,"2","Pmpcb"
1.10041307493405e-281,0.309596417603999,0.441,0.206,2.30327460714446e-277,"2","Ndufa5"
6.3633619224335e-160,0.309450135915035,0.144,0.051,1.33191528398456e-155,"2","Cacfd1"
5.90107103725758e-236,0.309253101618889,0.256,0.102,1.23515317880838e-231,"2","Mrpl53"
6.07394740099562e-302,0.309186623795413,0.486,0.221,1.27133793050239e-297,"2","Npm1"
1.15703464812285e-162,0.309144658007958,0.149,0.054,2.42178922198595e-158,"2","Urod"
5.29058411770927e-187,0.309023233903657,0.144,0.046,1.10737216167773e-182,"2","Hexim1"
3.7032748620298e-183,0.308952609128073,0.229,0.099,7.75132461371457e-179,"2","Dpm3"
6.75767352978595e-130,0.308814497223025,0.15,0.061,1.4144486465195e-125,"2","Ramp3"
9.25768194259032e-254,0.308570300143576,0.287,0.114,1.93772540740358e-249,"2","Trappc4"
1.72562091796171e-252,0.308534273337139,0.301,0.121,3.61189714338565e-248,"2","Lhfpl3"
7.03359857734433e-147,0.308414351973733,0.156,0.062,1.47220251822394e-142,"2","Pigp"
3.5286081596561e-241,0.307851770005072,0.232,0.087,7.38572973897619e-237,"2","Mpc1"
1.15890273281784e-293,0.307830097838573,0.41,0.174,2.42569931006103e-289,"2","Polr2a"
1.05165003267833e-157,0.307775307987071,0.121,0.039,2.20120868339902e-153,"2","Nufip1"
1.04913950820556e-169,0.307637160239138,0.167,0.063,2.19595390462505e-165,"2","Dpm2"
2.99290236579179e-233,0.307416287058963,0.297,0.126,6.26444394183879e-229,"2","Sptssa"
3.78999433037375e-133,0.307244791663068,0.119,0.042,7.93283713290529e-129,"2","Slc39a7"
3.5183038922822e-244,0.306945903643818,0.294,0.119,7.36416187693587e-240,"2","Tcp1"
3.69457982790957e-190,0.306548821229685,0.224,0.092,7.73312503779753e-186,"2","Tmem218"
1.59681965752301e-168,0.306381121929886,0.131,0.043,3.34230322516142e-164,"2","Trmt10c"
3.37093303789815e-185,0.30630419817309,0.19,0.072,7.05569994162462e-181,"2","Smu1"
8.20904334086289e-187,0.305409248113635,0.184,0.069,1.71823486167601e-182,"2","Mrpl50"
2.4610488489072e-288,0.305393382561021,0.539,0.253,5.15122134564767e-284,"2","Got1"
2.08679396400679e-218,0.305225550910096,0.252,0.102,4.36786844606262e-214,"2","Psmb7"
1.39027152702764e-271,0.30514803815088,0.426,0.19,2.90997733322156e-267,"2","Pabpc1"
1.08643270647337e-295,0.305055377972387,0.709,0.392,2.27401229791942e-291,"2","Rps13"
5.33153018686011e-111,0.30482471165568,0.105,0.039,1.11594258341169e-106,"2","Slc48a1"
3.54217883657214e-166,0.304802497013885,0.172,0.066,7.41413452282915e-162,"2","Mthfsl"
2.74532602042207e-261,0.304785780333799,0.36,0.156,5.74624189334543e-257,"2","Sarnp"
4.87312589755114e-134,0.304583412455185,0.116,0.041,1.01999398161643e-129,"2","Srprb"
3.15238210515739e-201,0.30457221092382,0.597,0.335,6.59825098430494e-197,"2","Samd7"
1.84341575323848e-165,0.304455596710899,0.171,0.067,3.85845351310346e-161,"2","Atp6ap1"
1.23997831684587e-214,0.304325662288613,0.259,0.105,2.5953986149901e-210,"2","Tmem106c"
4.08398403686234e-171,0.304263428364903,0.152,0.053,8.54818698755657e-167,"2","Fam53c"
4.89740387169144e-265,0.304136191712461,0.342,0.142,1.02507560438373e-260,"2","Pcmt1"
9.36982745326265e-170,0.304107816965463,0.145,0.05,1.9611985842424e-165,"2","Snrnp40"
1.46113900293677e-211,0.304042289908019,0.221,0.084,3.05831004704696e-207,"2","Aasdhppt"
6.34607162305946e-268,0.303564242363809,0.368,0.157,1.32829625142258e-263,"2","Tusc3"
1.10508669708199e-211,0.30343407714446,0.218,0.082,2.31305696566232e-207,"2","Rabggtb"
4.18752164956946e-237,0.303431302243455,0.398,0.185,8.76490156471384e-233,"2","Atp6v0e2"
2.4823476223567e-274,0.303237308724392,0.398,0.182,5.19580180835481e-270,"2","Ftl1"
2.69448110868828e-200,0.303220775289011,0.167,0.056,5.63981840859544e-196,"2","Phospho2"
1.63645735010062e-183,0.303195132771804,0.15,0.051,3.42526887949561e-179,"2","Ranbp3"
7.87243156160308e-200,0.303041266146501,0.211,0.081,1.64777865015914e-195,"2","Ormdl1"
1.65543285042691e-223,0.302703881466825,0.281,0.121,3.46498649922857e-219,"2","Hspe1"
9.85116437669875e-136,0.302683343369254,0.165,0.07,2.06194721568681e-131,"2","Epb41l4aos"
7.71827846507401e-182,0.302623587274217,0.198,0.078,1.61551286552464e-177,"2","Acly"
1.89736577443751e-209,0.302610728056996,0.206,0.076,3.97137630247516e-205,"2","Bbs1"
4.34236159340453e-160,0.302402899900667,0.106,0.031,9.08899705115503e-156,"2","Slc41a1"
1.23141669062206e-219,0.302362491077477,0.255,0.104,2.57747827514103e-215,"2","Chchd7"
9.51428874130429e-247,0.302029920302512,0.279,0.109,1.9914357764424e-242,"2","Elfn1"
1.84087303660161e-229,0.301955045957227,0.203,0.07,3.85313135291084e-225,"2","Cyb5r1"
2.98047722243251e-290,0.301902282808172,0.747,0.43,6.23843687427349e-286,"2","Rpl27a"
2.11833917877592e-250,0.301673148979423,0.658,0.347,4.43389573509587e-246,"2","Hnrnpk"
1.72113756737541e-261,0.301575629158751,0.344,0.147,3.60251304227347e-257,"2","Rbm3"
3.91366792608523e-237,0.301179714053801,0.626,0.334,8.19169833608899e-233,"2","Cdk2ap2"
1.66281871687987e-209,0.301150055717534,0.203,0.075,3.48044585630126e-205,"2","G3bp1"
1.30917240849422e-192,0.300776123959488,0.184,0.068,2.74022876821925e-188,"2","Stip1"
2.56770380331968e-282,0.300550964469756,0.401,0.17,5.37446083072842e-278,"2","Fam193a"
1.46051518397426e-227,0.300260445455797,0.223,0.082,3.05700433157652e-223,"2","Kin"
2.74082117976725e-187,0.299968551490047,0.17,0.06,5.73681281137083e-183,"2","M6pr"
1.11827639362752e-152,0.299266817554964,0.124,0.041,2.34066431950176e-148,"2","Hcfc1"
8.79698180791924e-165,0.299194283809372,0.127,0.042,1.84129626221558e-160,"2","Dnajb9"
8.68305205179757e-219,0.298830166684801,0.208,0.075,1.81744962496175e-214,"2","Polr3f"
5.36464417619103e-138,0.298567987835622,0.137,0.052,1.12287367251854e-133,"2","Snapc5"
2.91978833728564e-147,0.297677887193567,0.131,0.046,6.11140896877257e-143,"2","Mvb12a"
5.96055751225705e-202,0.297608015698965,0.198,0.075,1.24760429289052e-197,"2","Supt4a"
1.61916992881108e-137,0.297393514721311,0.119,0.041,3.38908457799446e-133,"2","Sec23b"
2.64883588840128e-257,0.297365811265672,0.344,0.146,5.54427839801271e-253,"2","Sfr1"
3.66312694165441e-235,0.297037927398076,0.226,0.083,7.66729100157685e-231,"2","Sucla2"
1.6653292359804e-159,0.296933684303728,0.129,0.044,3.48570062383057e-155,"2","Mul1"
1.67847627520653e-139,0.296917269493322,0.117,0.04,3.51321869163478e-135,"2","Larp7"
1.5908296821428e-177,0.296739338249201,0.137,0.044,3.3297656076931e-173,"2","Zcchc10"
3.29725448926598e-160,0.296557381107102,0.164,0.063,6.90148337148262e-156,"2","Bud31"
9.52992762336437e-264,0.296238700989898,0.37,0.164,1.9947091508464e-259,"2","Rpl36al"
4.50617453762112e-132,0.295983494798853,0.13,0.05,9.43187392469476e-128,"2","Kcnab2"
2.27792907298747e-256,0.295869783474709,0.326,0.134,4.76793334267006e-252,"2","Lurap1l"
3.65696420452613e-294,0.295617323893714,0.581,0.291,7.65439177649365e-290,"2","Rps28"
7.29441128186483e-255,0.295466427381327,0.411,0.185,1.52679322540713e-250,"2","Rbm7"
1.21663591379728e-265,0.295430452111221,0.303,0.119,2.5465406311691e-261,"2","Hspa9"
2.96765526582231e-156,0.29537340665995,0.138,0.048,6.21159923689269e-152,"2","Etfa"
2.21023401500505e-146,0.295254010510772,0.143,0.054,4.62624081680707e-142,"2","Borcs8"
7.99173574866428e-253,0.295253916885136,0.391,0.18,1.67275020955292e-248,"2","Cisd1"
3.23762325417519e-146,0.29521450134589,0.124,0.042,6.7766692333141e-142,"2","Txnrd1"
9.3328139691793e-229,0.295022137101706,0.338,0.157,1.95345129188892e-224,"2","3010001F23Rik"
4.33935758672803e-172,0.294915683414219,0.139,0.046,9.08270936478044e-168,"2","Lats2"
2.24492624935568e-267,0.294447244746487,0.373,0.161,4.69885513252637e-263,"2","Pdap1"
5.71140666874767e-128,0.294069109063642,0.1,0.034,1.19545452983557e-123,"2","Vamp4"
1.02644675438912e-205,0.294062759949645,0.206,0.077,2.14845570161186e-201,"2","Mat2b"
4.61249582742581e-201,0.29403519461274,0.228,0.091,9.65441501638496e-197,"2","Rab7"
2.37754925581536e-139,0.294026858111353,0.117,0.04,4.97644834734712e-135,"2","Asb7"
2.21884002769582e-129,0.29389625948684,0.118,0.043,4.64425406197012e-125,"2","Hars"
4.01519098167581e-211,0.293339057230094,0.197,0.07,8.40419624374564e-207,"2","Topors"
7.21112758995498e-110,0.293325827079788,0.118,0.048,1.50936111585348e-105,"2","Gm5617"
9.47404200650042e-270,0.292932258404619,0.437,0.202,1.9830117323806e-265,"2","Ndufb3"
9.17792700254473e-197,0.292478067674549,0.211,0.083,1.92103190090264e-192,"2","Idh3a"
1.99338469280676e-194,0.292437401989249,0.365,0.179,4.17235350051384e-190,"2","Tle5"
1.30692108639814e-240,0.292343174954177,0.281,0.113,2.73551652593994e-236,"2","Snrpc"
3.67296012901185e-146,0.29223205026339,0.124,0.042,7.68787284603469e-142,"2","Castor2"
7.21275959810448e-225,0.292183918931545,0.285,0.12,1.50970271147925e-220,"2","Ccdc85b"
7.5283429366959e-198,0.291497892924287,0.222,0.088,1.57575746007982e-193,"2","Mpdu1"
6.72909134899901e-203,0.291431012789318,0.234,0.094,1.40846611025898e-198,"2","Pdcl"
1.49777899457799e-225,0.291129978160389,0.342,0.155,3.13500121355119e-221,"2","Mrpl14"
1.40439054897287e-137,0.291092445442489,0.116,0.04,2.93952985805512e-133,"2","Ddx19a"
1.09151943746898e-194,0.290833387474207,0.215,0.085,2.28465933456633e-190,"2","Ngrn"
1.25387865728615e-209,0.290830635338538,0.267,0.114,2.62449341756564e-205,"2","Zfp706"
1.10910454385559e-197,0.290629278612809,0.155,0.051,2.32146672074415e-193,"2","4921524J17Rik"
3.9254440023497e-159,0.290461465904658,0.147,0.053,8.21634684131815e-155,"2","Sap30bp"
1.84191229497504e-211,0.290230913253167,0.777,0.465,3.85530662461225e-207,"2","Slc25a4"
5.59617851598965e-176,0.290227566969755,0.196,0.079,1.17133612518179e-171,"2","Mrps34"
2.92688333463121e-151,0.290018921430326,0.161,0.063,6.12625950771658e-147,"2","As3mt"
5.27381611116983e-178,0.289877257044106,0.174,0.064,1.10386245022896e-173,"2","Ankrd46"
2.03266673235641e-238,0.289858079393316,0.278,0.111,4.25457473749521e-234,"2","Mindy2"
2.10994232785615e-138,0.289837042137649,0.131,0.049,4.41632028643571e-134,"2","Crcp"
3.62789488115929e-138,0.289691970062053,0.126,0.045,7.59354677575452e-134,"2","Sdhaf2"
1.53314185305249e-126,0.289268631665309,0.108,0.038,3.20901921262417e-122,"2","Mrto4"
1.95711025657585e-211,0.289011904317652,0.246,0.099,4.09642747803891e-207,"2","Ndufa9"
3.22309926208613e-292,0.28887882995397,0.461,0.218,6.74626906547247e-288,"2","Atp5e"
2.77989455367727e-205,0.288782316848797,0.194,0.07,5.81859729030189e-201,"2","Zfp472"
1.50778077139529e-301,0.288688189990607,0.579,0.291,3.15593593260747e-297,"2","Cox7a2"
3.79926018208664e-248,0.288659558839795,0.569,0.283,7.95223148712554e-244,"2","Rp1l1"
2.05311584820351e-143,0.288163986761855,0.105,0.034,4.29737678187477e-139,"2","Rnf114"
5.63225946198131e-272,0.287934193987539,0.385,0.165,1.17888822798731e-267,"2","Dync1li1"
9.08237924084729e-289,0.287877445224224,0.483,0.219,1.90103279890175e-284,"2","Cct5"
3.01342210891119e-268,0.287085811256625,0.425,0.2,6.30739381616202e-264,"2","Rpl31"
8.78130522667664e-119,0.287043940779773,0.14,0.06,1.83801499699569e-114,"2","Tmem223"
3.957674052274e-121,0.286990793440642,0.103,0.036,8.28380755881471e-117,"2","Abhd13"
3.78719930757209e-165,0.286879491135194,0.168,0.064,7.92698687067914e-161,"2","Slc35b1"
2.83616186118734e-142,0.286490400853674,0.121,0.042,5.93637039165123e-138,"2","Tsta3"
8.56261319260505e-264,0.2862138783594,0.386,0.169,1.79224056734416e-259,"2","Rbm8a"
2.42783450320024e-214,0.285880317213261,0.208,0.078,5.08170039864842e-210,"2","Arf4"
1.07374219780449e-263,0.285798321822432,0.313,0.124,2.24744979422457e-259,"2","Taf7"
1.22918057998777e-135,0.285783680819665,0.122,0.043,2.57279787197239e-131,"2","Zbtb22"
3.2730496650639e-238,0.285669296323936,0.33,0.143,6.85082025394525e-234,"2","Suclg1"
5.88387063595002e-195,0.285262819605495,0.157,0.052,1.2315529628107e-190,"2","Prdm1"
1.62466435695011e-283,0.285178768623769,0.326,0.127,3.40058496553227e-279,"2","Klhl9"
1.60408002888109e-156,0.284878310827683,0.231,0.105,3.35749990845101e-152,"2","Chmp4b"
1.23146595446946e-251,0.28472007795513,0.57,0.289,2.57758138930002e-247,"2","Uqcc3"
8.20943215659976e-162,0.284098563533722,0.157,0.058,1.7183162446979e-157,"2","Opa3"
8.04112674318468e-170,0.283828241864371,0.166,0.062,1.68308823861599e-165,"2","Cstf2t"
2.04435096005391e-174,0.283554598627955,0.184,0.071,4.27903099448884e-170,"2","Slu7"
1.49100363995882e-223,0.283232595377301,0.361,0.175,3.1208197187978e-219,"2","Uqcr11"
6.61217403807696e-284,0.283073384334223,0.529,0.249,1.38399414790989e-279,"2","Rab14"
1.39623997470669e-202,0.283032877992043,0.293,0.129,2.92246989105856e-198,"2","Pink1"
5.20423603308079e-212,0.283024212857349,0.267,0.112,1.08929864408414e-207,"2","Fundc2"
1.56470862329892e-110,0.282972359339795,0.113,0.043,3.27509161942698e-106,"2","Ppp2r5d"
4.85043581747985e-231,0.282947962755984,0.245,0.096,1.01524472095671e-226,"2","Spry2"
2.06684865042837e-233,0.282872436327413,0.328,0.143,4.32612091021162e-229,"2","Fkbp4"
3.83352949395021e-221,0.282585557744425,0.696,0.383,8.02396058378718e-217,"2","Lyar"
2.42452928411291e-130,0.282576985336414,0.112,0.039,5.07478224457673e-126,"2","Znrd1as"
6.50115118102675e-244,0.282411174721784,0.385,0.175,1.36075595370071e-239,"2","Tspan3"
2.30332428201263e-149,0.28232221773532,0.118,0.039,4.82108805468063e-145,"2","Derl2"
1.26056766904383e-92,0.282119221793867,0.124,0.054,2.63849418807563e-88,"2","Alyref"
1.53481196610999e-121,0.282019274513527,0.146,0.063,3.21251492626482e-117,"2","Acyp1"
3.45596809769962e-238,0.282007180292988,0.227,0.081,7.23368682529508e-234,"2","Sde2"
1.80042688177781e-198,0.281401621418714,0.2,0.076,3.76847350624914e-194,"2","Arpc1a"
1.25806505903324e-170,0.281330335699047,0.157,0.056,2.63325597506247e-166,"2","Kpna6"
4.09384032672439e-170,0.281304469743478,0.203,0.086,8.56881718786683e-166,"2","Mrps24"
3.98047942434312e-259,0.281300663247294,0.487,0.233,8.33154148309259e-255,"2","Eif4a1"
2.96341962734485e-176,0.280878727878128,0.171,0.063,6.20273362199551e-172,"2","Dennd5a"
1.34673035649311e-190,0.28071688475207,0.176,0.064,2.81884130917574e-186,"2","Dcaf7"
1.56733671842224e-177,0.280661526883908,0.193,0.076,3.28059248532959e-173,"2","Tsen34"
2.5957726356723e-177,0.280652524145547,0.174,0.066,5.43321170372568e-173,"2","Hilpda"
6.77615224769956e-146,0.280637392528024,0.137,0.05,1.41831642696599e-141,"2","Alg11"
4.79629474194376e-146,0.28059608302316,0.135,0.052,1.00391245243625e-141,"2","Fuom"
1.02609701568462e-283,0.280534905066399,0.549,0.276,2.14772366352947e-279,"2","Atp5j2"
6.02686325167068e-252,0.280517264754203,0.477,0.225,1.26148274720719e-247,"2","Vopp1"
2.76763622081593e-266,0.28020571263749,0.311,0.122,5.79293937378982e-262,"2","Zfp462"
6.1922011201855e-215,0.280195455392094,0.209,0.077,1.29608961646603e-210,"2","Pak1ip1"
2.1218836153149e-172,0.28011662941215,0.155,0.055,4.44131459521562e-168,"2","Brix1"
1.6112174932253e-164,0.279383350163678,0.169,0.065,3.37243933506987e-160,"2","Ssrp1"
1.03676465848466e-293,0.279028228727501,0.538,0.265,2.17005210667424e-289,"2","Rpl12"
9.70207882751419e-304,0.278775641079268,0.692,0.382,2.030742119387e-299,"2","Rps12"
7.3935037769534e-219,0.278773208311541,0.708,0.391,1.54753427555412e-214,"2","Hnrnpf"
3.92705470213491e-166,0.278514571136379,0.153,0.055,8.21971819703858e-162,"2","Med8"
5.23148974513505e-226,0.278391834111339,0.296,0.131,1.09500311855422e-221,"2","Atp6v1f"
2.46885399204612e-208,0.278344948908349,0.192,0.068,5.16755829075173e-204,"2","Zfp330"
6.07612588347052e-205,0.278300892140459,0.192,0.069,1.27179390866921e-200,"2","Aars"
3.06513973728261e-107,0.278227547859977,0.125,0.051,6.41564398410622e-103,"2","Tmem185a"
2.16549579501531e-265,0.277901497883129,0.482,0.224,4.53259924854655e-261,"2","Rd3"
3.98763356425153e-282,0.277573204274418,0.471,0.232,8.34651581333488e-278,"2","Atp5k"
2.15806533676758e-236,0.277566946461063,0.255,0.097,4.51704655638823e-232,"2","Ggps1"
3.67656356877361e-205,0.277546107257333,0.208,0.079,7.69541520580004e-201,"2","Nfu1"
8.10493925818268e-227,0.277176706677608,0.279,0.115,1.69644483613022e-222,"2","Usf2"
4.82903080602812e-120,0.276953819899481,0.111,0.04,1.01076443800975e-115,"2","Stk4"
4.63285742750264e-157,0.276861726412058,0.169,0.066,9.69703388150577e-153,"2","Ift57"
6.95464196228337e-148,0.27667231881875,0.126,0.043,1.45567610912553e-143,"2","Shroom2"
1.1237204165533e-227,0.276455347263746,0.319,0.138,2.35205920388771e-223,"2","Asrgl1"
3.96730718471774e-157,0.276449794318611,0.154,0.059,8.30397066833269e-153,"2","Eif6"
1.22018179831232e-199,0.276416600286736,0.223,0.088,2.55396252204751e-195,"2","Ube2j1"
1.2477083698461e-304,0.276130872593767,0.681,0.37,2.61157838892488e-300,"2","Rps21"
5.51446069312333e-186,0.276020615441644,0.144,0.047,1.15423176767764e-181,"2","St6galnac2"
8.92852313564232e-138,0.276008946683214,0.143,0.056,1.86882917752129e-133,"2","Srek1ip1"
4.48046247204724e-140,0.275980476102961,0.157,0.067,9.37805600024209e-136,"2","Trappc1"
5.0733316182819e-185,0.275972874860861,0.19,0.073,1.06189904102258e-180,"2","Jagn1"
1.76687009471572e-167,0.275889973192585,0.144,0.05,3.69823579524948e-163,"2","Psmg3"
1.13783587629997e-207,0.275803178358022,0.222,0.085,2.38160427268346e-203,"2","Ipo7"
2.44293658754751e-216,0.275715935735656,0.266,0.109,5.11331057139569e-212,"2","Rad21"
1.69833399969745e-163,0.275558850490578,0.178,0.071,3.55478289476673e-159,"2","Lsm2"
1.62068878345072e-226,0.275489203139096,0.266,0.108,3.3922636926407e-222,"2","Wdr61"
8.84856215271175e-226,0.275448080848583,0.641,0.342,1.8520925441841e-221,"2","Tpd52"
7.91095028758027e-190,0.27540392174706,0.167,0.059,1.65584100469343e-185,"2","Ppp6c"
1.98249703448024e-147,0.275243381179948,0.109,0.034,4.14956454287058e-143,"2","Sart3"
3.15604725810561e-177,0.275118192024135,0.185,0.071,6.60592251594086e-173,"2","Ing1"
1.40750396477084e-236,0.275083528862792,0.256,0.098,2.94604654866185e-232,"2","Plagl2"
6.08152065133905e-272,0.274976049295734,0.536,0.275,1.27292308753178e-267,"2","Ubl5"
1.21660676297496e-278,0.274680068780167,0.395,0.168,2.54647961558288e-274,"2","Rsl1d1"
1.44800262309324e-134,0.274576410079017,0.115,0.04,3.03081429039646e-130,"2","Mesd"
4.23896576668453e-136,0.274567953650884,0.125,0.045,8.87257924624739e-132,"2","Fam136a"
8.64623510827547e-209,0.274551676020898,0.842,0.55,1.80974347051314e-204,"2","Mgarp"
2.83710324044835e-177,0.274542282505191,0.189,0.073,5.93834079258243e-173,"2","Ubqln2"
1.16392370500229e-239,0.274492984431848,0.258,0.099,2.4362087069403e-235,"2","Gorasp2"
1.07414823719344e-147,0.27448262867407,0.132,0.047,2.2482996752696e-143,"2","Sec23a"
6.09235313875123e-143,0.274344864081896,0.109,0.036,1.27519043547202e-138,"2","Cdk4"
1.98385958117084e-159,0.274308945035297,0.166,0.064,4.15241648934869e-155,"2","Os9"
1.36535635865723e-132,0.274267518893359,0.123,0.045,2.85782739430545e-128,"2","Abhd16a"
5.48644986126609e-126,0.274178833291324,0.124,0.046,1.14836882046161e-121,"2","Zdhhc3"
7.61867121305994e-296,0.274129768482958,0.634,0.339,1.59466407160558e-291,"2","Rpl37"
4.98507646304477e-154,0.274115538047722,0.133,0.046,1.0434263544799e-149,"2","Becn1"
3.45370826962745e-230,0.274008561484662,0.253,0.098,7.22895677915723e-226,"2","Peg13"
4.57603873888348e-224,0.273916137868105,0.22,0.082,9.57810668435702e-220,"2","Epas1"
2.506266687032e-210,0.273907504784336,0.238,0.094,5.24586680262669e-206,"2","Gtf2f2"
3.55871749932267e-113,0.273500400474764,0.102,0.038,7.44875159783228e-109,"2","Txndc17"
6.60949914232975e-159,0.273459209966138,0.16,0.062,1.38343426548104e-154,"2","Rtcb"
1.02062043814745e-264,0.273233042612013,0.548,0.276,2.13626063908643e-260,"2","Rpl23a"
1.07880656834028e-232,0.273207724508797,0.32,0.137,2.25805002819305e-228,"2","Hnrnpab"
2.41535668670359e-163,0.272999979396151,0.195,0.081,5.05558308093929e-159,"2","Ccni"
4.94005148839374e-256,0.27289490583391,0.308,0.125,1.03400217703569e-251,"2","Capza2"
8.88811999142218e-273,0.272721078785473,0.402,0.185,1.86037239540458e-268,"2","Prdx2"
3.18145494857328e-264,0.272632752898497,0.468,0.216,6.65910335285873e-260,"2","Tmed10"
9.01160690683312e-121,0.272618822972305,0.1,0.034,1.88621944166924e-116,"2","Idi1"
8.10830936582681e-180,0.272570121367388,0.241,0.108,1.69715023336121e-175,"2","Micos13"
1.13999966043376e-161,0.272512269697209,0.146,0.052,2.3861332892539e-157,"2","Zfp605"
2.45005469867351e-135,0.272261208694488,0.133,0.05,5.12820948979353e-131,"2","Mmadhc"
1.48864309309301e-129,0.272240186242615,0.15,0.063,3.11587885815299e-125,"2","Sec11c"
7.04730113852692e-154,0.272090441263612,0.182,0.075,1.47507060130507e-149,"2","Rpn2"
2.78361084695256e-140,0.27200287397906,0.132,0.049,5.82637586375641e-136,"2","Oaz2"
1.5727672198042e-163,0.271990705036646,0.17,0.065,3.29195906777217e-159,"2","Dazap1"
2.1288395483978e-161,0.271889609827153,0.139,0.049,4.45587405875144e-157,"2","Nr1h2"
5.20763528770319e-246,0.271703858547607,0.276,0.113,1.09001014206916e-241,"2","Vdac3"
2.73694991256411e-134,0.271530229363307,0.113,0.039,5.72870986198794e-130,"2","Arf3"
3.24914548348374e-255,0.271438549234434,0.338,0.141,6.80078641147982e-251,"2","Zfp24"
7.12361338888918e-249,0.271382744809268,0.457,0.218,1.4910435184284e-244,"2","Ddrgk1"
2.91275469756703e-153,0.271190751596834,0.86,0.565,6.09668685747755e-149,"2","Crx"
2.61674749397251e-192,0.271089090148007,0.236,0.1,5.47711417963387e-188,"2","Mrpl42"
3.35594291411251e-140,0.270769397785664,0.118,0.04,7.02432411352889e-136,"2","Phf2"
2.36823890208056e-240,0.270506695535666,0.377,0.177,4.95696084594482e-236,"2","Micos10"
6.86964653964096e-260,0.270331046455456,0.42,0.191,1.43788571721225e-255,"2","Pea15a"
6.73262413463172e-214,0.270258023391826,0.664,0.364,1.40920555761977e-209,"2","Fam169a"
5.44226088913577e-216,0.270149894674401,0.245,0.097,1.13911962670501e-211,"2","Cops4"
1.65062740761357e-251,0.27001664624192,0.508,0.246,3.45492822687597e-247,"2","Slc25a33"
1.96405113978279e-257,0.269668553555839,0.443,0.209,4.11095544067936e-253,"2","Ndufb1-ps"
5.53932581033569e-261,0.269594768224176,0.339,0.14,1.15943628536136e-256,"2","Sec22b"
6.52077167697414e-255,0.269578142171711,0.495,0.235,1.36486271970746e-250,"2","Zfp36l2"
2.64799816261891e-194,0.269551313009079,0.218,0.087,5.54252495417764e-190,"2","Apopt1"
1.05907851452521e-244,0.269446464655434,0.305,0.125,2.21675723875272e-240,"2","Cops3"
7.77126620012798e-262,0.269428355945363,0.316,0.128,1.62660372834879e-257,"2","Dnajc7"
1.99425919483008e-133,0.269380894167609,0.145,0.059,4.17418392069884e-129,"2","Rnaseh2c"
3.40766474727414e-134,0.269124976773405,0.108,0.036,7.13258308251951e-130,"2","Zc3h7b"
4.02146298100282e-185,0.268637524820736,0.226,0.093,8.417324165537e-181,"2","Tex264"
1.0569085449035e-139,0.268499400206261,0.106,0.034,2.21221527533751e-135,"2","Alkbh3"
7.18646359960688e-311,0.268417468316945,0.597,0.305,1.50419869603372e-306,"2","Rpl38"
1.80990440096814e-138,0.268406723683087,0.122,0.043,3.78831090166642e-134,"2","Bcl2l13"
3.60368797986092e-99,0.268405677887969,0.109,0.045,7.54287931064689e-95,"2","Morn2"
4.97874435937409e-130,0.268307110038262,0.104,0.034,1.04210098186059e-125,"2","Wdr77"
1.50261586373417e-103,0.268296603041177,0.105,0.04,3.14512526438198e-99,"2","Asl"
6.62822580462053e-274,0.268182677895537,0.293,0.111,1.38735394316512e-269,"2","Nap1l4"
1.14527094061182e-122,0.267961426776811,0.117,0.044,2.39716660579461e-118,"2","B9d2"
4.73662747717685e-161,0.267948592951374,0.194,0.08,9.91423497247887e-157,"2","Rbm42"
7.02103988170302e-150,0.267545708799557,0.121,0.04,1.46957385763926e-145,"2","Gabpb1"
5.24615370233632e-109,0.267535254314842,0.115,0.045,1.09807243143601e-104,"2","Ilrun"
2.97244423394942e-289,0.26749551924738,0.396,0.167,6.22162302607953e-285,"2","Cbx1"
1.9957489202852e-173,0.266993364540763,0.222,0.095,4.17730206504894e-169,"2","Sin3b"
2.63125628576541e-157,0.266702808042836,0.184,0.077,5.50748253173558e-153,"2","Ldhb"
4.94078768211325e-262,0.266580782959576,0.513,0.244,1.03415626974312e-257,"2","Hnrnpc"
1.30815364334934e-131,0.26656522692285,0.112,0.038,2.73809639089451e-127,"2","Zfp763"
5.07128088559887e-221,0.266355706898597,0.573,0.299,1.0614698021647e-216,"2","Arl6ip1"
8.83587020259591e-132,0.266315825686749,0.158,0.069,1.84943599210535e-127,"2","Hcfc1r1"
2.29358709323362e-247,0.265836586668963,0.541,0.27,4.80070714484728e-243,"2","Ccdc107"
1.81598795273897e-230,0.265651348864784,0.304,0.128,3.80104438387794e-226,"2","Abhd8"
4.6001565810771e-132,0.265208649661575,0.115,0.041,9.62858773985248e-128,"2","Pofut2"
8.87021807252393e-212,0.265144027496059,0.721,0.405,1.85662534475998e-207,"2","Rtn4"
3.81511216749392e-224,0.26513411161205,0.228,0.085,7.98541127778153e-220,"2","Rbmxl1"
1.45901690176764e-237,0.264818901625736,0.456,0.217,3.05386827708986e-233,"2","Ppp1cc"
2.06885156581937e-137,0.264781418692406,0.134,0.051,4.33031321241653e-133,"2","Chmp3"
6.42167146002581e-108,0.264742108906184,0.108,0.041,1.344120053298e-103,"2","Eif3l"
1.66353735436639e-151,0.264646488914587,0.925,0.736,3.4819500364243e-147,"2","Slc6a6"
6.38226489844558e-149,0.264530160272962,0.128,0.044,1.33587186589364e-144,"2","Zfp84"
1.88339703031784e-234,0.263994333501164,0.268,0.106,3.94213832415828e-230,"2","Pla2g5"
1.84085559392399e-153,0.2637820735128,0.174,0.07,3.85309484364231e-149,"2","Rbbp7"
1.6090104554688e-162,0.26372098404739,0.183,0.073,3.36781978434175e-158,"2","Clba1"
7.22667372284163e-194,0.263427289316664,0.235,0.097,1.51261507692798e-189,"2","Slc2a1"
5.33010793916924e-114,0.263009133429497,0.11,0.043,1.11564489274751e-109,"2","Tceal8"
6.87300389327826e-269,0.262797601576399,0.52,0.261,1.43858844490207e-264,"2","Hsp90ab1"
9.05276168863399e-255,0.262490613530704,0.537,0.26,1.89483354904798e-250,"2","Tmbim6"
1.58670931039103e-123,0.262429743586216,0.109,0.039,3.32114125757946e-119,"2","Leng1"
2.7748807853017e-161,0.262270761151072,0.144,0.053,5.80810297171499e-157,"2","Commd4"
8.64631797359096e-247,0.262223903357683,0.569,0.29,1.80976081505232e-242,"2","E130218I03Rik"
7.14491744615208e-136,0.261840438855029,0.927,0.661,1.49550267065409e-131,"2","Rtbdn"
4.88064324358963e-176,0.261674748384933,0.241,0.106,1.02156743731575e-171,"2","Mrpl57"
7.36875192617446e-169,0.261515075467063,0.308,0.152,1.54235346566758e-164,"2","Uba52"
1.41440256882837e-178,0.261359134366046,0.201,0.081,2.96048601681467e-174,"2","Bmyc"
1.34890020489048e-261,0.261176310887055,0.387,0.171,2.82338301885627e-257,"2","Dstn"
9.25973178078929e-166,0.261112087600844,0.202,0.084,1.93815445903701e-161,"2","Dnajb11"
1.87887807575104e-85,0.260945243121851,0.104,0.044,3.93267970035451e-81,"2","Sp3os"
2.26661232788984e-194,0.260777950637381,0.183,0.066,4.74424626350623e-190,"2","Eloa"
8.48775777587675e-232,0.260359125965127,0.267,0.106,1.77657258006876e-227,"2","Actr3"
2.78778483582464e-119,0.260047682439236,0.113,0.042,5.83511243986456e-115,"2","Dnajc4"
1.6737519325377e-238,0.260043911456704,0.418,0.208,3.50333016999466e-234,"2","Uqcr10"
1.04878258646838e-102,0.259678017123526,0.105,0.041,2.19520683173698e-98,"2","Gm16104"
5.35380760192732e-152,0.259570050866127,0.231,0.104,1.12060546915941e-147,"2","Hist1h4d"
5.35949563871704e-167,0.259198002872557,0.188,0.075,1.12179603213986e-162,"2","Retreg2"
1.87486819260541e-234,0.258951843524447,0.247,0.094,3.92428661394238e-230,"2","Nub1"
2.44180378642629e-219,0.2586217576839,0.294,0.127,5.11093950536888e-215,"2","Selenos"
3.71966433133652e-199,0.258600951043772,0.237,0.097,7.78562941192046e-195,"2","Ssr3"
9.8921154946493e-224,0.258561913730092,0.276,0.113,2.07051869418504e-219,"2","Ccnq"
9.86686487515377e-175,0.258444075472881,0.173,0.065,2.06523348701844e-170,"2","Rmnd5b"
1.61343332299945e-228,0.25827567447806,0.326,0.141,3.37707728837014e-224,"2","Oxct1"
7.09948388955735e-219,0.258157784286187,0.191,0.066,1.48599297292325e-214,"2","Ick"
5.21142906399799e-219,0.258109251606858,0.222,0.083,1.09080421738542e-214,"2","Fam76a"
6.45092166243471e-174,0.25803149468787,0.184,0.071,1.35024241316421e-169,"2","1110002L01Rik"
9.93163445113379e-235,0.25788262904881,0.319,0.135,2.07879040696681e-230,"2","Max"
1.54940801025162e-139,0.257844711259479,0.108,0.035,3.24306590625766e-135,"2","Wdr18"
7.34727856668328e-201,0.257801888620948,0.684,0.383,1.53785887679248e-196,"2","Rgs9bp"
1.02872678367046e-180,0.25770409424999,0.16,0.056,2.15322803090064e-176,"2","Slc4a8"
4.19376381133268e-256,0.257695684076186,0.794,0.502,8.77796703350043e-252,"2","Rps29"
9.66085825620691e-125,0.257671236676303,0.106,0.037,2.02211424160667e-120,"2","Egln2"
4.05993938387974e-229,0.257510483572967,0.276,0.112,8.49785912439869e-225,"2","Aarsd1"
1.07405089709787e-150,0.257049335113902,0.141,0.051,2.24809593271555e-146,"2","Kdm6b"
2.24799562431159e-260,0.256993515887954,0.362,0.156,4.70527964124659e-256,"2","Sept7"
7.79758338789478e-137,0.256251353008301,0.182,0.081,1.63211217892026e-132,"2","Ufc1"
6.00032295521294e-135,0.256240406316209,0.148,0.06,1.25592759775562e-130,"2","Acot13"
1.56513644712606e-108,0.25567264066491,0.101,0.037,3.27598709747956e-104,"2","Hgs"
5.13986453355152e-271,0.255598465020702,0.438,0.196,1.07582504551767e-266,"2","Matr3"
2.19378492224869e-198,0.255580011208345,0.187,0.067,4.59181122075874e-194,"2","Ciapin1"
6.10534696454459e-289,0.255438238889128,0.457,0.204,1.27791017314883e-284,"2","Dnajb6"
1.54084028493818e-193,0.25534967036154,0.167,0.057,3.22513280040411e-189,"2","Zfx"
4.84920012759986e-165,0.255068984484427,0.158,0.058,1.01498607870793e-160,"2","Gtf2e2"
1.27374255045041e-168,0.254937916832888,0.195,0.078,2.66607053234775e-164,"2","Akr1e1"
2.07971499543066e-239,0.254655596167607,0.276,0.111,4.35305145693591e-235,"2","Cdc37"
5.47829567592551e-214,0.254623128442079,0.26,0.105,1.14666206792797e-209,"2","Zbtb7a"
3.19798770985947e-156,0.254415985586629,0.146,0.054,6.69370807550686e-152,"2","Snhg15"
5.11775049462946e-156,0.254357339599795,0.173,0.071,1.07119635603089e-151,"2","Hint2"
4.54961622845186e-153,0.254275825946832,0.158,0.06,9.52280172777258e-149,"2","Prepl"
3.19312620520932e-259,0.254173759363754,0.273,0.103,6.68353246012362e-255,"2","Fgfr1op2"
3.70839722983954e-172,0.253799199758433,0.203,0.084,7.76204624177714e-168,"2","Anapc11"
1.09644846029626e-214,0.253691743882789,0.616,0.326,2.2949762722461e-210,"2","Syp"
1.16076185649485e-172,0.253669274815317,0.176,0.067,2.42959064182937e-168,"2","Atp6v1c1"
3.15026326905675e-239,0.253600580147326,0.382,0.174,6.59381604846268e-235,"2","Hypk"
7.29513714171827e-254,0.253337325036536,0.572,0.29,1.52694515513305e-249,"2","Car2"
1.94426475676495e-248,0.253179080018586,0.25,0.092,4.06954056238471e-244,"2","Klhl36"
6.20023313155851e-148,0.252743533487033,0.123,0.041,1.29777079676651e-143,"2","Fbxo33"
1.25761580086705e-181,0.252471035338135,0.727,0.418,2.63231563279483e-177,"2","Nxnl1"
7.99494080960923e-232,0.252469261549867,0.487,0.236,1.67342106085931e-227,"2","Pla2g7"
3.29259618842504e-183,0.252176183734877,0.191,0.074,6.89173308199245e-179,"2","Bax"
1.63390914440269e-152,0.252110049435622,0.78,0.495,3.41993523014927e-148,"2","Purb"
1.03430446844832e-153,0.252084528547121,0.125,0.042,2.16490268290917e-149,"2","Mrps35"
1.87412316416566e-108,0.251983905156493,0.113,0.044,3.92272719491514e-104,"2","Daxx"
1.66433552307646e-271,0.251469194608959,0.47,0.214,3.48362068335133e-267,"2","BC005537"
3.39128073662918e-181,0.25146618262137,0.162,0.057,7.09828970983854e-177,"2","Lman2"
1.72173413621961e-145,0.251447979760604,0.152,0.059,3.60376172052126e-141,"2","Ruvbl1"
2.27086449299145e-259,0.251355265902439,0.483,0.227,4.75314647028041e-255,"2","Vcp"
1.2191710310969e-156,0.25097245022752,0.169,0.066,2.55184688518892e-152,"2","Trak1"
2.45596626776606e-210,0.250484282459974,0.222,0.084,5.14058299506114e-206,"2","Pdzd8"
7.04746171206191e-157,0.25035997933056,0.179,0.072,1.47510421095168e-152,"2","Cxxc5"
2.63710423233911e-195,0.25033816382411,0.183,0.065,5.51972286870899e-191,"2","Ing3"
3.75116359201959e-228,0.250199119023108,0.302,0.129,7.85156051445621e-224,"2","Uqcrc2"
0,2.06289157364061,0.202,0.035,0,"3","Gm11808"
1.51501316510799e-241,2.05983509611202,0.18,0.044,3.17107405588754e-237,"3","Gstp1"
0,2.05867708667043,0.919,0.593,0,"3","Rbp3"
0,2.04600819918297,0.551,0.145,0,"3","Uba52"
0,2.03541466225817,0.302,0.061,0,"3","Atox1"
0,2.0265488305987,0.785,0.321,0,"3","Clstn1"
0,1.9931857219387,0.887,0.509,0,"3","Rplp1"
0,1.99034182157433,0.814,0.358,0,"3","Cpe"
0,1.98231390036273,0.856,0.419,0,"3","Fau"
0,1.97480476660588,0.501,0.13,0,"3","Cops9"
0,1.93348778030653,0.762,0.322,0,"3","Rps4x"
0,1.86902202543366,0.915,0.568,0,"3","Fth1"
0,1.85058814079955,0.755,0.345,0,"3","Rps5"
2.01051501505605e-252,1.84880580432383,0.196,0.047,4.20820897801382e-248,"3","Mea1"
0,1.8459327505865,0.8,0.435,0,"3","Rps15"
0,1.84359524766975,0.316,0.082,0,"3","P4hb"
0,1.83938206117114,0.703,0.273,0,"3","Eef2"
0,1.83758691717687,0.838,0.461,0,"3","Smim40"
0,1.83257063102135,0.894,0.581,0,"3","Rps8"
0,1.82559907071788,0.545,0.16,0,"3","Canx"
5.7344126902019e-268,1.82559864435637,0.196,0.046,1.20026992018616e-263,"3","Nin"
0,1.82283101682189,0.802,0.381,0,"3","Rpl28"
3.43569464437517e-239,1.82268957923987,0.167,0.037,7.19125246014167e-235,"3","Bloc1s1"
0,1.81352734297119,0.818,0.424,0,"3","Rpl26"
0,1.79892123555437,0.599,0.194,0,"3","Rpl35"
0,1.79602392644804,0.891,0.58,0,"3","Ndufa4"
0,1.78346276532742,0.831,0.448,0,"3","Rps20"
0,1.77775109948838,0.779,0.397,0,"3","Rps21"
0,1.777635878036,0.872,0.539,0,"3","Rps24"
0,1.77500923708672,0.739,0.313,0,"3","Rpl36"
0,1.7731680974894,0.775,0.388,0,"3","Rplp2"
0,1.77283254411946,0.806,0.397,0,"3","Rpl11"
0,1.77168594973761,0.9,0.589,0,"3","Rpl9"
0,1.76999347144985,0.809,0.41,0,"3","Rpl7"
0,1.76195629067409,0.515,0.15,0,"3","Ndufa1"
0,1.75655616601208,0.814,0.423,0,"3","Rpl18a"
0,1.75490313587862,0.834,0.544,0,"3","Rps23"
0,1.7503518015578,0.699,0.285,0,"3","Rps26"
0,1.7478173377165,0.691,0.264,0,"3","Zfp385a"
6.96221842978323e-283,1.74291198486092,0.23,0.055,1.45726193953793e-278,"3","Chga"
0,1.74175972304926,0.887,0.596,0,"3","Tpt1"
0,1.7343763947271,0.783,0.382,0,"3","Rps10"
0,1.73383283597759,0.603,0.218,0,"3","Grcc10"
0,1.73116230518033,0.808,0.447,0,"3","Rps16"
0,1.72806070431153,0.324,0.084,0,"3","1110008P14Rik"
0,1.72803868666817,0.834,0.447,0,"3","Atp1a3"
0,1.72762130732579,0.764,0.346,0,"3","Rpl32"
3.01546043789932e-166,1.72632929041985,0.111,0.024,6.31166024256708e-162,"3","Gm10260"
0,1.72468269604707,0.492,0.143,0,"3","Romo1"
0,1.72355639446476,0.713,0.311,0,"3","Rps19"
0,1.7159226921828,0.818,0.437,0,"3","Rpsa"
0,1.7102456625654,0.793,0.415,0,"3","Rps11"
0,1.70628231544515,0.76,0.399,0,"3","Rps25"
0,1.70433440099853,0.717,0.308,0,"3","Ndufb8"
2.42346329451118e-271,1.70234946676095,0.209,0.051,5.07255102174135e-267,"3","Dctpp1"
0,1.70059773574375,0.814,0.397,0,"3","Cox8a"
0,1.69918230059746,0.875,0.525,0,"3","Rpl13"
0,1.69688346591698,0.769,0.379,0,"3","Uqcrh"
0,1.69653473341349,0.835,0.466,0,"3","Rpl23"
0,1.69537487380076,0.799,0.439,0,"3","Rpl13a"
0,1.69527984751602,0.64,0.234,0,"3","Selenow"
2.28793229386515e-270,1.69461303319541,0.237,0.063,4.78887108428916e-266,"3","Nenf"
0,1.69250681543191,0.651,0.227,0,"3","Atp5e"
0,1.69091475212687,0.803,0.414,0,"3","Cox4i1"
0,1.68646425783047,0.768,0.352,0,"3","Cdhr1"
0,1.68385906474957,0.848,0.483,0,"3","Rpl8"
0,1.68328134189518,0.834,0.478,0,"3","Rpl21"
0,1.68191332044238,0.813,0.445,0,"3","Cox6c"
0,1.67854257268648,0.792,0.408,0,"3","Rpl37a"
0,1.67557765175945,0.679,0.271,0,"3","Atp5mpl"
0,1.67404259330287,0.773,0.411,0,"3","Rps12"
0,1.6733397796305,0.837,0.533,0,"3","Rps29"
0,1.67044739514911,0.832,0.493,0,"3","Rps14"
0,1.6698420219077,0.81,0.421,0,"3","Rps3"
0,1.66819151467293,0.842,0.487,0,"3","Rps7"
0,1.66574757087206,0.741,0.328,0,"3","Atp5h"
0,1.66074400529877,0.548,0.192,0,"3","Eif3f"
0,1.65756432697416,0.595,0.202,0,"3","Ndufv3"
0,1.65732259210272,0.988,0.888,0,"3","Pde6g"
0,1.65457907633489,0.997,0.992,0,"3","Rho"
0,1.65355826324972,0.748,0.35,0,"3","Rpl14"
0,1.65128343538167,0.845,0.509,0,"3","Rpl30"
0,1.63968390625973,0.73,0.323,0,"3","Pfdn5"
0,1.63784070889396,0.315,0.083,0,"3","Gm10076"
0,1.63654269040471,0.655,0.286,0,"3","Rpl12"
0,1.63492688840443,0.612,0.218,0,"3","Ndufa13"
0,1.62556967260185,0.366,0.102,0,"3","Tmem258"
0,1.62418024311213,0.7,0.313,0,"3","Rps28"
0,1.62371120312951,0.498,0.152,0,"3","Tomm7"
0,1.61653006056619,0.84,0.479,0,"3","Lars2"
0,1.61441657520348,0.857,0.51,0,"3","Eef1a1"
0,1.61306237069453,0.754,0.393,0,"3","Rps18"
0,1.61045391200615,0.756,0.335,0,"3","Hsp90b1"
0,1.6097137101113,0.716,0.328,0,"3","Rpl38"
0,1.60946355191374,0.752,0.419,0,"3","Ybx1"
0,1.60806934065809,0.572,0.213,0,"3","Rpl36a"
0,1.60572882652843,0.832,0.485,0,"3","Rpl19"
0,1.60529714309851,0.785,0.424,0,"3","Rps15a"
0,1.59678526216696,0.312,0.077,0,"3","Uqcc2"
0,1.59583610419289,0.653,0.298,0,"3","Rpl23a"
0,1.59505963337556,0.977,0.852,0,"3","Tma7"
0,1.5913364518012,0.485,0.158,0,"3","Ndufs6"
0,1.59070896117922,0.501,0.156,0,"3","Tomm6"
0,1.58466601142648,0.742,0.326,0,"3","Bsg"
0,1.58108593862608,0.631,0.255,0,"3","Cox6b1"
0,1.58050393516539,0.495,0.161,0,"3","Lsm4"
1.56955884852617e-111,1.57855399233825,0.1,0.027,3.28524362585013e-107,"3","Tmem59l"
0,1.57804389676749,0.297,0.076,0,"3","Rpn2"
0,1.57721075715999,0.795,0.427,0,"3","Rpl3"
0,1.57586364193117,0.865,0.545,0,"3","Rps27a"
0,1.57500058735746,0.806,0.429,0,"3","Rpl24"
0,1.57361864844494,0.737,0.36,0,"3","Rpl29"
0,1.5728888500178,0.533,0.182,0,"3","Nedd8"
0,1.57093894384478,0.743,0.365,0,"3","Rpl39"
0,1.57051773760905,0.85,0.492,0,"3","Rpl41"
0,1.56843609704009,0.477,0.149,0,"3","Chgb"
0,1.56531881559951,0.604,0.236,0,"3","Ndufa7"
0,1.5650110733956,0.546,0.193,0,"3","Ftl1"
0,1.56332401331587,0.57,0.202,0,"3","Smdt1"
0,1.56299131588742,0.715,0.356,0,"3","Ndufb11"
0,1.5610385326999,0.634,0.249,0,"3","Ndufa2"
0,1.56088562139578,0.966,0.754,0,"3","Gapdh"
1.58261753828034e-214,1.55737600966232,0.144,0.031,3.31257676937458e-210,"3","Rpl9-ps6"
0,1.55733660581586,0.698,0.332,0,"3","Rack1"
0,1.55543064578196,0.527,0.184,0,"3","Tle5"
0,1.55444883797361,0.751,0.391,0,"3","Rps9"
0,1.55122194741072,0.633,0.251,0,"3","Elob"
2.69540676677344e-108,1.54935999856401,0.101,0.028,5.64175590353349e-104,"3","Fabp7"
2.02300838461915e-300,1.54343457991073,0.272,0.075,4.23435884984635e-296,"3","Naa38"
0,1.5408183574082,0.678,0.304,0,"3","Cox5b"
0,1.54033452407863,0.764,0.387,0,"3","Rpl34"
0,1.53904843927375,0.619,0.263,0,"3","Atp5o"
0,1.53732247204102,0.763,0.408,0,"3","Rps6"
0,1.53617164337794,0.693,0.31,0,"3","Rpl22"
0,1.53396984014507,0.751,0.375,0,"3","Rpl27"
0,1.53058830799616,0.807,0.462,0,"3","Rpl27a"
0,1.51851430243219,0.598,0.228,0,"3","Atp5md"
1.85438906406191e-198,1.51535112530559,0.169,0.045,3.88142174998798e-194,"3","Sp3os"
0,1.5148961009658,0.783,0.445,0,"3","Rpl17"
0,1.5109509685744,0.627,0.245,0,"3","Cox6a1"
5.00700986460427e-290,1.50993012195738,0.274,0.079,1.04801723476032e-285,"3","Pcp4l1"
0,1.50911275433963,0.728,0.405,0,"3","Rps17"
3.19451733099773e-137,1.50849128306914,0.172,0.059,6.68644422551134e-133,"3","Gm48552"
0,1.50706938311007,0.329,0.095,0,"3","Rpn1"
0,1.50520717473045,0.767,0.397,0,"3","Rps3a1"
0,1.50448388636164,0.518,0.181,0,"3","Uqcr11"
0,1.50094553054949,0.375,0.109,0,"3","Mrps21"
0,1.49749120024542,0.717,0.347,0,"3","Uqcrq"
0,1.49745171252681,0.318,0.092,0,"3","Polr2f"
0,1.49612245075951,0.697,0.337,0,"3","Rpl18"
0,1.49484672048844,0.32,0.096,0,"3","Pigt"
0,1.48949858486883,0.654,0.269,0,"3","Atp5c1"
0,1.48686109436372,0.306,0.084,0,"3","Stard10"
0,1.4854244000324,0.449,0.145,0,"3","Dctn3"
1.66477017300768e-198,1.48514360575915,0.155,0.039,3.48453044912237e-194,"3","Nomo1"
0,1.48384031943231,0.73,0.365,0,"3","Rpl37"
0,1.48344079164817,0.35,0.103,0,"3","Mien1"
2.77056695702088e-228,1.47985221312579,0.187,0.047,5.79907369774041e-224,"3","Tmsb15b2"
0,1.47764089523696,0.6,0.244,0,"3","Cox7a2l"
0,1.47397453907953,0.659,0.277,0,"3","Rpl4"
2.40726881137834e-214,1.47189131976636,0.191,0.05,5.038654349096e-210,"3","Bola2"
0,1.47128620845553,0.511,0.173,0,"3","Eif3h"
0,1.46740367417738,0.67,0.296,0,"3","Atp5j2"
0,1.4670510346077,0.641,0.289,0,"3","Rplp0"
0,1.46437956333079,0.887,0.615,0,"3","Gpx4"
0,1.46346033515385,0.346,0.101,0,"3","Anapc13"
0,1.45837606249675,0.478,0.157,0,"3","Timm8b"
0,1.45430772175867,0.834,0.517,0,"3","Rpl10a"
4.56963125788775e-313,1.45318506955546,0.326,0.093,9.56469518588484e-309,"3","Ost4"
7.0426485170858e-306,1.44978204449515,0.283,0.077,1.47409676111123e-301,"3","Taf10"
0,1.44193930589711,0.382,0.117,0,"3","D8Ertd738e"
0,1.44154378816912,0.796,0.44,0,"3","Chchd2"
0,1.43691476326143,0.558,0.207,0,"3","Ndufc1"
0,1.43488475114008,0.552,0.21,0,"3","Pcsk1n"
0,1.42962774324198,0.744,0.4,0,"3","Rpl15"
0,1.42577414987261,0.686,0.315,0,"3","Cox7a2"
7.64374989542355e-269,1.4139409889289,0.288,0.088,1.5999132906111e-264,"3","Txn1"
1.22955967504004e-258,1.41222968189466,0.234,0.064,2.57359135582631e-254,"3","Sec11c"
0,1.4100619419455,0.648,0.269,0,"3","Atp5j"
1.86910872972182e-119,1.40855721830731,0.118,0.034,3.91223148218074e-115,"3","Slc39a6"
0,1.40671537848177,0.982,0.931,0,"3","Gnat1"
8.50694211036869e-306,1.4020687836325,0.325,0.1,1.78058805312127e-301,"3","Myl12b"
0,1.40195310192061,0.591,0.249,0,"3","Cox7b"
0,1.4011955197493,0.745,0.417,0,"3","Rps27"
0,1.40116413325302,0.391,0.129,0,"3","Prelid1"
4.86170079088832e-263,1.40098109696953,0.254,0.074,1.01760259254084e-258,"3","Clptm1"
0,1.40045925258118,0.656,0.294,0,"3","Ubl5"
0,1.39833440710104,0.426,0.143,0,"3","Eif3k"
0,1.39718755521329,0.448,0.15,0,"3","Dynlrb1"
0,1.39660533350032,0.57,0.224,0,"3","Ndufb1-ps"
0,1.39502892025927,0.988,0.953,0,"3","Gngt1"
0,1.3946630585731,0.574,0.22,0,"3","Ndufb7"
0,1.39080017901356,0.413,0.135,0,"3","Use1"
0,1.38966382078637,0.774,0.431,0,"3","Rpl35a"
0,1.38345905918467,0.847,0.516,0,"3","Reep6"
0,1.3830598770716,0.67,0.316,0,"3","Atp5g1"
9.32730345066276e-308,1.38222925686197,0.262,0.068,1.95229788525822e-303,"3","Bag1"
0,1.38081325318943,0.663,0.299,0,"3","Rpl7a"
1.5489252391648e-308,1.38078221468333,0.363,0.12,3.24205541809584e-304,"3","Map1lc3a"
0,1.38076439795472,0.572,0.226,0,"3","Tspan7"
0,1.38021604564265,0.699,0.326,0,"3","Serf2"
0,1.3779208428479,0.354,0.113,0,"3","Ctsd"
0,1.3765903482566,0.49,0.171,0,"3","Swi5"
0,1.37647995305046,0.486,0.176,0,"3","Snrpd2"
0,1.37493010897958,0.557,0.22,0,"3","Ndufb4"
0,1.37423462834774,0.697,0.36,0,"3","Rpl5"
2.20182815536698e-270,1.37220301520917,0.256,0.073,4.60864651199862e-266,"3","Zfas1"
4.57086462630304e-124,1.37167232966952,0.121,0.035,9.56727674931489e-120,"3","Kars"
0,1.37044325594746,0.684,0.334,0,"3","Ndufb9"
0,1.36937095312377,0.518,0.19,0,"3","Ndufa6"
3.92482411373322e-207,1.36802735240608,0.196,0.055,8.21504935245501e-203,"3","Ciao2a"
0,1.36774981004857,0.651,0.276,0,"3","Park7"
1.00236656999813e-245,1.36532665599252,0.235,0.066,2.09805346766308e-241,"3","Selenoh"
0,1.36269995761764,0.572,0.221,0,"3","Ndufa5"
0,1.35833120922166,0.371,0.118,0,"3","Mrpl34"
0,1.35787242922065,0.98,0.875,0,"3","Rcvrn"
6.53749393990038e-155,1.35673258550194,0.152,0.043,1.36836285656055e-150,"3","Meig1"
1.97119860675929e-206,1.35666424117652,0.211,0.062,4.12591580380787e-202,"3","Cenpx"
3.60181755139969e-109,1.35345181887095,0.206,0.089,7.5389643168347e-105,"3","Gm8797"
1.0271667176147e-283,1.35301297407879,0.307,0.095,2.14996265663933e-279,"3","Tbca"
0,1.34992165656484,0.474,0.165,0,"3","Fis1"
0,1.34960017977461,0.556,0.218,0,"3","Uqcr10"
0,1.34716080820017,0.387,0.13,0,"3","Pdia3"
0,1.34473589552476,0.854,0.525,0,"3","Vtn"
0,1.34183988572576,0.748,0.426,0,"3","Rps13"
0,1.34024106691218,0.448,0.16,0,"3","Mrpl54"
0,1.33712259563726,0.805,0.437,0,"3","Pgam1"
0,1.33576341598861,0.761,0.392,0,"3","Guk1"
0,1.32965998038119,0.513,0.196,0,"3","Ctsb"
0,1.32849712117468,0.563,0.22,0,"3","Eef1g"
0,1.32830217810031,0.647,0.285,0,"3","Pebp1"
0,1.32787892899173,0.934,0.711,0,"3","Pkm"
0,1.3278185661024,0.965,0.784,0,"3","Ubb"
0,1.32684376729193,0.533,0.2,0,"3","Spop"
1.29703175473187e-305,1.32465866921276,0.366,0.123,2.71481716582929e-301,"3","Psap"
0,1.32384453615878,0.391,0.126,0,"3","Lamtor2"
0,1.3233246840502,0.417,0.142,0,"3","Lamtor4"
0,1.32316170525017,0.655,0.286,0,"3","Hist1h2bc"
7.46834117596526e-229,1.31619056980552,0.238,0.072,1.56319849154129e-224,"3","Ccdc124"
0,1.31605532134769,0.552,0.218,0,"3","Rpl10"
1.60804316494358e-315,1.31114828382352,0.372,0.118,3.36579514854341e-311,"3","Ndufa3"
5.74202353927634e-116,1.30823765545554,0.112,0.031,1.20186294700593e-111,"3","Atp9a"
3.39088824325383e-280,1.30822102875822,0.314,0.1,7.09746818195458e-276,"3","Mrpl30"
9.41251343192795e-299,1.3059806221807,0.34,0.111,1.97013318643684e-294,"3","Serinc3"
1.71566172967827e-317,1.30220042831454,0.37,0.122,3.59105156638959e-313,"3","Ddt"
0,1.30052779897739,0.5,0.18,0,"3","Cds1"
8.50738359023817e-180,1.29766228771811,0.185,0.056,1.78068045927275e-175,"3","Amfr"
0,1.29748192029386,0.415,0.142,0,"3","Polr2j"
0,1.29739598462812,0.705,0.352,0,"3","Naca"
0,1.29635945725809,0.411,0.141,0,"3","Eef1b2"
4.33971332951993e-191,1.29591833707293,0.15,0.035,9.08345397001817e-187,"3","Tmem160"
2.50283032579733e-111,1.29493517842302,0.149,0.053,5.2386741549264e-107,"3","Gpsm3"
2.77382053997167e-164,1.29492384467146,0.153,0.043,5.8058837722147e-160,"3","Abhd12"
7.79801949445557e-287,1.29200662582892,0.336,0.109,1.6322034603845e-282,"3","Calm3"
0,1.29085800893589,0.931,0.724,0,"3","Rs1"
2.26745238999261e-300,1.28920900886697,0.331,0.103,4.74600459749354e-296,"3","Bri3"
1.27998777328939e-124,1.28735825241171,0.132,0.04,2.67914240827202e-120,"3","Praf2"
0,1.28545995306817,0.366,0.119,0,"3","Pkig"
1.46828136728731e-160,1.28319599914703,0.12,0.026,3.07325972986907e-156,"3","Rps27rt"
1.04950896805222e-316,1.28215821204725,0.363,0.118,2.19672722103011e-312,"3","Ndufb6"
0,1.28127537628959,0.652,0.296,0,"3","H2afv"
4.50739327376895e-219,1.27743858849842,0.235,0.073,9.43442486132579e-215,"3","Atp6ap1"
5.06424983825797e-113,1.27522229557955,0.12,0.037,1.05999813364578e-108,"3","Bcl2l2"
0,1.27493545729068,0.419,0.141,0,"3","Lamp1"
3.81098906075646e-190,1.2705760812299,0.18,0.051,7.97678120306935e-186,"3","Gid4"
2.39586713681605e-225,1.27025519761745,0.229,0.068,5.01478950406967e-221,"3","Ndufaf8"
0,1.26901839012782,0.657,0.299,0,"3","Mif"
0,1.26627421798715,0.517,0.217,0,"3","Rpl31"
1.24926538116158e-132,1.26606297000945,0.159,0.051,2.61483736930931e-128,"3","Ppdpf"
0,1.26560338287008,0.629,0.287,0,"3","Ndufs5"
0,1.26461782543662,0.641,0.298,0,"3","Atp5g2"
6.28769674490512e-297,1.26040406513052,0.357,0.12,1.31607780567609e-292,"3","Sec61b"
0,1.24872902365398,0.862,0.599,0,"3","Prcd"
0,1.24818828209344,0.588,0.24,0,"3","Tmem59"
1.11873764063983e-219,1.2475465402191,0.206,0.057,2.34162975562324e-215,"3","Phpt1"
8.5537543464222e-168,1.24677737093471,0.188,0.06,1.79038632224963e-163,"3","Gnl1"
0,1.24293786486791,0.414,0.14,0,"3","Atp6ap2"
0,1.24229172175105,0.467,0.168,0,"3","Pomp"
2.38406501883578e-175,1.23973150234944,0.335,0.146,4.99008649092517e-171,"3","Tcf20"
1.21671358693306e-114,1.2375339666455,0.123,0.037,2.54670320880959e-110,"3","Fdx2"
4.2036167690616e-269,1.23664567622195,0.293,0.091,8.79859025932284e-265,"3","Lsm6"
0,1.23550413134547,0.453,0.167,0,"3","Hsbp1"
4.25104125136967e-159,1.23252259584999,0.159,0.046,8.89785444324185e-155,"3","2310009B15Rik"
6.67136078567055e-235,1.23210545003006,0.311,0.11,1.3963825260487e-230,"3","Me1"
0,1.22831649932937,0.514,0.198,0,"3","Ndufa12"
2.57337343792947e-99,1.22791369454957,0.113,0.035,5.38632794293018e-95,"3","Dnlz"
2.59153001235399e-231,1.22411759401536,0.31,0.111,5.42433146885815e-227,"3","Eif4b"
8.24321506084232e-114,1.22390684819303,0.118,0.036,1.72538734438491e-109,"3","A930041C12Rik"
0,1.22376846571312,0.67,0.332,0,"3","Uqcrb"
5.38064598037268e-178,1.22335790085141,0.221,0.074,1.1262230101518e-173,"3","Erh"
6.36637746793259e-281,1.22277682175783,0.407,0.159,1.33254646781297e-276,"3","Mfge8"
0,1.22037179586968,0.558,0.235,0,"3","Ndufb5"
5.76037244874543e-270,1.21999300890874,0.291,0.089,1.20570355724691e-265,"3","Fkbp2"
1.28290006064803e-265,1.21885641932977,0.348,0.123,2.6852381169424e-261,"3","2410006H16Rik"
2.35730132025829e-134,1.21733297689371,0.155,0.049,4.93406739343263e-130,"3","Nhp2"
0,1.21582990142714,0.578,0.241,0,"3","Selenok"
4.57783536692604e-282,1.21522200972849,0.341,0.113,9.58186720651289e-278,"3","Micos13"
0,1.2148778952044,0.565,0.231,0,"3","Commd1"
0,1.21244847595532,0.57,0.25,0,"3","Atp5k"
0,1.21193478984852,0.774,0.409,0,"3","Arl3"
1.18641314375268e-137,1.20871834929761,0.166,0.054,2.48328135118873e-133,"3","Prxl2b"
0,1.20869236129044,0.625,0.267,0,"3","Itm2b"
0,1.20621874316389,0.654,0.304,0,"3","Laptm4b"
2.35519856055655e-255,1.20599589804799,0.284,0.09,4.92966610710092e-251,"3","Dnajb11"
6.47763694825864e-82,1.20356944962893,0.105,0.035,1.35583418964002e-77,"3","Scg3"
0,1.20308694730396,0.603,0.263,0,"3","Calr"
2.56124340174663e-312,1.20217852558483,0.411,0.148,5.36093856419588e-308,"3","Lgmn"
2.29679244853979e-210,1.20059370614975,0.229,0.071,4.80741627403863e-206,"3","Mettl9"
0,1.20010130189393,0.992,0.94,0,"3","Rom1"
0,1.19887861623213,0.514,0.2,0,"3","Prdx2"
3.64722884022911e-132,1.19834797099638,0.141,0.043,7.63401468548356e-128,"3","Tapbp"
1.64877169281611e-224,1.19109248095867,0.241,0.074,3.45104403023339e-220,"3","Epb41l4aos"
0,1.18878557669328,0.483,0.183,0,"3","Scp2"
1.31853476530029e-119,1.18764837620156,0.137,0.044,2.75982511725003e-115,"3","Scarb2"
6.1512562381355e-162,1.18715376035654,0.173,0.052,1.28751944320414e-157,"3","Cstb"
0,1.18714828201973,0.886,0.625,0,"3","Eif1"
1.05917944819766e-218,1.1865675546486,0.275,0.094,2.21696850302253e-214,"3","Pdia6"
0,1.18497581933311,0.745,0.388,0,"3","Ywhae"
5.86503519056585e-311,1.18432224989136,0.458,0.177,1.22761051573734e-306,"3","Psmb4"
0,1.18376968971515,0.563,0.229,0,"3","Selenof"
0,1.18089398046029,0.493,0.198,0,"3","Nop53"
0,1.18067385489645,0.924,0.736,0,"3","Slc24a1"
1.81361775356103e-255,1.17912256697096,0.283,0.089,3.7960833199786e-251,"3","Snhg6"
0,1.1784145646617,0.709,0.363,0,"3","Aplp2"
0,1.17754753910611,0.576,0.253,0,"3","Myl6"
0,1.17691648451033,0.705,0.392,0,"3","Atp5l"
4.25013861106102e-216,1.1750639371485,0.249,0.08,8.89596512681182e-212,"3","Pdcl3"
0,1.17100058513361,0.508,0.198,0,"3","Dad1"
2.99562103390444e-188,1.16844074101717,0.195,0.059,6.27013438606539e-184,"3","Gcsh"
4.63598618801368e-179,1.16640856876624,0.228,0.077,9.70358269013144e-175,"3","1810037I17Rik"
2.39508440499927e-177,1.16576243555828,0.215,0.071,5.01315116810396e-173,"3","Os9"
2.07507571253324e-322,1.1653885421893,0.471,0.181,4.34334097390332e-318,"3","Edf1"
7.30663088501581e-276,1.16350194571364,0.386,0.141,1.52935091054266e-271,"3","Lamtor5"
0,1.16021135290474,0.991,0.94,0,"3","Gnb1"
1.62434511943246e-209,1.15835800907735,0.241,0.076,3.39991676948408e-205,"3","1110065P20Rik"
0,1.15734073866154,0.596,0.262,0,"3","Rabac1"
1.02545757248157e-261,1.15365170926222,0.325,0.11,2.14638524496118e-257,"3","Chmp4b"
1.66065754316853e-211,1.1533276132509,0.246,0.079,3.47592230360605e-207,"3","Bola3"
0,1.15306039013789,0.576,0.244,0,"3","Scg5"
2.70612208653963e-180,1.1488259405584,0.207,0.066,5.6641841393361e-176,"3","Vti1b"
5.74220906525072e-209,1.14371532957855,0.296,0.106,1.20190177944763e-204,"3","Rex1bd"
0,1.14014683174678,0.934,0.736,0,"3","Aldoa"
6.78194916228288e-78,1.13997407609839,0.106,0.037,1.41952977915743e-73,"3","Zswim7"
2.41478438116947e-317,1.13828062590561,0.462,0.176,5.05438518822581e-313,"3","Pfdn2"
6.76147248884958e-235,1.13777541563177,0.266,0.085,1.4152438066411e-230,"3","Bcap31"
2.09886670838094e-312,1.13724747627968,0.511,0.21,4.39313790731214e-308,"3","Pabpc1"
5.68738732107484e-236,1.13610437226652,0.303,0.104,1.19042704017417e-231,"3","Krtcap2"
7.11594977737521e-295,1.13432782794311,0.379,0.132,1.48943944790241e-290,"3","Ergic3"
3.87417731772693e-230,1.13421174353067,0.29,0.098,8.10904054373423e-226,"3","Cops6"
0,1.13346805091163,0.715,0.39,0,"3","Chchd10"
1.05101649027834e-106,1.13319946539665,0.137,0.046,2.19988261580158e-102,"3","Gpx1"
1.12208890837148e-98,1.13205723806619,0.142,0.052,2.34864429411234e-94,"3","Ccng1"
5.98545691318879e-256,1.13183284870086,0.324,0.111,1.25281598649955e-251,"3","Tmem147"
7.37277937407848e-208,1.13123922772405,0.252,0.082,1.54319645078837e-203,"3","Pgls"
1.10437580879467e-206,1.13065464723224,0.259,0.087,2.31156900538812e-202,"3","Pin4"
4.05133829589822e-322,1.12987467546701,0.604,0.29,8.47985618714457e-318,"3","Gas5"
2.74957413223571e-319,1.12759422888032,0.515,0.211,5.75513361618255e-315,"3","Ap2m1"
0,1.12736312093012,0.644,0.322,0,"3","Cox5a"
0,1.12606278047172,1,0.998,0,"3","Gm42418"
0,1.12415708105662,0.688,0.378,0,"3","Cox7c"
5.65676365486879e-306,1.12222373471186,0.469,0.185,1.18401720060059e-301,"3","Ndufb2"
2.20773444199643e-254,1.12219361026476,0.378,0.142,4.62100896054272e-250,"3","Atp6v1f"
3.67112483372853e-132,1.12111842017908,0.171,0.059,7.68403138947719e-128,"3","Arl6ip5"
7.3603916714937e-122,1.11969498424121,0.174,0.063,1.54060358076035e-117,"3","Cdc34"
0,1.11465662488955,0.657,0.324,0,"3","Atp5g3"
7.38779959810885e-216,1.11382937705763,0.263,0.084,1.54634033388016e-211,"3","C1qtnf4"
0,1.11270578965138,0.598,0.254,0,"3","Pla2g7"
0,1.1115459830407,0.579,0.242,0,"3","Gabarapl2"
0,1.11043406086266,0.751,0.443,0,"3","Rpl6"
9.27758677813214e-292,1.10927143107056,0.467,0.187,1.94189168853084e-287,"3","Cycs"
1.22395549979873e-252,1.1087588823239,0.326,0.113,2.56186125662873e-248,"3","Chmp5"
1.66443039660599e-182,1.10857133933822,0.209,0.066,3.483819263136e-178,"3","Acyp1"
9.84649738857154e-130,1.10352470492932,0.165,0.056,2.06097036840191e-125,"3","Kcnab2"
9.25905942703215e-188,1.1023931946745,0.224,0.072,1.9380137286721e-183,"3","Hcfc1r1"
1.90816618502264e-146,1.09960317171118,0.192,0.066,3.99398264187088e-142,"3","Wdr83os"
9.90473374390474e-149,1.09697534241936,0.183,0.061,2.0731598199367e-144,"3","Pigf"
8.61130764102934e-311,1.09439368826753,0.423,0.154,1.80243280234385e-306,"3","Cox17"
6.69090466477214e-252,1.09287709945323,0.336,0.119,1.40047325538346e-247,"3","Cuedc2"
1.10194801967773e-292,1.09093800835041,0.444,0.173,2.30648739998746e-288,"3","Mrpl20"
3.2276199666036e-98,1.08975211425727,0.104,0.03,6.755731352098e-94,"3","Smim27"
1.93851379413387e-316,1.08921069784514,0.567,0.253,4.05750322250161e-312,"3","Btf3"
0,1.08723498882468,0.534,0.221,0,"3","Ndufb3"
4.80175742359824e-275,1.08545386171361,0.4,0.15,1.00505584633335e-270,"3","Snrpg"
2.51803842802455e-299,1.08391763074971,0.494,0.2,5.27050623369819e-295,"3","Atp6v0e2"
2.64210872830875e-104,1.08375619004352,0.136,0.047,5.53019777922305e-100,"3","Chchd5"
7.38112472135954e-264,1.08313564627276,0.378,0.139,1.54494321542777e-259,"3","Trmt112"
7.61431388022477e-261,1.08270200694922,0.365,0.133,1.59375203826985e-256,"3","Akr1a1"
1.26222336714938e-262,1.08175914900027,0.462,0.194,2.64195972978036e-258,"3","Ndufa11"
1.59031842078246e-279,1.07819524695617,0.387,0.139,3.32869548653976e-275,"3","Sec61g"
6.4147960999188e-209,1.07635583251257,0.253,0.083,1.342680971674e-204,"3","Snf8"
4.05550328242713e-222,1.07590861219909,0.271,0.089,8.48857392044822e-218,"3","Ube2m"
0,1.07586971150176,0.783,0.445,0,"3","Eif4g2"
1.56547914443034e-279,1.07564882190928,0.427,0.164,3.27670439720715e-275,"3","Prdx5"
3.70630426288978e-172,1.07319065441629,0.208,0.068,7.7576654526546e-168,"3","Arl2bp"
5.38870334039451e-168,1.07170902823956,0.226,0.08,1.12790949617797e-163,"3","Rad23a"
2.35967261916341e-199,1.07020286798089,0.264,0.092,4.93903075917094e-195,"3","Eif3i"
1.79718341828721e-119,1.0694127085289,0.148,0.05,3.76168461281696e-115,"3","Sort1"
6.12035181736254e-155,1.06864855158757,0.156,0.045,1.28105083889215e-150,"3","Nrtn"
1.71395460191209e-303,1.06820894430449,0.566,0.254,3.58747837726219e-299,"3","Atp5d"
0,1.06402357075713,0.844,0.573,0,"3","Atp5b"
1.04774034823969e-220,1.06143033459718,0.309,0.112,2.19302532290049e-216,"3","Tomm22"
4.17584588407751e-196,1.06033063743681,0.27,0.096,8.74046301996263e-192,"3","Sdhc"
3.37285802671361e-281,1.05735881079665,0.407,0.152,7.05972913571427e-277,"3","Pfdn6"
9.55015938364776e-112,1.05435732687203,0.16,0.058,1.99894386059131e-107,"3","Tmem184c"
6.48478070692881e-261,1.05271844962505,0.435,0.176,1.35732944976727e-256,"3","Timm13"
1.60302525189797e-264,1.05218098408074,0.381,0.141,3.35529215474764e-260,"3","Ranbp1"
0,1.04918542497157,0.779,0.454,0,"3","Impdh1"
1.05588151230252e-81,1.04866963462967,0.107,0.037,2.2100655934004e-77,"3","Pno1"
1.81000006774597e-272,1.04857563441413,0.403,0.151,3.78851114179909e-268,"3","Egflam"
3.21383948000207e-216,1.04670899939487,0.308,0.112,6.72688741559233e-212,"3","Fam162a"
8.73207955515255e-252,1.04651663626688,0.404,0.159,1.82771157168898e-247,"3","Psmb3"
3.06097183017514e-125,1.04618206193517,0.164,0.056,6.40692013773959e-121,"3","Mbd3"
1.67242882254919e-297,1.04494455924516,0.483,0.196,3.5005607684777e-293,"3","Cisd1"
4.47991420692867e-283,1.04489711995786,0.469,0.192,9.37690842652241e-279,"3","Rnasek"
0,1.04181471603251,0.902,0.692,0,"3","Oaz1"
7.65224855259001e-278,1.03902364422365,0.468,0.193,1.60169214454261e-273,"3","Psmd8"
4.51395661042162e-278,1.03741983888265,0.466,0.192,9.4481625812735e-274,"3","Micos10"
1.6575940757781e-211,1.03741199172741,0.259,0.086,3.46951016001115e-207,"3","Ndufaf5"
4.79625264746598e-203,1.03331523348343,0.577,0.336,1.0039036416411e-198,"3","Ptms"
6.36213407388587e-264,1.02934935216573,0.439,0.178,1.33165828300505e-259,"3","Gm17018"
2.23827791884693e-160,1.02930710059801,0.198,0.065,4.68493951193851e-156,"3","Acot13"
2.75399219215883e-270,1.02908612993287,0.404,0.153,5.76438105740765e-266,"3","Psmc3"
1.38018946328484e-59,1.027476022733,0.112,0.046,2.8888745656015e-55,"3","Pole4"
9.54194443577232e-285,1.02554030309931,0.461,0.185,1.9972243898515e-280,"3","Sem1"
2.09206050626496e-271,1.02543580786983,0.499,0.215,4.3788918456632e-267,"3","Hint1"
7.50926935922524e-126,1.02392721157506,0.179,0.064,1.57176516957943e-121,"3","Hspb11"
1.42253238661378e-136,1.02350987017483,0.174,0.059,2.9775025384213e-132,"3","Surf1"
8.73267329299769e-270,1.02264322953588,0.465,0.193,1.82783584695735e-265,"3","Mpc2"
5.72959304237252e-262,1.02153656537964,0.437,0.177,1.19926111969899e-257,"3","Sub1"
1.82593110000043e-177,1.02132015833807,0.244,0.087,3.82185638541091e-173,"3","Psmc1"
1.97931739270817e-264,1.02035965442075,0.521,0.235,4.14290923467747e-260,"3","Hspa5"
1.3420591570721e-203,1.02000430854641,0.295,0.108,2.80906402166762e-199,"3","Cebpzos"
2.65856866575988e-278,1.01959599444461,0.524,0.232,5.564650074302e-274,"3","Atp6v1g1"
1.82198914163532e-242,1.01761493694765,0.495,0.225,3.81360547235689e-238,"3","Dync1h1"
2.18344140658666e-214,1.01547033407643,0.316,0.117,4.57016120812653e-210,"3","Dut"
7.14381610431543e-257,1.01494511420992,0.438,0.179,1.49527214879426e-252,"3","Taldo1"
2.53329371054056e-222,1.01445379871436,0.347,0.133,5.30243706553246e-218,"3","Pam16"
1.68965342982613e-177,1.01213906507514,0.246,0.087,3.53661359396907e-173,"3","Tctex1d2"
3.94865209347675e-253,1.01136247050393,0.328,0.113,8.26492369685619e-249,"3","Cetn2"
4.85275312158337e-227,1.00930660155807,0.35,0.134,1.01572975587862e-222,"3","Arpc2"
2.36465558086651e-233,1.0089433379744,0.354,0.133,4.94946059631169e-229,"3","Ift43"
6.31789773678282e-312,1.00497543523701,0.713,0.383,1.32239917528601e-307,"3","Hspa8"
2.49670948048555e-312,1.00457532417097,0.72,0.378,5.2258626136043e-308,"3","Fam3c"
2.16752946699989e-106,1.00432604090867,0.123,0.038,4.53685592737748e-102,"3","Psmg4"
1.13406969700936e-302,1.00340296867016,0.661,0.337,2.3737212828103e-298,"3","Sumo2"
1.49549264174182e-293,1.00250749159872,0.528,0.229,3.13021564842981e-289,"3","Ndufb10"
4.57789640620053e-182,1.00244342580198,0.27,0.1,9.58199496781834e-178,"3","Nrm"
1.92590331494093e-140,1.0017624116525,0.189,0.066,4.03110822850286e-136,"3","Sirpa"
8.34141336626692e-98,1.00097315308931,0.134,0.044,1.74594123169333e-93,"3","Cd63"
8.31790204218977e-170,0.999414399468121,0.249,0.092,1.74102007645074e-165,"3","Cnih1"
1.34920213786744e-233,0.998158086772034,0.406,0.167,2.82401499477034e-229,"3","Rtraf"
6.94981658585966e-248,0.997909406061319,0.626,0.335,1.45466610958629e-243,"3","Actb"
8.76154186532023e-147,0.994055551514911,0.199,0.069,1.83387832783018e-142,"3","Pigp"
2.11794340961271e-144,0.993778236182595,0.218,0.081,4.43306735066035e-140,"3","Ube2v1"
6.13992839399312e-141,0.992098816190613,0.2,0.072,1.2851484121467e-136,"3","0610010K14Rik"
1.85256453899741e-147,0.989473070616156,0.236,0.091,3.87760283657547e-143,"3","Ccni"
3.02762210777524e-268,0.986307262383072,0.49,0.21,6.33711583378435e-264,"3","Psmb6"
1.96464293404055e-288,0.984647534338451,0.751,0.451,4.11219412524027e-284,"3","Abca4"
4.4798694142797e-211,0.983145099419294,0.296,0.105,9.37681467102883e-207,"3","Psenen"
1.38589493935785e-152,0.982374764491917,0.206,0.072,2.90081669756991e-148,"3","Nectin1"
4.21877918159598e-215,0.980872775124302,0.306,0.11,8.83032670499854e-211,"3","Abhd17a"
1.4692520793257e-165,0.979257412437287,0.254,0.096,3.07529152723662e-161,"3","Mrpl21"
2.782474433888e-306,0.977597951774469,0.74,0.432,5.82399723757098e-302,"3","Atp6v0c"
1.6103956251341e-85,0.97722673038317,0.11,0.036,3.37071908296818e-81,"3","Fabp5"
2.93221990869938e-156,0.976111290536191,0.283,0.117,6.13742949089866e-152,"3","Krt18"
2.81769952029719e-296,0.975873546232308,0.789,0.49,5.89772686593404e-292,"3","Atp1b2"
2.31465689242798e-83,0.974832899595107,0.112,0.039,4.84480834154101e-79,"3","Erlin2"
0,0.974365537000768,0.972,0.865,0,"3","Unc119"
9.3630203746256e-208,0.973064692615145,0.308,0.114,1.95977379461288e-203,"3","Cdc123"
4.29666869891391e-204,0.972488990631085,0.326,0.127,8.9933572536967e-200,"3","Ndufs8"
3.58351271997384e-145,0.96878804822797,0.228,0.087,7.50065047417725e-141,"3","Capzb"
5.77116796180868e-162,0.966273382478091,0.26,0.1,1.20796316608617e-157,"3","Scamp1"
6.5794401353812e-186,0.965499527333299,0.299,0.115,1.37714261473664e-181,"3","Cnpy2"
4.75786725595176e-188,0.965391551255129,0.321,0.128,9.95869195343264e-184,"3","Coa3"
5.83445304374841e-207,0.963333947060557,0.355,0.143,1.22120936658698e-202,"3","Pink1"
9.76160296477993e-189,0.96233667350085,0.281,0.104,2.04320111655809e-184,"3","Sdf4"
9.65820819580311e-210,0.961735198265051,0.327,0.125,2.02155955746355e-205,"3","Fundc2"
2.85456119334524e-164,0.961674023947687,0.282,0.113,5.97488203379093e-160,"3","Prdx1"
2.09083262892169e-240,0.961280262682104,0.423,0.171,4.376321775596e-236,"3","Gnas"
4.46940192931038e-265,0.961244197585766,0.504,0.22,9.35490517823955e-261,"3","Tecr"
6.36079624592778e-236,0.960872177471308,0.387,0.152,1.33137826223514e-231,"3","Tspan5"
1.33570898218022e-244,0.960712019891842,0.419,0.169,2.79577247060141e-240,"3","Nudc"
2.34374435438578e-272,0.957459496130909,0.594,0.286,4.90569130816487e-268,"3","Ppia"
4.33423919483551e-249,0.957187770301183,0.482,0.211,9.0719960587102e-245,"3","Ran"
2.41209433131169e-276,0.956902455829778,0.441,0.171,5.04875464486849e-272,"3","Ctsf"
2.02907362800006e-272,0.954171945238869,0.573,0.267,4.24705401076693e-268,"3","Mdh2"
2.15454745711444e-280,0.951997842005527,0.521,0.226,4.50968328248623e-276,"3","Vdac1"
2.13887167273542e-250,0.951001665464725,0.437,0.18,4.47687229820251e-246,"3","Psmc5"
4.84255317610489e-249,0.950403397098783,0.411,0.163,1.01359480529051e-244,"3","Atpif1"
1.70092347529428e-266,0.94985460764119,0.516,0.226,3.56020292613846e-262,"3","Ppa1"
6.95138363531499e-172,0.94914347170217,0.262,0.098,1.45499410870778e-167,"3","Yif1b"
1.61874771651695e-187,0.949103887419292,0.293,0.112,3.38820084544163e-183,"3","Pdcd5"
3.40026485932925e-90,0.948960205958782,0.105,0.033,7.11709437706205e-86,"3","Dtnbp1"
3.12868968651556e-130,0.948486701994284,0.149,0.047,6.54866038284572e-126,"3","Tusc2"
4.41013020516309e-242,0.947827431989759,0.429,0.176,9.23084353242686e-238,"3","Ghitm"
9.1979204667466e-178,0.947663810057298,0.316,0.128,1.92521673289473e-173,"3","Aurkaip1"
2.71911397537534e-193,0.945942436669554,0.274,0.099,5.69137746185812e-189,"3","Fmc1"
3.81530833852927e-92,0.945675163836544,0.118,0.039,7.98582188337562e-88,"3","Mcee"
4.96592764284202e-89,0.945300627323551,0.129,0.047,1.03941831492326e-84,"3","Ube3b"
8.38522555813333e-243,0.944890258445506,0.429,0.176,1.75511156157289e-238,"3","Tusc3"
1.89375065713332e-240,0.944669851665546,0.517,0.242,3.96380950044575e-236,"3","Psma7"
9.65180553315286e-233,0.944656961687625,0.623,0.318,2.02021941614422e-228,"3","Kcnj14"
1.23753862646236e-106,0.944443415593413,0.156,0.057,2.59029209904836e-102,"3","Nme5"
1.42036519221339e-131,0.940718733858633,0.218,0.085,2.97296638382184e-127,"3","Retreg2"
1.54116116107878e-257,0.940415056651361,0.513,0.229,3.225804426254e-253,"3","Chmp2a"
5.0206833387433e-165,0.94030282448192,0.266,0.102,1.05087922963236e-160,"3","Immp1l"
0,0.939597399091051,0.878,0.704,0,"3","H3f3a"
2.80371711392843e-256,0.9394335135244,0.528,0.239,5.86846029116359e-252,"3","Rtn3"
2.68787399378226e-195,0.937978860196312,0.312,0.119,5.62598905638565e-191,"3","Cerk"
2.79000206326038e-126,0.936923694590447,0.18,0.065,5.83975331861029e-122,"3","Stoml2"
2.86031033489025e-141,0.936323614470281,0.186,0.063,5.98691556195878e-137,"3","Mbd2"
9.59011839291535e-92,0.936260921573446,0.13,0.047,2.00730768082111e-87,"3","Phb"
5.99896299316349e-264,0.936219685537365,0.66,0.356,1.25564294409905e-259,"3","Atp5f1"
1.00675111040501e-149,0.935951703265492,0.217,0.079,2.10723074918872e-145,"3","Tram1"
4.4516101372575e-213,0.935910494046809,0.337,0.129,9.31766517829367e-209,"3","Usf2"
2.16619945943247e-106,0.935509369435706,0.12,0.037,4.53407208853811e-102,"3","Bcl7c"
1.32894907547941e-173,0.934958498239496,0.286,0.111,2.78162330988594e-169,"3","Cuta"
2.7278160042527e-231,0.934582135119137,0.415,0.171,5.70959167850133e-227,"3","Eif5a"
3.483120093396e-86,0.933901287057694,0.129,0.047,7.29051866748718e-82,"3","Med9"
5.95253419950862e-275,0.931081904245554,0.708,0.405,1.24592493329915e-270,"3","Dynll1"
9.32794766316838e-116,0.928868425042022,0.165,0.059,1.95243272537777e-111,"3","Bccip"
6.33270649856797e-265,0.927802466842333,0.59,0.279,1.32549879721526e-260,"3","Prnp"
2.06294232578835e-149,0.927794607927874,0.229,0.085,4.31794458210759e-145,"3","Ldhb"
5.62433034666701e-92,0.927538100609933,0.128,0.046,1.17722858486087e-87,"3","Ggh"
6.14361958669875e-167,0.927347601893685,0.241,0.087,1.28592101569191e-162,"3","Ufc1"
3.4400182871173e-117,0.926705480718121,0.152,0.051,7.20030227676522e-113,"3","Polr2l"
1.25491623740636e-181,0.923476702388018,0.293,0.112,2.62666517651525e-177,"3","Csnk2b"
4.03078846081094e-148,0.923472017245107,0.208,0.073,8.43684332732337e-144,"3","Trappc2l"
6.16407971574254e-224,0.922786201698243,0.376,0.15,1.29020352530207e-219,"3","Sdhaf4"
3.19211545535699e-92,0.92242758681654,0.127,0.045,6.68141685960771e-88,"3","Ctsa"
6.58825315273864e-128,0.922278398031882,0.187,0.068,1.37898726739972e-123,"3","Mrpl27"
3.03638221011164e-138,0.922055181304133,0.177,0.059,6.35545160398468e-134,"3","Gm15417"
6.22004738035628e-68,0.919173980286529,0.144,0.063,1.30191811718237e-63,"3","Gzmm"
8.1418226753052e-217,0.918304350507349,0.343,0.131,1.70416490416813e-212,"3","Fkbp8"
5.91475461518398e-152,0.917623588419915,0.22,0.079,1.23801728850416e-147,"3","1810058I24Rik"
8.8223283794074e-158,0.917430104289723,0.297,0.124,1.84660155309376e-153,"3","Skp1a"
4.59559305643737e-192,0.916899723394276,0.324,0.128,9.61903582642907e-188,"3","Snx3"
1.10241611794892e-202,0.916445048815848,0.394,0.168,2.30746717647889e-198,"3","Cwc15"
4.61422646751898e-102,0.915889076267765,0.125,0.041,9.65803741916398e-98,"3","Evl"
1.6538013989621e-256,0.911313736806416,0.762,0.459,3.46157170816757e-252,"3","Adipor1"
9.00442983782352e-197,0.911074402110649,0.34,0.136,1.88471720935484e-192,"3","4833439L19Rik"
3.23566503095536e-234,0.910801977156167,0.458,0.199,6.77257047629265e-230,"3","Ndufs7"
1.47787839985977e-52,0.910536114652344,0.111,0.048,3.09334727874649e-48,"3","Tspan13"
6.53674715506669e-233,0.909155180990778,0.616,0.333,1.36820654702701e-228,"3","Tubb5"
1.46768853271351e-258,0.907373973601847,0.636,0.329,3.07201886782265e-254,"3","Mdh1"
1.11350796214727e-170,0.906803166585754,0.299,0.12,2.33068351557046e-166,"3","Higd2a"
5.0725688907622e-78,0.905051149070899,0.137,0.055,1.06173939452544e-73,"3","Gm17231"
1.00522747971851e-156,0.901476686610813,0.253,0.098,2.10404163779881e-152,"3","Rnf123"
1.81621373178823e-130,0.901183670631179,0.15,0.048,3.80151696200595e-126,"3","Eno1b"
8.03832343329216e-163,0.898612056388689,0.259,0.099,1.68250147782238e-158,"3","Pitpnb"
6.19210368332283e-170,0.898210930049024,0.308,0.126,1.2960692219563e-165,"3","Uba1"
1.22806728981807e-126,0.898089596408974,0.185,0.067,2.5704676443182e-122,"3","Rab5c"
7.14342145868184e-235,0.897869070480089,0.426,0.178,1.4951895455167e-230,"3","Fkbp3"
5.31813313567486e-133,0.897609340396835,0.207,0.078,1.11313844662811e-128,"3","Lmo1"
2.22237022053275e-124,0.896903431702357,0.2,0.076,4.65164310859711e-120,"3","Eef1d"
1.36756598991304e-182,0.896136541982401,0.294,0.112,2.86245237348699e-178,"3","Mrpl11"
2.86793135226145e-259,0.895892152081719,0.728,0.459,6.00286711341845e-255,"3","Ssu72"
6.29625129676484e-162,0.894986024962558,0.319,0.136,1.31786835892585e-157,"3","Tmem50a"
2.43552575570077e-112,0.8937154853435,0.196,0.079,5.09779895925728e-108,"3","Eif2s3x"
1.94663763120938e-132,0.891663138674292,0.171,0.058,4.07450722588435e-128,"3","Alyref"
0,0.890602337532543,0.991,0.964,0,"3","Prph2"
9.27211025149703e-158,0.890009455778618,0.223,0.079,1.94074539674084e-153,"3","Suds3"
3.24922301603613e-188,0.889957074892269,0.331,0.133,6.80094869486522e-184,"3","Snrpd3"
3.91215449084588e-310,0.886256218540564,0.808,0.503,8.1885305647895e-306,"3","Anp32e"
6.56346981885223e-192,0.886176929006257,0.419,0.191,1.37379986778396e-187,"3","Psmb1"
3.31466034694421e-284,0.885621453903518,0.784,0.502,6.93791557218892e-280,"3","Ptma"
2.98420211232049e-230,0.882646702605467,0.43,0.181,6.24623344129803e-226,"3","Pdap1"
1.86965144797226e-131,0.882404551046589,0.22,0.086,3.91336744575074e-127,"3","Med28"
1.50646293256257e-235,0.881561292981487,0.631,0.331,3.15317756414673e-231,"3","Hk1"
1.47904448101268e-193,0.881091686183146,0.421,0.188,3.09578800320765e-189,"3","Suz12"
1.6501172997021e-259,0.880202596376224,0.699,0.401,3.45386052000646e-255,"3","Slc25a5"
9.23896065571669e-109,0.880176084809554,0.16,0.059,1.93380685484806e-104,"3","Gsk3a"
7.52353631488445e-163,0.878792895452675,0.245,0.091,1.57475138606846e-158,"3","Glrx3"
5.43928808661392e-175,0.878624080598177,0.247,0.088,1.13849738940916e-170,"3","Arpc3"
1.02066186913909e-217,0.878358596963783,0.415,0.175,2.13634735829504e-213,"3","Ndufv1"
5.83963806929128e-204,0.878024285263043,0.44,0.198,1.22229464428336e-199,"3","Sncb"
1.44778939873619e-167,0.878017964958062,0.241,0.087,3.03036799049472e-163,"3","Polr2m"
2.37388741436616e-169,0.874841793371116,0.285,0.111,4.96878374700981e-165,"3","Mrpl28"
2.15694201282898e-177,0.874419929569856,0.274,0.103,4.51469532705234e-173,"3","Tmbim4"
4.69287032781182e-226,0.874199858938047,0.453,0.198,9.82264688314292e-222,"3","Higd1a"
9.82734432226128e-228,0.873930586974849,0.424,0.178,2.05696144009251e-223,"3","Psma2"
1.20954455583397e-151,0.873751596444833,0.267,0.108,2.53169770981607e-147,"3","Pgrmc1"
4.85226357757291e-80,0.873418091170419,0.112,0.039,1.01562728942179e-75,"3","Dtd1"
3.85605508769873e-201,0.873400423785893,0.378,0.157,8.07110890406221e-197,"3","Ctsl"
6.36704872823464e-154,0.872673627837653,0.209,0.072,1.33268696930679e-149,"3","Tmem256"
2.54788856655788e-162,0.872061099296672,0.289,0.117,5.3329855586623e-158,"3","Timm10b"
1.48033050080347e-176,0.870959493022221,0.279,0.106,3.09847977123174e-172,"3","Mrps36"
1.73079875712078e-119,0.869050210803022,0.196,0.076,3.6227348785295e-115,"3","Ei24"
6.52025770037082e-69,0.867868385409562,0.111,0.042,1.36475513926462e-64,"3","Pafah1b3"
2.8293553789134e-108,0.867318424934049,0.189,0.074,5.92212374360363e-104,"3","Trappc1"
2.19241340288375e-200,0.865474355401196,0.311,0.116,4.58894049357598e-196,"3","Ptpmt1"
4.23500051609621e-195,0.865370982431742,0.353,0.145,8.86427958024098e-191,"3","Abhd8"
3.70662240884349e-81,0.864848338579718,0.128,0.048,7.75833136395031e-77,"3","Rab4a"
5.05757467680758e-241,0.863696835559943,0.453,0.19,1.05860095560259e-236,"3","Dstn"
6.75293174890487e-96,0.86067673064383,0.166,0.066,1.41345614436328e-91,"3","Vamp8"
1.58687016389778e-190,0.860075700591314,0.327,0.129,3.32147794005444e-186,"3","Cox14"
9.71315384190886e-203,0.859988210786403,0.391,0.167,2.03306023064994e-198,"3","Ss18l2"
2.71545684530957e-182,0.858871734096153,0.322,0.13,5.68372272291746e-178,"3","Arl1"
8.76421210431958e-180,0.858015351572334,0.275,0.103,1.83443723555513e-175,"3","Tmem218"
2.18618027902194e-56,0.857361833348329,0.102,0.041,4.57589394202082e-52,"3","Tmem38a"
3.58498414938537e-157,0.857103545603402,0.201,0.067,7.50373032307852e-153,"3","Hras"
1.19218508000544e-130,0.855999703798135,0.226,0.09,2.4953625909594e-126,"3","Tpgs2"
1.44799637748382e-167,0.855312406382109,0.284,0.112,3.03080121771139e-163,"3","Ssr2"
6.42195882635582e-236,0.852819700091275,0.68,0.388,1.34418020194454e-231,"3","Hmgb1"
3.73398906916773e-169,0.852599381009258,0.273,0.105,7.81561252067497e-165,"3","Tm2d1"
2.02131534705072e-172,0.852363213380696,0.337,0.142,4.23081515291186e-168,"3","Sptssa"
1.26710115694495e-132,0.851556810525919,0.213,0.082,2.65216943160147e-128,"3","Rexo2"
1.60030630603033e-54,0.851227634369869,0.104,0.043,3.34960112915209e-50,"3","Prps1"
1.0084431368932e-163,0.851171412002598,0.33,0.142,2.11077232983116e-159,"3","Gabarap"
1.75526700482857e-91,0.850938801185444,0.114,0.037,3.67394936780667e-87,"3","Med30"
1.2196019925025e-271,0.850754058708059,0.806,0.562,2.55274893050697e-267,"3","Ybx3"
1.38629773001912e-204,0.850627020374682,0.45,0.204,2.90165977870301e-200,"3","Ywhaq"
6.92928369565118e-87,0.849615115697183,0.159,0.065,1.45036837033675e-82,"3","Ppt2"
6.49131844485367e-152,0.848616926627098,0.229,0.084,1.35869786369232e-147,"3","Pdia4"
3.52429437774071e-122,0.847614708337009,0.163,0.056,7.37670056204909e-118,"3","Rangrf"
4.07578362035541e-75,0.84759010813543,0.131,0.052,8.5310226957659e-71,"3","Hmgb3"
3.85092871226106e-192,0.847381630999819,0.345,0.14,8.06037888763362e-188,"3","Ier3ip1"
9.99261652599818e-227,0.847235600839062,0.846,0.608,2.09155456505668e-222,"3","Eno1"
1.62536662994577e-192,0.846053126413929,0.353,0.145,3.40205489313948e-188,"3","Hagh"
5.70482493418506e-140,0.845473081724023,0.25,0.101,1.19407690697427e-135,"3","Mrpl58"
3.26734262844309e-173,0.844566378047424,0.269,0.1,6.83887485559422e-169,"3","Pop5"
3.86029423133027e-150,0.843658912103329,0.283,0.117,8.07998185559738e-146,"3","Psmb7"
3.71769326245836e-163,0.842947597388807,0.294,0.119,7.78150376765159e-159,"3","Pin1"
7.34864833209124e-141,0.841333385430268,0.297,0.13,1.53814558239002e-136,"3","Pfn1"
2.41151432124556e-192,0.841015113990067,0.342,0.138,5.04754062579909e-188,"3","Prmt1"
7.76083002059707e-155,0.840634321884658,0.28,0.114,1.62441933161117e-150,"3","Saraf"
2.08634123209105e-139,0.840371951228029,0.21,0.077,4.36692083288978e-135,"3","Bod1"
6.02116255207838e-237,0.839966347024655,0.678,0.371,1.26028953377553e-232,"3","Impg1"
3.29404892664584e-187,0.839959073985775,0.32,0.127,6.89477380836242e-183,"3","Cfdp1"
5.26331783335903e-175,0.837279874740113,0.284,0.108,1.10166505570038e-170,"3","Dpm3"
1.78187354735483e-147,0.832464991535057,0.254,0.1,3.7296395219684e-143,"3","Nat14"
6.9941086819065e-166,0.83234708744802,0.349,0.152,1.46393688820985e-161,"3","A930006I01Rik"
1.24220967528077e-173,0.831923456421466,0.322,0.132,2.60006907133017e-169,"3","Rab5if"
3.42966740703992e-212,0.831726442213859,0.435,0.19,7.17863684967525e-208,"3","Map1lc3b"
2.81093757450368e-194,0.830537805161335,0.355,0.145,5.88357343719365e-190,"3","Eloc"
9.51465923389808e-68,0.830448128609227,0.101,0.037,1.99151332424721e-63,"3","Maneal"
0,0.829863874946672,0.916,0.751,0,"3","Nrl"
1.25374574480415e-87,0.829000034661599,0.153,0.061,2.62421521844957e-83,"3","Pdzd11"
2.20838739974821e-109,0.827617914317071,0.169,0.063,4.62237566641297e-105,"3","Ppie"
1.26703558134895e-90,0.826901393895724,0.146,0.056,2.65203217532149e-86,"3","Wdr66"
3.55354998379931e-115,0.825415959129408,0.178,0.067,7.43793547109033e-111,"3","Nabp2"
1.35284429264817e-199,0.825064518657412,0.633,0.36,2.83163838894189e-195,"3","Impg2"
6.62218906299861e-177,0.82384672693476,0.389,0.174,1.38609039277624e-172,"3","Ptges3"
5.32154373111606e-194,0.823160015480911,0.49,0.24,1.1138523183599e-189,"3","Fscn2"
6.5156225488485e-105,0.822232751343151,0.154,0.056,1.36378495569948e-100,"3","Ctif"
9.97137138379673e-65,0.821977800932303,0.113,0.045,2.08710774434249e-60,"3","Ctdnep1"
2.49256738766142e-168,0.821758683659928,0.382,0.174,5.21719279911413e-164,"3","Mrpl14"
1.15749104359582e-131,0.821026814181549,0.227,0.09,2.42274450335041e-127,"3","Bag6"
1.83026206335638e-115,0.819949640295275,0.184,0.07,3.83092152481125e-111,"3","Mrpl13"
2.91996466320537e-139,0.81738987957317,0.236,0.093,6.11177803655517e-135,"3","Eif1ax"
1.43485841197698e-70,0.817193677122117,0.128,0.066,3.00330214210901e-66,"3","Dbi"
4.58172024700365e-296,0.816912996493986,0.839,0.586,9.58999864900333e-292,"3","Mgarp"
9.50170528485523e-189,0.816209305809846,0.345,0.141,1.98880193317305e-184,"3","Eif3g"
7.02565765994916e-129,0.815396001049237,0.226,0.09,1.47054040480396e-124,"3","Kat2b"
2.37148126396079e-99,0.814952142432161,0.14,0.049,4.96374743359634e-95,"3","Cdkn1c"
1.45021659387479e-108,0.812472718031789,0.159,0.057,3.03544835263932e-104,"3","Smim11"
6.04632243502015e-169,0.812282691431985,0.366,0.162,1.26555574887407e-164,"3","Rnf7"
1.50037674396669e-147,0.812107612428538,0.256,0.102,3.14043856279668e-143,"3","Ap2s1"
1.85188459181847e-195,0.811944523034553,0.605,0.326,3.87617963913524e-191,"3","Vamp2"
8.69244769796162e-176,0.810683523588411,0.318,0.129,1.81941622766035e-171,"3","Prxl2a"
2.3832774244766e-57,0.808196026038989,0.118,0.051,4.98843797717198e-53,"3","Spryd7"
2.84887001349871e-150,0.807608282946335,0.26,0.102,5.96296982525416e-146,"3","Polr2i"
1.66560287881638e-215,0.805828007241778,0.647,0.364,3.48627338565056e-211,"3","Atp5a1"
1.23265903164139e-142,0.805784388044435,0.295,0.127,2.58007861912859e-138,"3","Spcs1"
1.48225395503483e-129,0.805326326790869,0.232,0.093,3.1025057532834e-125,"3","Spint2"
4.45126317352565e-86,0.804911833805687,0.131,0.048,9.31693894850654e-82,"3","B9d1"
2.7170163065181e-210,0.804350868302314,0.746,0.492,5.68698683117304e-206,"3","Hmgn2"
6.44425915434593e-197,0.804312251245388,0.433,0.195,1.34884788359615e-192,"3","Tspan3"
8.6854078753136e-122,0.803470087628956,0.201,0.078,1.81794272238189e-117,"3","Adam9"
1.29596690614682e-97,0.800010354322468,0.169,0.067,2.71258833125592e-93,"3","Mrps28"
1.87363977663318e-157,0.799103955890728,0.327,0.142,3.92171541647091e-153,"3","Khdrbs3"
1.09837713356262e-154,0.798067397725999,0.313,0.134,2.29901317825992e-150,"3","Emc6"
5.42250481750601e-91,0.794335670530615,0.131,0.047,1.13498448335218e-86,"3","Fuca1"
5.20812364279864e-197,0.794232901263134,0.749,0.53,1.09011235967418e-192,"3","Ndufs2"
1.52138869872732e-212,0.792921900834904,0.423,0.183,3.18441868530614e-208,"3","Rpl36al"
1.24767232418585e-109,0.792864242466127,0.174,0.066,2.6115029417534e-105,"3","Tprgl"
6.92041891739039e-202,0.791687835123078,0.516,0.252,1.44851288359898e-197,"3","Nol7"
3.2050309393834e-86,0.791641760262694,0.161,0.066,6.70845025922339e-82,"3","Mrpl12"
5.0493666758811e-82,0.789695566809811,0.104,0.035,1.05688293892867e-77,"3","Nudt14"
5.10102220664219e-181,0.789326625882776,0.299,0.115,1.06769495807228e-176,"3","Drap1"
1.86137650669155e-83,0.789144540938466,0.169,0.073,3.89604716615608e-79,"3","Arpc4"
4.49883471800406e-76,0.787401755687751,0.129,0.051,9.41651094825431e-72,"3","Slc39a7"
3.0887800469085e-167,0.787332457931997,0.374,0.168,6.46512551618418e-163,"3","Sf3b6"
4.39690893250367e-92,0.787167660274657,0.189,0.081,9.20317008662343e-88,"3","Isca1"
1.07151966377051e-106,0.783863939398231,0.162,0.06,2.24279780823806e-102,"3","Snapc5"
6.38749665074528e-135,0.783591113074406,0.273,0.116,1.33696692396749e-130,"3","Dynll2"
4.6340651790945e-189,0.783213838009078,0.335,0.135,9.6995618263627e-185,"3","Snhg8"
3.73414438270198e-204,0.782175273786432,0.488,0.231,7.81593760743351e-200,"3","Ndufc2"
1.34163017132137e-184,0.782139118484512,0.422,0.191,2.80816611159276e-180,"3","Pcnp"
9.79945817479434e-143,0.78146651222965,0.287,0.122,2.0511245905662e-138,"3","Coq7"
1.10150102790537e-95,0.781203811600998,0.152,0.058,2.30555180150873e-91,"3","Timm17b"
1.8418674917559e-148,0.778738338703782,0.308,0.133,3.85521284699427e-144,"3","Vps28"
2.77838986277092e-186,0.77825223095518,0.504,0.254,5.81544782176581e-182,"3","Rpl22l1"
9.04127616580428e-152,0.777632642172059,0.288,0.119,1.89242951426449e-147,"3","Chchd7"
5.60052243125337e-109,0.777572624109478,0.21,0.087,1.17224535008564e-104,"3","C1d"
7.73771204370419e-163,0.775599667365351,0.363,0.162,1.61958050786772e-158,"3","Fkbp4"
1.0323343881416e-68,0.774839183722632,0.108,0.041,2.16077910781917e-64,"3","Ncaph2"
1.02279333047959e-119,0.774219434268726,0.18,0.066,2.14080872002682e-115,"3","Rnaseh2c"
0,0.771606162338837,0.944,0.819,0,"3","Cst3"
1.4333312601418e-146,0.771538316705267,0.248,0.097,3.00010566060281e-142,"3","Lrpap1"
2.84016537089852e-81,0.770754378849386,0.159,0.067,5.94475013782769e-77,"3","Dmac1"
2.74135533721593e-196,0.770024272043047,0.407,0.176,5.73793085632666e-192,"3","Hprt"
2.94969322941842e-69,0.769592130694376,0.114,0.044,6.17400289849569e-65,"3","Glod4"
6.76892000998173e-153,0.768644443131555,0.327,0.143,1.41680264728928e-148,"3","Ndufa8"
4.25328526007378e-133,0.767152786054185,0.271,0.116,8.90255137786043e-129,"3","Ppp1ca"
4.58689062841561e-121,0.764137279456386,0.178,0.063,9.60082077433671e-117,"3","Gm5914"
9.45487255620235e-109,0.763462003726411,0.206,0.085,1.97899937473871e-104,"3","Thap12"
6.45192226729682e-186,0.762565366070336,0.416,0.187,1.3504518497679e-181,"3","Ppib"
1.43064183143659e-193,0.761398708844882,0.587,0.322,2.99447641737993e-189,"3","Uqcc3"
1.98741486201393e-90,0.760708241788465,0.15,0.059,4.15985804768135e-86,"3","Nceh1"
6.47308970775208e-159,0.76054986398811,0.377,0.173,1.35488240672959e-154,"3","Psmb2"
3.44039440542224e-71,0.758540701476311,0.112,0.042,7.20108952998928e-67,"3","Akr7a5"
1.85277456237878e-159,0.757369767815879,0.323,0.137,3.87804243651502e-155,"3","Esd"
3.22201521755155e-92,0.756990023869789,0.147,0.056,6.74400005185714e-88,"3","Mturn"
9.78481594937728e-116,0.755673514277184,0.213,0.087,2.04805982636416e-111,"3","Alg10b"
3.10524368254855e-117,0.754781771164915,0.207,0.082,6.49958555194238e-113,"3","Tomm5"
3.61948288695698e-60,0.754337738622888,0.107,0.043,7.57593963068966e-56,"3","Ndufaf2"
1.84866582646079e-79,0.754252147156301,0.105,0.036,3.86944244136507e-75,"3","Top1mt"
1.8283525163939e-161,0.753621440223825,0.38,0.174,3.82692465206407e-157,"3","Dnaja2"
1.65190517232144e-188,0.752680837022193,0.567,0.294,3.45760271618601e-184,"3","Cnbp"
1.63775912562416e-124,0.752104855564697,0.242,0.101,3.42799362584394e-120,"3","Sod1"
3.41604118158895e-158,0.751359774013915,0.29,0.117,7.15011579718383e-154,"3","Thoc5"
2.89603066285533e-135,0.75117589285914,0.285,0.123,6.0616817804225e-131,"3","Cfap298"
6.74203011226972e-139,0.751046417927061,0.242,0.095,1.41117432279917e-134,"3","Mrpl52"
2.75398812091104e-154,0.748209070421108,0.305,0.129,5.76437253587891e-150,"3","Zfp706"
2.79331743264446e-180,0.747788826939909,0.424,0.194,5.84669271826813e-176,"3","Uqcrc1"
2.0742704145936e-125,0.747745894020517,0.267,0.116,4.34165540478587e-121,"3","Hist1h4d"
1.38168192008536e-81,0.74627248750684,0.132,0.05,2.89199842693067e-77,"3","Morn2"
2.52493522662146e-174,0.745119626068938,0.481,0.237,5.28494192284138e-170,"3","Mlf2"
3.24052787030129e-155,0.744642475628152,0.299,0.124,6.78274888532764e-151,"3","Mtln"
1.736549647797e-161,0.744420504763789,0.419,0.202,3.63477206780389e-157,"3","Ndufv2"
4.40967259489107e-52,0.744056155651698,0.118,0.052,9.2298857083665e-48,"3","Cyfip2"
5.1900584650085e-90,0.743289100491535,0.165,0.067,1.08633113731093e-85,"3","Mfn2"
5.51962267241779e-109,0.742406624389526,0.223,0.095,1.15531222156377e-104,"3","Ciao2b"
1.19664948647383e-114,0.742253052333531,0.223,0.093,2.50470704013837e-110,"3","Phf5a"
8.69742438213633e-118,0.741990041027166,0.201,0.078,1.82045789742496e-113,"3","Zmat5"
1.0067794027062e-200,0.741765326121469,0.617,0.336,2.10728996780435e-196,"3","Clta"
9.21873078606033e-84,0.740609005701238,0.114,0.04,1.92957254083029e-79,"3","Habp4"
1.33822836953936e-83,0.740583590514546,0.144,0.057,2.80104580028284e-79,"3","Bicd2"
1.35985825540031e-189,0.740061671217169,0.485,0.235,2.84631931437839e-185,"3","Mrps33"
1.35114645632158e-146,0.739693077205128,0.285,0.119,2.8280846477267e-142,"3","Emc4"
1.41120963029283e-82,0.739464196130063,0.104,0.035,2.95380287716592e-78,"3","Gm16124"
8.49281955686398e-157,0.737256062037901,0.303,0.126,1.7776320614472e-152,"3","Polr2k"
3.72799140511315e-134,0.736934730388082,0.284,0.123,7.80305881004233e-130,"3","Smim7"
5.90993733018545e-72,0.735272130060313,0.145,0.061,1.23700898258112e-67,"3","Gemin7"
1.22651459023699e-90,0.734926800079086,0.158,0.063,2.56721768882504e-86,"3","Chchd6"
4.50755598260893e-170,0.734745199228099,0.466,0.23,9.43476542719876e-166,"3","Eif3e"
9.03968554020764e-197,0.734507853232417,0.668,0.391,1.89209658042086e-192,"3","Ndfip1"
3.79938741510715e-122,0.734291126248512,0.199,0.076,7.95249779856078e-118,"3","Mthfsl"
3.09328405922347e-192,0.733913116213678,0.501,0.242,6.47455286436065e-188,"3","Ddrgk1"
6.00014632397509e-100,0.73384602210529,0.171,0.067,1.25589062707123e-95,"3","Stt3b"
1.70913400312818e-157,0.733471716914131,0.352,0.156,3.5773883819476e-153,"3","Rer1"
4.52214679512986e-81,0.731795834610823,0.124,0.046,9.4653054568863e-77,"3","Ttyh2"
3.60092268072649e-71,0.731422663921721,0.133,0.055,7.53709126302861e-67,"3","Zdhhc3"
5.80361096547103e-115,0.731149372339258,0.23,0.097,1.21475381118274e-110,"3","Aip"
1.71245311080747e-139,0.727181627390895,0.241,0.095,3.58433560623111e-135,"3","Tmem107"
1.05355287787846e-153,0.72570518398317,0.327,0.142,2.2051915286874e-149,"3","Psma4"
5.20284347777002e-121,0.724273607121981,0.191,0.072,1.08900716833204e-116,"3","Smim26"
1.07177206235476e-153,0.723591378316185,0.287,0.117,2.24332610371476e-149,"3","Cox20"
2.25345181556011e-178,0.723561759346326,0.472,0.227,4.71669999514886e-174,"3","Cfap36"
2.35064288504962e-186,0.721222210013446,0.398,0.174,4.92013062269736e-182,"3","Cd81"
2.64843796009834e-191,0.721209620859043,0.466,0.218,5.54344549428183e-187,"3","Klc3"
4.94552552499809e-175,0.720405716322701,0.532,0.272,1.03514794763735e-170,"3","Ddx6"
1.00749485565264e-60,0.718837110383345,0.13,0.057,2.10878748236655e-56,"3","Srebf1"
3.28658951975889e-90,0.718453859322755,0.183,0.078,6.87916052380734e-86,"3","Paics"
1.34592612960897e-156,0.71817497052634,0.424,0.207,2.81715798188453e-152,"3","BC031181"
2.10950812173349e-90,0.717446267856438,0.181,0.076,4.41541144960037e-86,"3","Rps19bp1"
9.43425938180401e-164,0.717262721284507,0.399,0.185,1.9746848312054e-159,"3","Srp14"
7.38949444067257e-185,0.716873244854571,0.579,0.305,1.54669508137718e-180,"3","Tdrd7"
9.6466341867856e-195,0.715483729991021,0.63,0.341,2.01913700163609e-190,"3","Gpi1"
3.51476155848531e-81,0.713216964248057,0.122,0.044,7.3567474180656e-77,"3","Apobec2"
1.90486278627296e-141,0.712910893559768,0.419,0.213,3.98706829794793e-137,"3","Osgep"
2.63542363722666e-142,0.712805930313756,0.331,0.15,5.51620521507911e-138,"3","Atp2a2"
1.73240428143007e-180,0.712684386178215,0.375,0.161,3.62609540146127e-176,"3","Fbxo9"
2.39455399288745e-123,0.712171718033216,0.262,0.114,5.01204096251273e-119,"3","Hspb6"
4.2945525664906e-128,0.711575345746411,0.237,0.096,8.98892797692147e-124,"3","Eif1ad"
2.07837084201068e-131,0.71123576309262,0.263,0.111,4.35023800941256e-127,"3","Sgtb"
7.53519771221698e-175,0.710478911479112,0.43,0.201,1.57719223314414e-170,"3","Sumo1"
9.15538559852231e-142,0.708974359711665,0.308,0.136,1.9163137596267e-137,"3","Txn2"
4.2109352345789e-109,0.707591610291088,0.172,0.065,8.81390853949709e-105,"3","Scap"
2.42009403658425e-56,0.707542341289344,0.117,0.05,5.06549882797449e-52,"3","Pttg1"
0,0.706008068713865,0.949,0.851,0,"3","Hmgn1"
2.92216088285667e-134,0.705341405247983,0.263,0.109,6.1163749439073e-130,"3","Anp32b"
5.28486420345257e-202,0.704098657225487,0.775,0.53,1.10617492642466e-197,"3","Purb"
5.03640948252659e-67,0.701788319088189,0.158,0.072,1.05417086878764e-62,"3","Sdc3"
1.23978874173787e-170,0.70094187401072,0.474,0.234,2.59500181533154e-166,"3","Snrpb"
4.35878920300788e-64,0.699444149164333,0.136,0.059,9.1233816808158e-60,"3","Mzt1"
4.38546542907161e-100,0.698682816018336,0.184,0.075,9.17921768958979e-96,"3","Ten1"
1.01406932373961e-173,0.697998230916075,0.531,0.275,2.12254850151938e-169,"3","Pmm1"
1.4140508637659e-66,0.697260669250891,0.129,0.053,2.9597498629484e-62,"3","Txnl4a"
1.98045775310846e-138,0.695933164250408,0.35,0.162,4.14529612303133e-134,"3","Amd1"
1.38784911216993e-110,0.695609927852811,0.212,0.087,2.90490697668288e-106,"3","Uap1"
2.3137390614028e-136,0.692809451124096,0.341,0.159,4.8428872294222e-132,"3","Cacybp"
3.75695044367443e-83,0.692587795372446,0.138,0.053,7.86367297365496e-79,"3","Kxd1"
7.09274853557403e-138,0.692195173356353,0.27,0.113,1.484583195981e-133,"3","Mrpl42"
8.31925343523286e-97,0.69210031421179,0.189,0.079,1.74130293652859e-92,"3","Ube2a"
1.4343440855676e-145,0.690488490603323,0.326,0.144,3.00222560550154e-141,"3","Yeats4"
1.01524853869438e-150,0.690018670893648,0.438,0.217,2.1250167163412e-146,"3","Pea15a"
4.03252435041421e-98,0.689709366397639,0.179,0.072,8.44047671785199e-94,"3","H2afj"
8.59682961147488e-132,0.687247832385088,0.334,0.156,1.79940240597781e-127,"3","Lbh"
2.88659790307722e-149,0.686855270391107,0.301,0.127,6.04193807093094e-145,"3","Ubxn6"
5.58053726754833e-84,0.686849458673288,0.154,0.062,1.16806225547054e-79,"3","Dgcr6"
1.1269122199722e-111,0.686536227067946,0.213,0.088,2.35873996762381e-107,"3","Ap4s1"
1.34910890534065e-174,0.68601873659272,0.364,0.156,2.82381984976851e-170,"3","Gas6"
3.95760497736241e-102,0.685086077019334,0.208,0.088,8.28366297811725e-98,"3","Commd6"
1.62027588162759e-72,0.684195100505959,0.163,0.074,3.39139944783471e-68,"3","Rnf187"
2.01982045921397e-153,0.682904433650435,0.407,0.195,4.22768620318077e-149,"3","Snrnp27"
1.35603226561685e-157,0.682493021792231,0.411,0.195,2.83831113516263e-153,"3","Arf1"
9.61263245458023e-151,0.682196975511769,0.386,0.181,2.01202009906819e-146,"3","Dnajc8"
1.85907586446052e-169,0.682026842328858,0.366,0.16,3.89123169190232e-165,"3","Rwdd1"
1.01581305581151e-144,0.681406497682484,0.281,0.117,2.12619830711907e-140,"3","Aamp"
4.23461374121774e-112,0.680908904877846,0.18,0.068,8.86347002174285e-108,"3","2310009A05Rik"
2.67258417062364e-126,0.680507935617132,0.278,0.122,5.59398592753234e-122,"3","Tm2d2"
1.49750750942932e-140,0.679944676415856,0.332,0.151,3.13443296798652e-136,"3","Spag7"
1.01061823969559e-60,0.678374356530017,0.139,0.063,2.11532503750684e-56,"3","Tmem9b"
4.29049213480356e-48,0.677694673629049,0.107,0.048,8.98042908735733e-44,"3","Prelid3b"
1.08056628910047e-118,0.677545434410299,0.308,0.145,2.26173329971619e-114,"3","Prpf8"
3.3297381294435e-79,0.677325222448216,0.219,0.106,6.9694748787382e-75,"3","Rab11b"
7.30692755895128e-147,0.677105538758894,0.618,0.361,1.52941300736409e-142,"3","Syp"
1.39478062762573e-142,0.676234940019404,0.357,0.166,2.91941533168341e-138,"3","Cct7"
5.51450005824441e-150,0.6759137913173,0.39,0.184,1.15424000719114e-145,"3","Psmb5"
7.77085328347472e-55,0.675273951113449,0.112,0.048,1.62651730076409e-50,"3","Dcps"
2.90671725957078e-77,0.675107366099491,0.148,0.062,6.08404989600761e-73,"3","Ap3s2"
5.8356421570469e-153,0.67434089815931,0.595,0.34,1.22145825989149e-148,"3","Nedd4"
9.64862628135813e-52,0.673601400861034,0.109,0.047,2.01955396695107e-47,"3","Babam1"
9.98641979559009e-120,0.672948535146362,0.258,0.113,2.09025752741496e-115,"3","Oat"
3.65180758450161e-194,0.672876577219346,0.789,0.575,7.64359845512032e-190,"3","Pcbp2"
1.34670096295558e-141,0.672518652526751,0.267,0.109,2.81877978556232e-137,"3","Slirp"
6.53803725980444e-114,0.671901673528712,0.207,0.083,1.36847657884967e-109,"3","Znhit1"
4.72704537407696e-68,0.671362131537711,0.132,0.055,9.89417867248049e-64,"3","Tsr2"
3.14826657012045e-134,0.671271675720362,0.377,0.186,6.58963675791912e-130,"3","1190005I06Rik"
3.50607214790334e-167,0.671115997043534,0.626,0.364,7.33855961277648e-163,"3","Rbx1"
2.86835455132312e-57,0.670909987602727,0.114,0.047,6.00375291137442e-53,"3","Tmem14c"
7.88769731761921e-94,0.669751256635385,0.211,0.094,1.65097392555088e-89,"3","Phyh"
1.61714878322095e-164,0.669352586424443,0.601,0.337,3.38485411815978e-160,"3","Fabp12"
2.25564755420179e-77,0.669098032943299,0.173,0.077,4.72129589569977e-73,"3","Dhrs7"
7.12557435061542e-126,0.668643412171694,0.248,0.104,1.49145396732731e-121,"3","Polr2g"
1.96470467451151e-63,0.667018486339342,0.116,0.047,4.11232335422005e-59,"3","Spr"
6.82918908115269e-159,0.666468318625561,0.387,0.178,1.42941756657607e-154,"3","Sarnp"
3.80279187543764e-162,0.666298754281057,0.441,0.212,7.95962367447853e-158,"3","Pde6d"
4.44603274169725e-170,0.665824165656417,0.647,0.373,9.30599113164651e-166,"3","Pgk1"
3.52199722408182e-158,0.665716536441557,0.386,0.178,7.37189238972565e-154,"3","Ndufs3"
1.16688927389532e-115,0.665575195489791,0.167,0.059,2.44241593919028e-111,"3","Htra1"
4.52010153485099e-164,0.665395395219252,0.534,0.28,9.46102452259662e-160,"3","Set"
9.8263628066953e-83,0.664782579785807,0.177,0.077,2.05675599906939e-78,"3","Trappc3"
9.6143784051482e-89,0.664526140792435,0.206,0.092,2.01238554398157e-84,"3","Sar1a"
3.88056681983766e-52,0.663182822765197,0.115,0.051,8.1224144106022e-48,"3","Dcp2"
1.49913223707219e-132,0.662535592021072,0.316,0.143,3.13783368541581e-128,"3","Gde1"
2.13422021577238e-149,0.660977882162171,0.687,0.435,4.46713633363317e-145,"3","Oip5os1"
1.15714132078973e-107,0.660196887925563,0.225,0.096,2.42201249854499e-103,"3","Anapc11"
2.05743128916886e-164,0.659061111583517,0.39,0.178,4.30640943135935e-160,"3","Pfdn1"
3.35382923909268e-99,0.658997143935107,0.199,0.084,7.01989998034489e-95,"3","Clba1"
1.36814892546759e-64,0.658571666311186,0.121,0.05,2.86367251589621e-60,"3","Bpnt1"
1.58644196709421e-128,0.657941344978726,0.461,0.254,3.3205816813249e-124,"3","Scand1"
1.81382637313511e-109,0.657316424030282,0.302,0.146,3.79651998160909e-105,"3","Odc1"
5.52125059533586e-95,0.656551134361565,0.233,0.108,1.15565296210975e-90,"3","Tceal9"
7.85342470198832e-105,0.656287749168884,0.253,0.115,1.64380032437318e-100,"3","2510009E07Rik"
4.71819989337645e-144,0.656276453085434,0.37,0.173,9.87566419682625e-140,"3","Cct2"
1.78101458802699e-106,0.655719969915177,0.217,0.091,3.72784163419929e-102,"3","Smim8"
1.81319963257722e-116,0.655642016711273,0.565,0.353,3.79520815094737e-112,"3","Tuba1a"
8.05122621700141e-63,0.655430379785207,0.139,0.061,1.68520215948057e-58,"3","Fuom"
2.05073741937388e-100,0.655335262053988,0.199,0.083,4.29239849249148e-96,"3","Glrx5"
1.31124393324708e-55,0.654924924124619,0.103,0.042,2.74456467667947e-51,"3","Elp5"
5.39678347566716e-90,0.65482313787108,0.169,0.069,1.12960074929189e-85,"3","Mrps18c"
2.06641069392805e-92,0.653566237183413,0.298,0.152,4.32520422346081e-88,"3","Kpna2"
1.66776241138932e-104,0.653411957471212,0.224,0.097,3.49079350327898e-100,"3","Adh5"
4.39104006924095e-157,0.65317268467367,0.669,0.414,9.19088596892823e-153,"3","Nap1l1"
6.67634641796369e-141,0.6521690661004,0.648,0.397,1.39742606874398e-136,"3","Actg1"
1.3365670494512e-126,0.65152166874574,0.289,0.129,2.7975684912063e-122,"3","Paip1"
9.40515871326262e-116,0.650833165682343,0.265,0.118,1.968593770273e-111,"3","Hacd3"
2.93011166009662e-89,0.650515455194608,0.179,0.076,6.13301671574823e-85,"3","Dennd5a"
7.66443958089402e-139,0.650160905626144,0.614,0.362,1.60424384867693e-134,"3","Plekhb1"
8.23660792745119e-79,0.64860541877601,0.153,0.064,1.72400440529481e-74,"3","Sra1"
9.65950169642236e-94,0.645175716552413,0.2,0.087,2.02183030007816e-89,"3","Snx12"
4.8430323164716e-95,0.644511063514545,0.261,0.126,1.01369509416067e-90,"3","Zfp365"
4.60749596807835e-207,0.644481788270074,0.871,0.693,9.64394981078479e-203,"3","Ckb"
1.2372512879149e-129,0.641881653632804,0.345,0.164,2.58969067073468e-125,"3","Scamp5"
6.72560579214096e-159,0.641321477458375,0.504,0.26,1.40773654835303e-154,"3","Spcs2"
1.15316253356912e-106,0.641112755310997,0.287,0.137,2.41368449901352e-102,"3","Mrpl18"
1.47494001861169e-153,0.640574802717817,0.717,0.509,3.08719695295613e-149,"3","Slc25a4"
3.76219634170213e-224,0.639537965848942,0.886,0.674,7.87465316281672e-220,"3","Agpat3"
6.71961877258044e-129,0.638335966496065,0.274,0.119,1.40648340528881e-124,"3","Mrpl57"
3.39498224444767e-154,0.6381113468567,0.465,0.233,7.10603733585341e-150,"3","Ypel3"
1.57837178699391e-114,0.637868047293007,0.421,0.226,3.30368998735696e-110,"3","Ywhaz"
4.15000201993371e-119,0.637697422641364,0.176,0.063,8.68636922792326e-115,"3","Ift22"
7.52519621808773e-72,0.636659735295575,0.129,0.052,1.57509882040794e-67,"3","Ilrun"
6.29284695276871e-115,0.636370853270644,0.237,0.101,1.31715579568402e-110,"3","Apopt1"
9.82126051186115e-109,0.63618909487164,0.241,0.106,2.05568803773766e-104,"3","Psmd2"
9.02506903930887e-118,0.635948051143843,0.295,0.138,1.88903720061774e-113,"3","Ppp1cb"
2.19363785979239e-112,0.6344088838701,0.249,0.11,4.59150340433145e-108,"3","Glg1"
3.44996636901445e-115,0.634080418243522,0.247,0.107,7.22112460698414e-111,"3","Sin3b"
1.26197509733815e-133,0.633843398134304,0.251,0.103,2.64144007623847e-129,"3","Ntan1"
1.34684790494151e-57,0.633755907595286,0.153,0.074,2.81908734983308e-53,"3","Elovl2"
2.25162894212235e-102,0.632601869223711,0.164,0.062,4.71288453875629e-98,"3","C1qbp"
8.95951504741918e-85,0.632174298323518,0.144,0.056,1.87531609457531e-80,"3","Ubac1"
3.02450853032589e-100,0.632099228130911,0.223,0.098,6.33059880482512e-96,"3","Mrps24"
0,0.629890469982896,0.993,0.974,0,"3","Pdc"
1.216338719822e-167,0.629831911764716,0.478,0.233,2.54591857445943e-163,"3","R3hdm2"
1.65634624444984e-81,0.629557887647992,0.144,0.057,3.46689832425796e-77,"3","Fam174a"
5.13387375099518e-135,0.628759485429787,0.308,0.137,1.0745711148208e-130,"3","Hspe1"
3.35179475119839e-129,0.625449763229716,0.408,0.209,7.01564159373335e-125,"3","Rab3a"
3.29962351621048e-113,0.622419894968187,0.292,0.137,6.90644198178016e-109,"3","Rab1a"
1.33440431713736e-91,0.621651595169122,0.167,0.067,2.7930416762002e-87,"3","Tmem223"
1.19021511597539e-60,0.62146017804229,0.12,0.05,2.49123925924808e-56,"3","Dnajc4"
3.41767868886298e-140,0.620962444935613,0.667,0.42,7.1535432636591e-136,"3","Lgalsl"
1.80725268991089e-140,0.619910753669205,0.492,0.262,3.78276060525249e-136,"3","Mrfap1"
8.94660988180316e-51,0.61918867167895,0.105,0.045,1.87261491436022e-46,"3","Gtf3c6"
2.42668784891859e-141,0.618537186573085,0.355,0.164,5.0793003365715e-137,"3","Trir"
5.27967099555637e-147,0.617734335504144,0.455,0.23,1.1050879360799e-142,"3","Sod2"
1.67014334581073e-65,0.617568428589813,0.113,0.044,3.49577703711643e-61,"3","Dhrs7b"
4.00233219068008e-124,0.617281649725628,0.328,0.155,8.37728150831248e-120,"3","Zcchc17"
8.12902184188663e-94,0.615451595485521,0.231,0.106,1.70148556172529e-89,"3","Eif3d"
1.99918229472366e-55,0.614616915690201,0.121,0.051,4.1844884610861e-51,"3","Mxra7"
7.22173722802491e-112,0.614576627472916,0.281,0.13,1.51158181919789e-107,"3","Cdc37"
1.70915102204727e-49,0.613924404468346,0.15,0.076,3.57742400424713e-45,"3","M6pr"
6.98285456070506e-56,0.611016830970988,0.117,0.05,1.46158128810118e-51,"3","Npdc1"
8.52756179768198e-67,0.610838032600781,0.113,0.044,1.78490395987281e-62,"3","C1galt1c1"
1.27607076006835e-50,0.610354004048349,0.116,0.051,2.67094370789906e-46,"3","Ccdc85c"
3.13168329231624e-100,0.609488065709348,0.243,0.111,6.55492629914713e-96,"3","Atp6v0d1"
1.64400536268621e-140,0.607180554816321,0.364,0.176,3.4410676246385e-136,"3","3010001F23Rik"
3.28274880321441e-93,0.606953442733016,0.206,0.091,6.87112152000809e-89,"3","Bmi1"
8.51233196749475e-82,0.606812109044737,0.195,0.088,1.78171620411633e-77,"3","Tbcb"
1.86772840679573e-107,0.605852295062677,0.258,0.118,3.90934232826413e-103,"3","Zmat2"
9.87630643537957e-138,0.605419084507278,0.315,0.139,2.0672096999893e-133,"3","Sap30l"
1.97138772085225e-43,0.605390711452529,0.105,0.048,4.12631163851585e-39,"3","Wdr1"
9.93144478367105e-133,0.605357843851164,0.354,0.168,2.07875070767019e-128,"3","Plpp2"
2.29110930795553e-70,0.603668626306665,0.141,0.059,4.79552089248171e-66,"3","Ccs"
6.29161196343121e-93,0.603517518819898,0.266,0.13,1.31689730006579e-88,"3","Prrc2a"
7.51862456467003e-42,0.603250424467639,0.122,0.06,1.57372330763108e-37,"3","Taf12"
1.41502859690905e-70,0.603058443294789,0.195,0.094,2.96179635619033e-66,"3","Llph"
5.11570654551287e-89,0.601874185413217,0.207,0.093,1.0707685370413e-84,"3","Rbm42"
1.28599211048277e-78,0.599030518395349,0.173,0.076,2.69171008645148e-74,"3","Mrps12"
4.81251725074819e-99,0.597161127000745,0.253,0.118,1.0073079857541e-94,"3","Lamtor1"
5.15186656697943e-100,0.596597584945993,0.257,0.12,1.07833719113446e-95,"3","Magoh"
1.44481346371831e-123,0.595079869593481,0.295,0.133,3.0241390609088e-119,"3","Psmc4"
2.57559397604281e-49,0.593063664403913,0.138,0.067,5.39097575125521e-45,"3","Fam199x"
1.78033110134791e-156,0.593028222205465,0.782,0.519,3.72641102823131e-152,"3","Elovl4"
2.48932565132722e-119,0.59263507882439,0.338,0.165,5.21040752079301e-115,"3","Tubb4b"
2.53210125563213e-135,0.592538271700074,0.425,0.216,5.2999411381636e-131,"3","Ndufab1"
5.1478228518711e-100,0.592340838929701,0.194,0.08,1.07749080112514e-95,"3","Zfp428"
4.60045459553409e-147,0.591643674309487,0.576,0.324,9.62921151391241e-143,"3","Car2"
1.41553609945029e-121,0.591629350917823,0.297,0.136,2.96285860975939e-117,"3","Rrp1"
1.26741308594189e-141,0.5915770202876,0.701,0.446,2.65282233018497e-137,"3","Rtn4"
1.27138225557363e-55,0.588895232256015,0.156,0.076,2.66113019914117e-51,"3","Leprotl1"
2.29975552190053e-167,0.588829307954719,0.368,0.16,4.81361828289e-163,"3","Snrpf"
5.32194269506331e-112,0.588817485062203,0.271,0.123,1.1139358255037e-107,"3","Polr1d"
8.70448848025102e-49,0.588810888124353,0.1,0.043,1.82193648380134e-44,"3","Traf7"
2.48294977814335e-92,0.588799363793037,0.213,0.095,5.19706218063185e-88,"3","Dctn6"
3.5608211271681e-68,0.588348573538652,0.146,0.064,7.45315470127555e-64,"3","Pmvk"
1.90018218021221e-138,0.587426944842195,0.409,0.202,3.97727132140218e-134,"3","Trappc6b"
4.62755047345138e-154,0.58624978431677,0.326,0.139,9.68592589598109e-150,"3","Arf5"
1.24135121252377e-87,0.586198027181598,0.16,0.063,2.5982722229335e-83,"3","Trappc6a"
1.15501575940734e-85,0.586151535303771,0.186,0.081,2.4175634860155e-81,"3","Rbbp7"
4.18478666689346e-78,0.585876428771096,0.141,0.056,8.75917697247469e-74,"3","Apoo"
2.94219677257252e-80,0.584572313450336,0.24,0.12,6.15831206467155e-76,"3","Gng5"
1.59605857686446e-96,0.583872719256142,0.233,0.105,3.34071020723499e-92,"3","Psma6"
2.71334596221218e-44,0.583578163095997,0.121,0.059,5.67930443350632e-40,"3","Ddost"
1.5075573193215e-78,0.582385014850743,0.17,0.074,3.15546822507184e-74,"3","As3mt"
4.14144092989094e-80,0.582013879102282,0.201,0.093,8.66845001035473e-76,"3","Pmpcb"
9.06424966362436e-76,0.580711205276347,0.164,0.071,1.89723809709322e-71,"3","Enpp5"
7.45052317328607e-141,0.580486564695808,0.402,0.197,1.55946900540051e-136,"3","Hypk"
1.53138700575779e-179,0.580012795513063,0.868,0.692,3.20534614175164e-175,"3","Fam57b"
1.14684187369075e-41,0.579992824185328,0.101,0.046,2.40045472582211e-37,"3","Txndc17"
5.20283838069894e-125,0.579903672728068,0.566,0.328,1.0890061014641e-120,"3","Cnot6"
6.82634171222041e-34,0.579249585266044,0.102,0.051,1.42882158378485e-29,"3","Srprb"
4.32359314710606e-81,0.579187288794787,0.159,0.066,9.04971281620769e-77,"3","Dync2li1"
1.77652802292356e-83,0.579033141908363,0.181,0.079,3.7184508047813e-79,"3","Atxn10"
1.95437650535624e-76,0.576788276913728,0.151,0.063,4.09070546336115e-72,"3","Bloc1s2"
1.46799804471603e-92,0.576025147188322,0.233,0.108,3.07266670739513e-88,"3","Tmem229b"
4.67717856862172e-70,0.575054677266777,0.183,0.086,9.78980246198212e-66,"3","Bola1"
3.14212626906586e-120,0.575024519644854,0.328,0.158,6.57678449378176e-116,"3","Snrpd1"
2.37212593813375e-67,0.572719567967857,0.139,0.059,4.96509680110776e-63,"3","Tmem185a"
4.21917216394273e-58,0.57169954060985,0.148,0.069,8.83114925634852e-54,"3","Cops7a"
1.77303342823549e-63,0.571534059505576,0.203,0.104,3.7111362686397e-59,"3","Smndc1"
5.58211189561201e-82,0.570877768862513,0.198,0.09,1.16839184087055e-77,"3","Mrps11"
2.2728046251512e-119,0.570707001465547,0.354,0.174,4.75720736090397e-115,"3","1110004F10Rik"
3.27251938980499e-55,0.570469516475262,0.127,0.057,6.84971033480083e-51,"3","Hikeshi"
9.7401167591334e-116,0.570248047671479,0.308,0.146,2.03870383885421e-111,"3","Vps29"
6.0241235829009e-138,0.569292923672311,0.392,0.19,1.26090930713699e-133,"3","Bcas2"
6.99435309378468e-73,0.569037974622126,0.153,0.065,1.46398804606007e-68,"3","Siva1"
9.58499548315026e-46,0.56855078887848,0.109,0.05,2.00623540457818e-41,"3","Poldip2"
6.25419471838669e-123,0.568469189029296,0.278,0.122,1.30906549650552e-118,"3","Slc30a9"
9.36184922863224e-115,0.56651956665858,0.285,0.131,1.95952866204501e-110,"3","Manf"
6.40048401655605e-83,0.56596225522403,0.201,0.092,1.33968530950535e-78,"3","Akr1e1"
8.97891120056782e-85,0.565207215902912,0.194,0.086,1.87937590339085e-80,"3","Gdpd1"
7.27413862327859e-112,0.565191487011344,0.287,0.133,1.52254995523844e-107,"3","Smarca4"
1.49115441325334e-42,0.564767268955342,0.114,0.055,3.12113530238056e-38,"3","Grsf1"
9.30720829561605e-103,0.563676804691132,0.302,0.148,1.9480917683554e-98,"3","Atp6v1a"
8.38101246657342e-120,0.563621823469326,0.329,0.158,1.75422971937848e-115,"3","Mrps14"
1.01227186998907e-92,0.562943158864521,0.25,0.119,2.11878625107411e-88,"3","Rab18"
1.44738799366202e-129,0.562464872557989,0.562,0.326,3.02952780953397e-125,"3","Ppp2r5c"
4.13530378522722e-121,0.561237763858377,0.446,0.238,8.6556043528591e-117,"3","Hnrnpa1"
1.01822811139162e-76,0.561138325072271,0.21,0.101,2.13125325995379e-72,"3","Pcna"
2.66899057646112e-127,0.560058526195191,0.427,0.219,5.58646417559077e-123,"3","Tsg101"
2.62937818050273e-61,0.559761639253847,0.114,0.047,5.50355146961027e-57,"3","Dtd2"
3.07182106715143e-121,0.559678381294661,0.384,0.193,6.42962867565465e-117,"3","Chrac1"
1.37000173834087e-87,0.558394303841716,0.276,0.139,2.86755063852127e-83,"3","Prrc2b"
5.8100627881133e-102,0.55792347506425,0.264,0.122,1.21610424218e-97,"3","Ube2l3"
2.05033461046601e-122,0.557606536464047,0.299,0.136,4.29155537316641e-118,"3","Glrx2"
7.99440161396631e-95,0.557018406283883,0.277,0.136,1.67330820181929e-90,"3","Ccdc28b"
6.93733464099495e-143,0.556465820611684,0.519,0.279,1.45205351370665e-138,"3","Cbx3"
3.45795673921147e-135,0.55621786863507,0.531,0.289,7.23784925084353e-131,"3","Got1"
2.08273971746889e-65,0.555701757998611,0.148,0.066,4.35938250263413e-61,"3","Gars"
2.90941671258191e-74,0.555286396704606,0.196,0.093,6.08970012110519e-70,"3","Dnajc9"
5.95057211305197e-127,0.554961631859785,0.442,0.23,1.24551424898291e-122,"3","Raly"
1.01777984087342e-116,0.552800926901912,0.256,0.112,2.13031498493216e-112,"3","Ssr3"
4.28626207505829e-120,0.552796337314814,0.348,0.169,8.97157514930451e-116,"3","Cyc1"
9.86379520101903e-54,0.551731901803321,0.102,0.042,2.06459097352529e-49,"3","Lrrc59"
4.30907426166548e-66,0.551484263781923,0.117,0.047,9.01932333709201e-62,"3","Asl"
1.97130605160309e-115,0.55137651564754,0.261,0.116,4.12614069661044e-111,"3","Sdhaf1"
6.94564592116866e-104,0.551224336459577,0.276,0.131,1.45379314775981e-99,"3","Clcn4"
1.1445558763042e-49,0.551094474169909,0.106,0.046,2.39566990469232e-45,"3","Hist1h3e"
1.32433652880145e-52,0.55017105022021,0.162,0.081,2.77196878843431e-48,"3","U2af1l4"
3.47698470369703e-59,0.54982705853527,0.145,0.067,7.27767668330825e-55,"3","Dynlt3"
3.6365368097847e-61,0.549185327776766,0.685,0.592,7.61163519656035e-57,"3","AY036118"
4.00895343620587e-103,0.549160785958527,0.29,0.14,8.3911404373225e-99,"3","Snrpe"
1.00109608099378e-74,0.548226113054774,0.18,0.082,2.09539420712809e-70,"3","Trnau1ap"
1.7002669866955e-82,0.547243724341923,0.215,0.101,3.55882882985235e-78,"3","Elof1"
1.44938883223313e-110,0.54671741446498,0.457,0.253,3.03371576474716e-106,"3","Pnrc1"
4.72377500913993e-86,0.546077770585031,0.198,0.089,9.88733347163079e-82,"3","Cmpk1"
3.41998446981022e-91,0.545425522532652,0.202,0.089,7.15836949375977e-87,"3","Zfp664"
4.42492022234242e-56,0.543912687289299,0.125,0.055,9.26180051738493e-52,"3","Ift27"
2.02056566257308e-123,0.542338484931023,0.66,0.411,4.22924598833172e-119,"3","Ptp4a3"
2.60237450196222e-56,0.542212531718456,0.12,0.052,5.44703007005712e-52,"3","Stx8"
1.27602590057593e-103,0.541991880970787,0.389,0.211,2.67084981249547e-99,"3","Cfl1"
2.97146986377598e-109,0.541859554448412,0.321,0.157,6.21958357186951e-105,"3","Tm9sf3"
1.70448252677542e-72,0.541816299371577,0.162,0.071,3.56765237679363e-68,"3","B230118H07Rik"
5.55712183878115e-63,0.541512483600298,0.148,0.067,1.16316117207528e-58,"3","Ctbp1"
2.58331881426635e-110,0.541325120427587,0.285,0.133,5.4071446101409e-106,"3","Med19"
1.18664299072494e-67,0.54109106209569,0.167,0.083,2.48376244388638e-63,"3","Hist3h2ba"
9.52942067697228e-117,0.541066965369216,0.499,0.278,1.99460304189707e-112,"3","Lpgat1"
8.63126402642618e-46,0.541016818929349,0.132,0.065,1.80660987337126e-41,"3","Rab8a"
9.53762574084196e-62,0.538866681246241,0.131,0.056,1.99632044381563e-57,"3","Ube2e1"
2.3371858881254e-107,0.538767163436872,0.24,0.105,4.89196378243528e-103,"3","Btbd1"
2.04462474043249e-87,0.538059340843171,0.182,0.078,4.27960404419924e-83,"3","Ift57"
2.85060213387205e-120,0.537957438170323,0.348,0.17,5.96659532640759e-116,"3","Zdhhc5"
2.40809779266215e-65,0.53732453774164,0.139,0.06,5.04038948982114e-61,"3","Chmp3"
9.15947643780296e-50,0.533741262585156,0.107,0.046,1.91717001319654e-45,"3","D030056L22Rik"
4.53675204736371e-110,0.532684429409405,0.287,0.134,9.49587571033698e-106,"3","Ccdc115"
7.17610493488714e-54,0.53263870760161,0.122,0.054,1.50203052392123e-49,"3","Gpat4"
2.09470348154554e-82,0.5321727374205,0.201,0.092,4.38442385722296e-78,"3","Acly"
5.02944759150032e-172,0.531313786202944,0.868,0.699,1.05271367537693e-167,"3","Rtbdn"
5.10092436846802e-118,0.530959405639542,0.359,0.18,1.06767447956404e-113,"3","Aldoc"
6.93169526310988e-98,0.530651751588177,0.286,0.139,1.45087313552153e-93,"3","A330094K24Rik"
1.25195649072286e-75,0.530530056150675,0.206,0.099,2.62047013073201e-71,"3","Cds2"
1.35100903632912e-109,0.528685081521325,0.344,0.172,2.82779701394048e-105,"3","Paip2"
2.20071061216727e-76,0.528675736761326,0.154,0.065,4.60630738232731e-72,"3","Prkcsh"
6.89545472302258e-129,0.528582125584001,0.646,0.393,1.44328762807586e-124,"3","Slc25a3"
3.59724432921396e-64,0.528420379768251,0.163,0.075,7.52939210547774e-60,"3","Bud31"
1.12414656775769e-106,0.527488280866865,0.299,0.145,2.35295118097362e-102,"3","Srp19"
2.99731367587607e-124,0.527256088164635,0.344,0.165,6.27367725497621e-120,"3","Suclg1"
2.51821861148018e-50,0.527029541147156,0.111,0.049,5.27088337568917e-46,"3","Eif3l"
7.75361320837069e-105,0.526744527443564,0.271,0.126,1.62290878064407e-100,"3","Polr2c"
2.13893177999542e-66,0.526091643401077,0.19,0.092,4.47699810870841e-62,"3","Arpc1a"
8.73549321467471e-67,0.525008388634536,0.162,0.074,1.82842608476356e-62,"3","Asna1"
1.1348135151556e-54,0.524397134156328,0.111,0.047,2.37527816857219e-50,"3","Ube2z"
1.11183230877592e-133,0.524340077745759,0.532,0.291,2.32717620549888e-129,"3","Vdac2"
1.39945237819224e-73,0.52375761281225,0.196,0.093,2.92919377279418e-69,"3","Vma21"
8.18732461827233e-121,0.522948855242181,0.281,0.125,1.71368891585058e-116,"3","Wdr61"
3.25669651408616e-62,0.522341809574163,0.175,0.085,6.81659147363375e-58,"3","Ptpn11"
2.28252720618541e-117,0.521487293654204,0.27,0.12,4.77755769526669e-113,"3","Tpp1"
5.92392095355474e-97,0.520477015527556,0.259,0.122,1.23993589478854e-92,"3","Grpel1"
4.22779682006004e-65,0.520449294008634,0.157,0.071,8.84920152406766e-61,"3","Ramp3"
3.89803209105487e-113,0.51858570318112,0.574,0.348,8.15897096978696e-109,"3","Tpi1"
6.80600955392765e-58,0.518356911664951,0.163,0.079,1.4245658597326e-53,"3","Trak1"
1.11128070642946e-114,0.517217539978615,0.284,0.13,2.3260216466275e-110,"3","Dph3"
7.37632818213526e-89,0.51704396597624,0.18,0.076,1.54393925180273e-84,"3","Fdps"
1.73465811096612e-137,0.516505902812715,0.441,0.219,3.63081289206319e-133,"3","Rnf10"
1.49077339843596e-40,0.515688140109545,0.113,0.055,3.12033780026631e-36,"3","Snx5"
2.00055096549567e-46,0.515028356623581,0.163,0.086,4.18735322587898e-42,"3","Bnip3"
6.54770192994927e-106,0.514906552347349,0.286,0.135,1.37049949095768e-101,"3","Trappc4"
5.58475368979552e-45,0.514797659283731,0.116,0.054,1.1689447948111e-40,"3","Tvp23b"
9.67058558778661e-84,0.514322926034507,0.209,0.096,2.02415026937962e-79,"3","Nop10"
4.16246011590071e-123,0.512869707395454,0.53,0.294,8.71244526859178e-119,"3","Tmbim6"
1.18680014217111e-125,0.512745693916317,0.777,0.581,2.48409137757835e-121,"3","Ebpl"
6.56689232903955e-94,0.512081627624512,0.23,0.105,1.37451623339127e-89,"3","Jtb"
2.570324626777e-71,0.511993591149024,0.155,0.067,5.37994647630695e-67,"3","Naxe"
1.42627478553088e-52,0.511366553477801,0.131,0.061,2.98533575359468e-48,"3","Mrpl40"
3.31914620077587e-105,0.510957026080048,0.41,0.222,6.94730491284396e-101,"3","Sptbn1"
1.57720954351072e-106,0.510345898926731,0.228,0.098,3.30125729552229e-102,"3","Nsa2"
7.62278482099389e-127,0.507698217839089,0.38,0.186,1.59552509088223e-122,"3","Tmem230"
8.76633061452382e-100,0.507373926024915,0.293,0.143,1.83488066092598e-95,"3","Chchd1"
2.60703586999862e-82,0.507244331367128,0.175,0.076,5.45678677949412e-78,"3","Alkbh6"
4.84918607096337e-105,0.506316145975451,0.542,0.325,1.01498313651334e-100,"3","Calm2"
4.02274965255311e-44,0.5057584665933,0.105,0.048,8.42001729775891e-40,"3","Ormdl2"
2.71506988752468e-103,0.505049660503967,0.263,0.122,5.68291278157792e-99,"3","Rpp21"
3.58713845027848e-87,0.505010158377089,0.209,0.094,7.50823949027789e-83,"3","Pitpna"
5.04142444307398e-98,0.50474310293947,0.239,0.108,1.05522055017981e-93,"3","Tex264"
4.3544167762941e-125,0.504384080362749,0.536,0.304,9.11422975446119e-121,"3","Ccdc107"
6.42648136367194e-84,0.504154380896493,0.259,0.129,1.34512681423017e-79,"3","Rad21"
2.51763752287195e-71,0.503619810563377,0.185,0.087,5.26966709912328e-67,"3","Tm9sf2"
8.18360952983454e-33,0.503348154199921,0.101,0.051,1.71291131068967e-28,"3","Phf2"
9.01368660256931e-98,0.503027216194963,0.348,0.182,1.88665474278378e-93,"3","Cltc"
2.38332154498531e-34,0.502571114436426,0.112,0.057,4.98853032580875e-30,"3","Szrd1"
1.41582011461987e-77,0.502450562812757,0.235,0.116,2.96345308191085e-73,"3","Rnf14"
8.71604902679628e-78,0.502184256734998,0.204,0.096,1.82435622179873e-73,"3","Bpgm"
1.58243354683462e-46,0.502033527916646,0.116,0.053,3.31219165687954e-42,"3","Pigyl"
1.12425839630587e-120,0.501209966599531,0.673,0.434,2.35318524930781e-116,"3","Tomm20"
7.43702169566117e-50,0.500522251718259,0.153,0.077,1.55664301111884e-45,"3","Dnajb12"
6.29363522006659e-105,0.499600027571818,0.298,0.143,1.31732078791214e-100,"3","Eif3m"
8.84197919403036e-70,0.498461750805808,0.193,0.093,1.8507146651025e-65,"3","Ramac"
6.54306904147984e-43,0.497923315811115,0.131,0.066,1.36952978107214e-38,"3","Mcfd2"
1.88064768894046e-127,0.497852207336909,0.475,0.252,3.93638367772127e-123,"3","Cct5"
1.15563777684772e-69,0.497000015333076,0.186,0.088,2.41886543071997e-65,"3","Mydgf"
5.50849701020734e-72,0.496797949527367,0.188,0.088,1.1529835092065e-67,"3","Tm7sf3"
2.40377323453587e-92,0.496127480296728,0.226,0.103,5.03133775720703e-88,"3","Mest"
7.29438438649993e-87,0.494835496213908,0.224,0.104,1.5267875959383e-82,"3","Mpdu1"
8.86450614184852e-69,0.494471227222449,0.151,0.066,1.85542978055031e-64,"3","Lsm5"
1.14695597277174e-90,0.493740351803501,0.338,0.179,2.40069354660853e-86,"3","Pcbp1"
8.93299353650594e-90,0.493026943321018,0.252,0.121,1.86976487712606e-85,"3","Cnih4"
1.89248010946073e-114,0.492683271573862,0.474,0.256,3.96115011711226e-110,"3","Vopp1"
2.92178919684843e-55,0.492631983731397,0.126,0.056,6.11559696792344e-51,"3","Rab3ip"
2.25234418770702e-120,0.492170112029991,0.842,0.702,4.71438161928957e-116,"3","Guca1a"
3.23878915948697e-94,0.491679783647697,0.246,0.115,6.77910958972218e-90,"3","Ube2s"
2.55508815389343e-101,0.491342284582781,0.281,0.134,5.34805501491434e-97,"3","Atraid"
1.83108499609095e-90,0.491274632570702,0.237,0.111,3.83264400531796e-86,"3","Smpd1"
1.13106642244132e-41,0.490691568199277,0.109,0.052,2.36743512881193e-37,"3","Cdkn2c"
1.02931390881674e-46,0.490014754657272,0.139,0.069,2.15445694254432e-42,"3","Tspan31"
2.89786640249605e-88,0.48932831850828,0.279,0.14,6.06552416706449e-84,"3","Mrpl49"
8.93595364551478e-73,0.488355374336476,0.159,0.07,1.8703844575427e-68,"3","Samm50"
1.09420352817055e-154,0.487936720756098,0.909,0.783,2.29027740481377e-150,"3","Guca1b"
2.96314712276357e-96,0.486902186714548,0.316,0.16,6.20216324265643e-92,"3","Hnrnpab"
9.23720983974313e-88,0.486292280446803,0.238,0.113,1.93344039155664e-83,"3","Slc2a1"
1.31046619047164e-94,0.48626805756068,0.244,0.114,2.74293678327619e-90,"3","Snrpa1"
2.00609976891389e-38,0.485380322116521,0.1,0.047,4.19896742631367e-34,"3","Prdx3"
2.03704928340071e-59,0.485184463635347,0.215,0.113,4.26374785508603e-55,"3","Pdcl"
6.46878942708674e-42,0.484619247882211,0.128,0.064,1.35398231498352e-37,"3","Rab11a"
1.16918608178674e-126,0.483114572239393,0.535,0.297,2.44722338778782e-122,"3","Emc7"
3.88396102453474e-117,0.482615239831645,0.472,0.253,8.12951882045365e-113,"3","Ankrd33"
3.97865115785089e-69,0.481177034111343,0.208,0.103,8.32771473849769e-65,"3","Egln1"
1.51949588337184e-78,0.480082094097836,0.281,0.147,3.18045683348559e-74,"3","Samd8"
1.36946982267075e-105,0.479689991789715,0.349,0.176,2.86643728583214e-101,"3","Srp9"
3.05608644541213e-100,0.479406255253451,0.28,0.134,6.39669453889214e-96,"3","Snrpc"
1.89446894826822e-101,0.479028032089479,0.413,0.222,3.96531295562022e-97,"3","Gucy2f"
1.50069703207794e-64,0.478041596591827,0.182,0.088,3.14110895784233e-60,"3","Vps4a"
5.82587518744981e-122,0.477360217603727,0.659,0.437,1.21941393548512e-117,"3","Calm1"
6.94939419079929e-52,0.477286761904635,0.12,0.054,1.4545776980762e-47,"3","Ndn"
1.49361409116454e-55,0.476616445903094,0.149,0.07,3.12628365421649e-51,"3","Znrd2"
4.12600759891072e-115,0.476261320473613,0.31,0.146,8.63614650528002e-111,"3","Ptov1"
9.01240222636509e-106,0.476107223920957,0.285,0.135,1.88638591000048e-101,"3","Ostc"
1.15503802092939e-59,0.475725578237629,0.141,0.063,2.41761008160731e-55,"3","Grhpr"
1.06129161411599e-67,0.47555304244176,0.178,0.084,2.22138947750618e-63,"3","Lsm2"
1.12781348658896e-109,0.47466487592025,0.38,0.196,2.36062640877936e-105,"3","Rbm8a"
6.72354587916291e-52,0.474187249984504,0.183,0.096,1.40730538796759e-47,"3","Wdr6"
2.92000118910969e-65,0.474130574133371,0.159,0.073,6.11185448892549e-61,"3","Mtfr1l"
9.04284597357893e-95,0.473688071493566,0.537,0.322,1.89275809072981e-90,"3","Rp1l1"
2.26691652415514e-69,0.472667831290182,0.219,0.11,4.74488297670913e-65,"3","Rps27l"
2.85089722993986e-47,0.47178102581938,0.116,0.054,5.96721299198713e-43,"3","Vkorc1l1"
6.86388721974853e-44,0.471619793164466,0.124,0.061,1.43668023396556e-39,"3","Etfa"
1.17554360618909e-74,0.471588639398289,0.212,0.102,2.46053032211438e-70,"3","Fkbp1a"
6.17226537891333e-64,0.47107674065932,0.17,0.08,1.29191686646035e-59,"3","Adprh"
3.24175532404616e-113,0.470799332089501,0.484,0.266,6.78531806876101e-109,"3","Rab28"
3.91734423078684e-115,0.470712896484467,0.316,0.149,8.19939320945993e-111,"3","Cetn3"
2.16484456481801e-93,0.469997673711044,0.272,0.132,4.53123615862058e-89,"3","Lrrc8b"
5.66965029653104e-81,0.466764811557209,0.675,0.49,1.18671450356691e-76,"3","Tmsb4x"
1.01063329950022e-95,0.465631310129428,0.359,0.19,2.11535655918392e-91,"3","Zcrb1"
4.61444872086485e-87,0.465202749037327,0.33,0.175,9.65850261764221e-83,"3","Snhg12"
1.83465060855313e-68,0.464870962190788,0.149,0.065,3.84010718876256e-64,"3","Eci1"
1.16658419253114e-51,0.464686921404234,0.152,0.075,2.44177737338693e-47,"3","BC004004"
8.97895004148171e-95,0.463939908665353,0.34,0.176,1.87938403318254e-90,"3","Prkar2a"
9.92596105801296e-87,0.463909055685637,0.198,0.088,2.07760290905269e-82,"3","Mrpl33"
4.76571520964179e-75,0.463776217468168,0.184,0.084,9.97511850530124e-71,"3","Nt5c3"
2.66592771634616e-114,0.463419351558924,0.864,0.707,5.58005330308415e-110,"3","Cngb1"
2.22091977427257e-69,0.462965907519963,0.201,0.098,4.64860717952991e-65,"3","Mrpl17"
9.19687249309123e-72,0.462227030373747,0.269,0.143,1.92499738152892e-67,"3","Apbb1"
6.28291049956494e-58,0.461351714794181,0.127,0.056,1.31507599666394e-53,"3","Slc39a3"
1.91782952076325e-96,0.460814066657643,0.64,0.419,4.01420896990955e-92,"3","Glo1"
2.45767320946478e-76,0.460659278758277,0.276,0.144,5.14415579473073e-72,"3","Rab2a"
1.6430436750085e-108,0.460437717285426,0.35,0.176,3.43905471616029e-104,"3","Gm45716"
6.10617711691952e-43,0.458289972728019,0.111,0.052,1.27808393234243e-38,"3","Pqbp1"
8.17250614652683e-68,0.457884495010125,0.202,0.099,1.71058726152953e-63,"3","Idh3a"
1.01902221564814e-70,0.457600405377866,0.184,0.086,2.13291539957311e-66,"3","Fam32a"
2.94977327857776e-75,0.457360115194714,0.2,0.094,6.1741704493911e-71,"3","Irak1bp1"
3.28110737163912e-95,0.456424863726073,0.218,0.096,6.86768583957784e-91,"3","Txndc15"
5.25823754259089e-111,0.455823289088334,0.632,0.388,1.1006017000397e-106,"3","Hnrnpk"
2.70860075640251e-25,0.455468231752203,0.1,0.055,5.66937224322609e-21,"3","B9d2"
5.34736263195528e-61,0.455226360601618,0.146,0.067,1.11925647249456e-56,"3","Cep19"
5.26175805557923e-63,0.454754378068932,0.194,0.097,1.10133857861329e-58,"3","Mmd"
4.70905626455309e-56,0.454670239842076,0.139,0.064,9.85652566733608e-52,"3","Itpa"
9.74221249495465e-53,0.454492734540241,0.153,0.074,2.03914249731896e-48,"3","Rtcb"
2.02497025731584e-89,0.454445170041818,0.221,0.101,4.23846524558779e-85,"3","Mcrip1"
7.50823341745343e-61,0.454283209057098,0.175,0.085,1.57154833660718e-56,"3","Lsm8"
1.29952024326299e-92,0.453904367147774,0.339,0.178,2.72002582117376e-88,"3","Got2"
3.74796870877384e-54,0.452697626341572,0.146,0.07,7.84487330433452e-50,"3","Ubqln1"
4.65032021088323e-64,0.452244603601457,0.186,0.091,9.73358523339968e-60,"3","Tsen34"
1.60131478188816e-96,0.451254638115849,0.275,0.132,3.35171196997011e-92,"3","Aarsd1"
2.07922593649785e-83,0.450820817918646,0.239,0.116,4.35202780768365e-79,"3","Psma5"
1.86117814133547e-53,0.450636097886174,0.131,0.06,3.89563196762926e-49,"3","Rnh1"
1.40396072196333e-43,0.449723049062409,0.111,0.052,2.93863018714145e-39,"3","Ppp2r5d"
1.42176707923636e-79,0.449249234921713,0.168,0.071,2.97590067354963e-75,"3","Podxl2"
2.74312289462228e-53,0.448698683634146,0.138,0.065,5.7416305307339e-49,"3","Dnajc6"
5.00621895816267e-36,0.448404284759843,0.128,0.068,1.04785169013303e-31,"3","Polr2d"
1.60188954535083e-39,0.448093755221984,0.116,0.058,3.35291500737383e-35,"3","Cyb5r4"
1.15266381220382e-98,0.447582331617763,0.317,0.158,2.41264062532382e-94,"3","Wbp2"
2.82028471779091e-53,0.446620157102732,0.157,0.077,5.90313794280816e-49,"3","Borcs5"
5.6168540781505e-104,0.445637093767269,0.322,0.16,1.17566372709768e-99,"3","Gtf2h5"
1.78802739308537e-69,0.445614995937577,0.17,0.078,3.74252013646699e-65,"3","Prr13"
3.09211406137358e-66,0.445256921675447,0.224,0.115,6.47210394186104e-62,"3","Oard1"
1.15022517188508e-108,0.444654292818517,0.245,0.108,2.40753630727267e-104,"3","Nucb2"
2.39119194714485e-102,0.444262103559809,0.322,0.159,5.00500386456889e-98,"3","Asrgl1"
7.96144268168622e-55,0.444151188026018,0.127,0.057,1.66640956770374e-50,"3","Aamdc"
1.04137478223953e-42,0.442375602901771,0.104,0.048,2.17970155670556e-38,"3","Tmed3"
3.83995257431634e-99,0.442354400759793,0.333,0.167,8.03740473330154e-95,"3","Usp12"
5.34796644392179e-40,0.442285495397277,0.1,0.047,1.11938285637727e-35,"3","Wdr34"
1.47350518902917e-112,0.441994666857946,0.385,0.195,3.08419371115695e-108,"3","Ddx1"
3.81460996522235e-87,0.44191253200309,0.669,0.452,7.9843601182069e-83,"3","Stxbp1"
8.83449281528025e-44,0.44088067792383,0.162,0.086,1.84914769116631e-39,"3","Brk1"
3.29412575801709e-87,0.440430176549966,0.263,0.129,6.89493462410558e-83,"3","Dbndd2"
4.72239853172066e-56,0.439584320908484,0.126,0.056,9.88445236674451e-52,"3","Gm5617"
4.71508104099707e-96,0.437716726426569,0.243,0.111,9.86913612691097e-92,"3","Aig1"
6.6022752333195e-80,0.436885139671254,0.302,0.16,1.3819222290861e-75,"3","Yaf2"
7.52752035392077e-57,0.435339442341961,0.116,0.05,1.57558528527916e-52,"3","Klc4"
6.84505799633498e-92,0.435323612230428,0.903,0.774,1.43273908921288e-87,"3","Kcnb1"
1.76022823139096e-46,0.435140058205188,0.114,0.053,3.68433371112441e-42,"3","Med22"
8.14931895784555e-104,0.434903718665472,0.493,0.278,1.70573395106665e-99,"3","Csde1"
1.18853418200311e-108,0.434439952801803,0.385,0.197,2.48772089635071e-104,"3","Tcea1"
2.96227038711779e-107,0.434166495688404,0.4,0.214,6.20032814727624e-103,"3","Eif1b"
1.30233112327775e-110,0.434089919084012,0.309,0.147,2.72590927413266e-106,"3","Cope"
7.48273707736705e-58,0.433819240644505,0.157,0.075,1.5662116976637e-53,"3","Eef1e1"
1.5925464297108e-52,0.433401828777579,0.164,0.082,3.33335893202768e-48,"3","Etf1"
3.12072172128481e-86,0.430916567822977,0.244,0.117,6.53198263482123e-82,"3","Ebna1bp2"
7.69219136899217e-43,0.428278022744729,0.121,0.059,1.61005257544375e-38,"3","Sec23a"
2.45944619747496e-99,0.4281590092655,0.613,0.386,5.14786683593485e-95,"3","Ubc"
1.98793108184263e-91,0.427878402557345,0.364,0.196,4.1609385474048e-87,"3","Ubxn1"
4.56551527540257e-101,0.426581133315614,0.319,0.158,9.55608002294511e-97,"3","Cct8"
2.06003424593021e-41,0.426056975559481,0.139,0.072,4.31185768015651e-37,"3","Rnf13"
2.04844698912554e-35,0.425897321422118,0.121,0.063,4.28760439293867e-31,"3","Pes1"
5.49786439016311e-79,0.425081641327918,0.226,0.109,1.15075799550504e-74,"3","Rheb"
1.62315342721766e-98,0.423650446309773,0.548,0.325,3.39742243850929e-94,"3","Sv2b"
1.40911500881084e-103,0.423188397971482,0.366,0.19,2.94941862494198e-99,"3","Ttyh1"
1.01916193157397e-36,0.422025314949898,0.114,0.058,2.13320783897747e-32,"3","Rcan3"
1.13100004575896e-83,0.420887486924669,0.273,0.138,2.36729619577809e-79,"3","Aktip"
1.18036387050165e-84,0.420029206197658,0.191,0.084,2.47061961734701e-80,"3","1110002L01Rik"
1.12607746888445e-88,0.41957081428264,0.302,0.154,2.35699275012205e-84,"3","Snu13"
1.86379545965932e-56,0.418749014273097,0.194,0.1,3.90111027661293e-52,"3","Strap"
4.48491069019962e-47,0.416680173908171,0.152,0.077,9.38736656565682e-43,"3","Tmem222"
2.28055579023749e-47,0.416558561884301,0.118,0.054,4.7734313245461e-43,"3","Cenpb"
1.90423154403266e-49,0.416093083231754,0.115,0.052,3.98574704481477e-45,"3","Csnk1g2"
1.66885516168256e-59,0.41595484444653,0.151,0.07,3.49308073891776e-55,"3","Ruvbl1"
3.51478798112178e-43,0.414876459628177,0.125,0.061,7.35680272328599e-39,"3","Stx12"
7.21533779083843e-89,0.414812324856339,0.682,0.463,1.51024235300039e-84,"3","A930003A15Rik"
1.11309807661061e-60,0.414610438929962,0.128,0.055,2.32982558415367e-56,"3","Lrrc73"
9.83111292227372e-38,0.41420114436887,0.107,0.052,2.05775024576111e-33,"3","Golga2"
4.81632036958248e-63,0.414070188083008,0.174,0.083,1.00810401655731e-58,"3","Hipk1"
3.22597419620212e-34,0.41318262757999,0.103,0.051,6.75228659007066e-30,"3","Pigx"
4.21799511757546e-68,0.413070802539764,0.186,0.088,8.8286855805972e-64,"3","Borcs7"
1.40916346372157e-50,0.411670276693412,0.157,0.079,2.94952004591562e-46,"3","Ssrp1"
2.95352713086665e-54,0.411641085458697,0.234,0.13,6.18202763761698e-50,"3","Pla2g5"
2.38605704827481e-48,0.411583116565092,0.153,0.077,4.994256007744e-44,"3","Dpm2"
1.44237812753206e-91,0.409496128327535,0.438,0.248,3.01904165873736e-87,"3","Ppp1cc"
5.62142697545427e-79,0.408830918322951,0.361,0.202,1.17662088023233e-74,"3","Sptan1"
1.78620487518095e-46,0.408287492804961,0.12,0.055,3.73870542424124e-42,"3","AA465934"
3.34248403667113e-87,0.408061057581627,0.434,0.246,6.99615333715635e-83,"3","Cct6a"
4.11321492177106e-33,0.408007932766611,0.111,0.06,8.609370152759e-29,"3","Rab6b"
2.69215441791398e-74,0.407532696961822,0.247,0.126,5.63494841213574e-70,"3","Ppp1r7"
2.85983410287165e-85,0.407130394899789,0.32,0.169,5.98591876072066e-81,"3","Ccpg1"
9.44352678856547e-95,0.406414568744853,0.426,0.234,1.97662459211464e-90,"3","Slc16a1"
1.01162803914637e-83,0.406388023829628,0.73,0.513,2.11743864873726e-79,"3","Anp32a"
3.3948110966165e-37,0.405448837049414,0.11,0.055,7.105679106328e-33,"3","Surf4"
2.9076500657613e-59,0.405188534086399,0.185,0.093,6.08600235264498e-55,"3","Gns"
5.68621858921521e-42,0.404943681559334,0.107,0.05,1.19018241290864e-37,"3","Ddx19a"
4.37482160046116e-72,0.40463315848746,0.262,0.136,9.15693909192526e-68,"3","Upf3a"
9.04647081834253e-90,0.404320380217667,0.348,0.186,1.89351680698727e-85,"3","Pacsin1"
2.17485324436374e-79,0.404207252244361,0.332,0.184,4.55218532577775e-75,"3","Bex2"
1.05529214150351e-53,0.402645167306613,0.174,0.088,2.20883198138101e-49,"3","Maf1"
2.24865699261901e-87,0.402502175027162,0.706,0.495,4.70666395125086e-83,"3","Nxnl2"
3.62518162494201e-87,0.4019678442873,0.629,0.4,7.58786765916612e-83,"3","Osbp2"
5.64923462673593e-98,0.401614714134958,0.269,0.127,1.1824412997221e-93,"3","Unc50"
1.9511540291406e-94,0.401082580724414,0.335,0.173,4.0839604983942e-90,"3","Hpf1"
1.85040051191193e-93,0.401014403413173,0.301,0.151,3.87307331148285e-89,"3","Ndufs4"
1.39431332644001e-38,0.401001807599872,0.125,0.064,2.91843722357159e-34,"3","9530068E07Rik"
3.25123585075133e-88,0.400964747541761,0.289,0.144,6.80516175920761e-84,"3","Vapa"
9.19799497456611e-82,0.400696138917684,0.285,0.146,1.92523232812643e-77,"3","Mkrn1"
5.27483087934658e-35,0.400423751927901,0.106,0.053,1.10407485135603e-30,"3","Mrpl45"
1.14988447016119e-45,0.400139709585133,0.133,0.066,2.40682318449439e-41,"3","Snx14"
2.64160925987348e-36,0.399077184465508,0.118,0.061,5.52915234184117e-32,"3","Mlf1"
2.95861090003214e-40,0.397325496155571,0.121,0.06,6.19266847485727e-36,"3","Crcp"
7.77047773101315e-71,0.394824781230427,0.612,0.406,1.62643869387836e-66,"3","Fam169a"
6.57379819389783e-68,0.393136887896993,0.189,0.09,1.37596169996476e-63,"3","Ndufaf3"
9.07754761123391e-96,0.392952972667036,0.291,0.142,1.90002149050737e-91,"3","Mrpl51"
8.6381029436759e-33,0.392306163812461,0.142,0.08,1.8080413271408e-28,"3","Ppp2r1a"
9.85358079247693e-44,0.391865847154251,0.116,0.055,2.06245299567335e-39,"3","Abhd16a"
8.4661169337735e-94,0.391720235022305,0.446,0.249,1.77204293540813e-89,"3","Tmed10"
9.75673846784021e-96,0.390182335721629,0.364,0.191,2.04218292870363e-91,"3","Tmem30a"
8.91355418468298e-30,0.389209694914097,0.119,0.065,1.865696026396e-25,"3","Nifk"
1.4712041788264e-37,0.388723754107901,0.129,0.067,3.07937746670155e-33,"3","Trim28"
3.67417837244719e-67,0.388617553903242,0.181,0.086,7.69042275136921e-63,"3","Ganab"
6.95540215174818e-102,0.388231300990504,0.419,0.227,1.45583522438241e-97,"3","Bicdl1"
4.0828354331085e-50,0.387135195983834,0.148,0.072,8.54578284503941e-46,"3","Rala"
2.12703878680962e-82,0.385479981713294,0.321,0.171,4.45210488467121e-78,"3","Selenot"
1.16205904058122e-47,0.385386496604002,0.159,0.082,2.43230577784056e-43,"3","Atp6v1c1"
1.4287706396466e-64,0.38468787388464,0.214,0.109,2.99055982584429e-60,"3","Rab7"
1.383075782462e-82,0.384645243681368,0.339,0.184,2.89491592027122e-78,"3","Dpy30"
1.96399780386177e-66,0.384198077148426,0.245,0.129,4.11084380326306e-62,"3","Dnajb2"
2.53931327415411e-50,0.383185450989624,0.16,0.081,5.31503661413198e-46,"3","Fam192a"
2.27410695781997e-72,0.383106625221124,0.215,0.105,4.75993327341297e-68,"3","Ube2j1"
4.06291527543872e-47,0.382893759476967,0.128,0.061,8.50408796302078e-43,"3","Alg11"
5.25963046289924e-37,0.382647082153487,0.113,0.056,1.10089325218944e-32,"3","Tubb3"
1.63117866040086e-99,0.382639861088219,0.491,0.278,3.41422005408505e-95,"3","Lman1"
8.62393257077179e-70,0.381865388360063,0.224,0.113,1.80507532638824e-65,"3","Slc25a11"
3.80897355590965e-41,0.381670108563493,0.123,0.061,7.97256254987449e-37,"3","Rab1b"
3.11758903113997e-38,0.381498520419507,0.134,0.07,6.52542560107907e-34,"3","Dazap2"
4.90417097392384e-82,0.380693805442196,0.307,0.162,1.026492026552e-77,"3","Gm47543"
1.88035461685124e-49,0.380650447706059,0.152,0.076,3.93577024853133e-45,"3","Tpgs1"
9.0956022940912e-44,0.379856232788783,0.13,0.064,1.90380051617623e-39,"3","Pja1"
2.79726734757916e-83,0.379577424722439,0.334,0.178,5.85496028521793e-79,"3","Lin7c"
5.93275325233408e-54,0.378265645864033,0.176,0.089,1.24178458324605e-49,"3","Bax"
4.10422405915489e-72,0.378176903498867,0.169,0.076,8.5905513782171e-68,"3","Igbp1"
1.06694113270164e-82,0.377409243658302,0.158,0.093,2.23321448485781e-78,"3","Nme1"
5.70482595321541e-84,0.375165863673839,0.263,0.13,1.19407712026752e-79,"3","Syngr1"
7.87903443058916e-55,0.374470715714472,0.205,0.109,1.64916069666662e-50,"3","Elmod1"
3.28053090241662e-56,0.3743622910866,0.151,0.072,6.86647923184824e-52,"3","Eif4e2"
2.41350845490448e-67,0.374331645372611,0.194,0.094,5.05171454696056e-63,"3","Ssr4"
7.88964766644143e-76,0.373881592763817,0.248,0.125,1.65138215306285e-71,"3","Tmem106c"
1.40750531542764e-43,0.373407543345138,0.15,0.078,2.9460493757216e-39,"3","Trim37"
5.8748757282913e-81,0.372727031724134,0.387,0.219,1.22967023868865e-76,"3","Pfkl"
6.84990457158808e-36,0.37204951947708,0.107,0.053,1.4337535258791e-31,"3","Hars"
2.75811577873754e-38,0.371653785505869,0.124,0.063,5.77301213647555e-34,"3","Rrp7a"
6.23457171431442e-58,0.37122515240826,0.185,0.093,1.30495820552315e-53,"3","Vps53"
7.87524500736431e-82,0.371093922432849,0.351,0.192,1.64836753249142e-77,"3","Cct4"
9.17675938646815e-56,0.370984360261789,0.196,0.102,1.92078750718165e-51,"3","Nudt21"
2.79275604033779e-43,0.370679121456661,0.117,0.056,5.84551766803103e-39,"3","Fbxl15"
1.10217977678552e-67,0.369592922253608,0.23,0.118,2.30697249078978e-63,"3","Pafah1b2"
3.88545635655368e-53,0.369237623064426,0.167,0.084,8.13264869990251e-49,"3","Stip1"
1.95634227446775e-132,0.368910964488512,0.948,0.894,4.09482001468844e-128,"3","Cnga1"
9.80380430398989e-99,0.368008170553817,0.783,0.624,2.05203427886812e-94,"3","Rps2"
2.44705548836974e-91,0.366388918499982,0.428,0.238,5.1219318427067e-87,"3","Dnajb6"
6.3567832520042e-44,0.36418341500034,0.144,0.074,1.330538302477e-39,"3","Rtf2"
1.24032466761328e-36,0.363883771295393,0.107,0.053,2.59612356178135e-32,"3","Inafm2"
2.64344609950706e-65,0.363612793076403,0.265,0.144,5.53299703087823e-61,"3","Tcp1"
6.05876146676169e-95,0.361397314363694,0.348,0.18,1.26815936260789e-90,"3","Ube2e3"
5.49198116761946e-65,0.36125451997996,0.214,0.108,1.14952657819443e-60,"3","Dnajc12"
1.01966575203668e-54,0.36121022050007,0.187,0.096,2.13426238558798e-50,"3","Ufm1"
1.82557484992703e-58,0.360621257873137,0.129,0.056,3.82111071838228e-54,"3","Mrpl36"
4.94529500274943e-50,0.359418031010091,0.153,0.076,1.03509969702548e-45,"3","Cox19"
1.82335891802441e-65,0.35850874974263,0.194,0.095,3.81647255131689e-61,"3","Mosmo"
2.63822506526288e-70,0.35831999071206,0.315,0.175,5.52206888410173e-66,"3","Gabarapl1"
5.37919354369546e-58,0.357681269860004,0.176,0.087,1.1259190006309e-53,"3","Mrps7"
5.23311363974654e-86,0.356749223815798,0.336,0.179,1.09534301593535e-81,"3","Atp6v1e1"
1.32744169589443e-92,0.356636846557597,0.297,0.147,2.77846821367663e-88,"3","Hibadh"
1.12388558237131e-47,0.356254994852588,0.131,0.063,2.35240491246139e-43,"3","Rundc3a"
3.67846333430874e-83,0.356175559076386,0.261,0.129,7.69939160504162e-79,"3","Vmp1"
3.26111733333047e-35,0.355895487738554,0.137,0.074,6.825844690394e-31,"3","Prepl"
8.41553984777766e-80,0.355384664970848,0.308,0.163,1.76145664553834e-75,"3","Eif4h"
1.89139802501846e-58,0.354388582454979,0.168,0.081,3.95888520616614e-54,"3","Eri3"
3.8196966445285e-62,0.354331679006948,0.214,0.11,7.9950070466626e-58,"3","Stk25"
6.89257107412182e-44,0.353750821386043,0.165,0.088,1.44268405152444e-39,"3","Mrps18a"
1.16497181656483e-97,0.352131358746166,0.43,0.234,2.43840250925184e-93,"3","Ccdc47"
9.45211746533331e-40,0.351274255448415,0.111,0.054,1.97842270666891e-35,"3","Zbtb22"
2.91055600821788e-49,0.350235627863781,0.228,0.129,6.09208478080085e-45,"3","Bmpr2"
6.06933408843539e-71,0.349907109366233,0.265,0.14,1.27037231805041e-66,"3","Ssr1"
4.5510758111332e-78,0.349706184637315,0.289,0.151,9.52585678028291e-74,"3","Mtfr1"
1.90150054117946e-49,0.34950863028753,0.157,0.078,3.98003078274274e-45,"3","Ccpg1os"
1.00778827609049e-78,0.349459251530946,0.277,0.144,2.10940164068501e-74,"3","Ppp1r11"
1.27049716842447e-61,0.349140968168449,0.231,0.122,2.65927762322926e-57,"3","Psmd1"
7.43803276602478e-59,0.348202909507413,0.227,0.121,1.55685463825665e-54,"3","Htatsf1"
9.93660096569195e-73,0.346795838855579,0.603,0.393,2.07982994812898e-68,"3","Slc1a2"
1.30788575748548e-68,0.34587664224195,0.302,0.167,2.73753567899286e-64,"3","Ywhab"
4.50487964539639e-89,0.34511233785543,0.403,0.223,9.42916358577918e-85,"3","Psmd4"
3.02409256931954e-78,0.344968728299369,0.374,0.211,6.32972815684273e-74,"3","Fam171b"
5.02661900306615e-36,0.343685310307502,0.135,0.072,1.05212162353178e-31,"3","Uggt1"
2.60805227330802e-44,0.343263350471589,0.19,0.105,5.45891421326102e-40,"3","Ipo7"
1.92409030293354e-39,0.343249385854603,0.12,0.06,4.02731341307019e-35,"3","Oaz2"
1.75460899626507e-75,0.34324869902424,0.401,0.23,3.67257209008242e-71,"3","Zfp106"
1.19765782155274e-68,0.343194015314552,0.309,0.172,2.50681758629203e-64,"3","Hspd1"
1.38655709906853e-58,0.342762818779136,0.178,0.089,2.90220266406035e-54,"3","Idh3g"
8.49461082968585e-56,0.342490358370766,0.164,0.081,1.77800699276154e-51,"3","Prpsap2"
3.65149130381563e-26,0.342351285387541,0.101,0.056,7.6429364480165e-22,"3","Alg2"
4.68541285991906e-45,0.342333159882998,0.138,0.069,9.80703765709658e-41,"3","Gpn3"
1.88631808882152e-43,0.342307633940937,0.116,0.055,3.94825239171232e-39,"3","Ebp"
5.36992570964647e-71,0.34220983612403,0.505,0.31,1.1239791502861e-66,"3","Arl6"
1.86678758214248e-77,0.342190614334134,0.304,0.161,3.90737308818243e-73,"3","Nbr1"
1.13344108174572e-61,0.341904505105755,0.218,0.113,2.37240552820197e-57,"3","Copb2"
2.23749176399523e-82,0.341829997138652,0.381,0.214,4.68329401121841e-78,"3","H2afy"
5.62550094168955e-38,0.340272919640031,0.108,0.053,1.17747360210504e-33,"3","Derl1"
1.59255777421899e-67,0.339263434010922,0.299,0.166,3.33338267721777e-63,"3","Ubl3"
1.84792658906962e-53,0.339163131583864,0.257,0.147,3.86789514358163e-49,"3","Hspa9"
1.78518039269047e-76,0.338989425033648,0.343,0.19,3.73656107994042e-72,"3","Abcf1"
9.4244834720133e-70,0.337604999984996,0.192,0.091,1.9726386355271e-65,"3","Mocs2"
2.63628263224734e-79,0.33738534392183,0.253,0.126,5.51800317755691e-75,"3","Cox16"
3.10088901503663e-78,0.337162796736488,0.265,0.134,6.49047079737317e-74,"3","Tmed2"
3.34335465984514e-92,0.337120421931832,0.26,0.123,6.99797563852187e-88,"3","Ano2"
1.56221677953584e-79,0.334500356911852,0.433,0.249,3.26987594124646e-75,"3","Pacsin2"
3.41452325860713e-38,0.334428783457587,0.102,0.048,7.14693863259057e-34,"3","Parp6"
1.11992571631765e-47,0.334076113197325,0.136,0.066,2.34411651682446e-43,"3","Vta1"
8.2530479895032e-28,0.333648816020448,0.122,0.069,1.72744547468291e-23,"3","Znhit3"
2.51868619766865e-45,0.333555051365778,0.146,0.074,5.27186208034026e-41,"3","Sec22c"
3.35403773535949e-71,0.331845983149483,0.529,0.328,7.02033638388096e-67,"3","Lbhd1"
8.59920034948403e-73,0.33103693832103,0.345,0.193,1.7998986251505e-68,"3","Cyth2"
4.82232656230477e-53,0.33026150319117,0.143,0.068,1.00936117275601e-48,"3","Extl2"
3.52861470766433e-67,0.328473312135812,0.258,0.137,7.3857434446122e-63,"3","Cggbp1"
4.9006811255201e-62,0.328293475703832,0.474,0.305,1.02576156638261e-57,"3","Sys1"
3.97390830434415e-48,0.327894511203729,0.101,0.043,8.31778747182275e-44,"3","Cdk5rap3"
2.62748542782458e-77,0.32748226511077,0.439,0.258,5.49958974897962e-73,"3","Ddb1"
1.17677459632335e-44,0.327477231148621,0.104,0.047,2.4631069075644e-40,"3","Tmem131"
1.89765365745078e-76,0.32736108294824,0.279,0.146,3.97197887041022e-72,"3","Sf3b5"
4.64371953908468e-33,0.32719502182093,0.122,0.065,9.71976936725815e-29,"3","Hat1"
1.27335725034484e-41,0.327176212290838,0.161,0.087,2.66526406069678e-37,"3","Ssna1"
2.71132852826749e-55,0.326950443860688,0.211,0.113,5.67508174251668e-51,"3","Acp1"
8.91022670103803e-50,0.326923710650209,0.113,0.049,1.86499955079427e-45,"3","Churc1"
1.14741083478857e-39,0.326797272574237,0.102,0.048,2.40164561829597e-35,"3","Casd1"
1.66541162663786e-74,0.325724534230345,0.362,0.204,3.48587307571571e-70,"3","Pak2"
9.45451986519916e-27,0.325364065570922,0.105,0.057,1.97892555298484e-22,"3","Hdhd2"
9.61346808009004e-94,0.324929453580583,0.33,0.169,2.01219500384365e-89,"3","Tmem63b"
4.99762954551821e-33,0.324927560927494,0.105,0.053,1.04605384017242e-28,"3","Saxo2"
2.27089773644113e-52,0.324211027867483,0.133,0.062,4.75321605214493e-48,"3","Cby1"
7.43933595098062e-63,0.324162799474449,0.229,0.12,1.55712740789975e-58,"3","Aggf1"
3.01683433927061e-52,0.32352680764453,0.186,0.097,6.31453595552731e-48,"3","Nfu1"
1.54722828063709e-65,0.322762501518099,0.235,0.124,3.23850351420149e-61,"3","Mrpl53"
9.57617144096061e-62,0.322655209367086,0.227,0.119,2.00438844430746e-57,"3","Ndufa9"
1.89974968595794e-31,0.32149003148848,0.127,0.07,3.97636606767857e-27,"3","Otub1"
2.79802280454167e-50,0.321379372046643,0.214,0.118,5.85654153218616e-46,"3","Eif4e"
2.13546891508611e-97,0.321105823714931,0.323,0.162,4.46974998616674e-93,"3","Mrpl23"
1.50332536014883e-57,0.320189655200819,0.276,0.154,3.14661031132753e-53,"3","Smap1"
1.14879355975087e-68,0.319950614514845,0.279,0.15,2.40453979991456e-64,"3","Capza2"
1.33462043156515e-34,0.319564811075529,0.144,0.079,2.79349402530901e-30,"3","Slc35b1"
8.33842210058455e-57,0.319171325520161,0.196,0.101,1.74531512987335e-52,"3","Emg1"
1.44736977369177e-71,0.319036385844817,0.316,0.174,3.02948967331424e-67,"3","Wdtc1"
1.12848374996326e-31,0.318162294891021,0.109,0.057,2.36202933704809e-27,"3","Sdhaf2"
1.01010036644384e-36,0.317733343770852,0.137,0.073,2.1142410770036e-32,"3","Psmd3"
7.27972713294423e-39,0.316857164635391,0.126,0.064,1.52371968619656e-34,"3","Mageh1"
9.25066847359457e-40,0.316754645023476,0.163,0.09,1.93625741820808e-35,"3","Sap18"
1.59663310802996e-56,0.316724347681628,0.25,0.14,3.3419127584175e-52,"3","Timm23"
1.9940653124531e-43,0.315950144139505,0.158,0.084,4.17377810549557e-39,"3","Tmx2"
1.09341164955159e-53,0.315853243993861,0.158,0.077,2.28861992367644e-49,"3","Cdipt"
3.65357316103714e-61,0.315391660645355,0.772,0.603,7.64729398336685e-57,"3","Stx3"
6.29352258325058e-58,0.314843218095189,0.233,0.126,1.31729721190018e-53,"3","Ube2n"
1.25795432886465e-69,0.314614150823105,0.279,0.15,2.6330242057466e-65,"3","Psmc2"
2.14903187351543e-34,0.314414806302051,0.122,0.064,4.49813861445514e-30,"3","Cdh2"
3.7411346975829e-25,0.314311023145468,0.104,0.058,7.83056903551076e-21,"3","Clns1a"
4.10303049069506e-45,0.313472707674952,0.158,0.083,8.58805312007384e-41,"3","Mrpl55"
5.04345808788392e-79,0.313030451177672,0.436,0.258,1.05564621237498e-74,"3","H2afz"
2.24616500285955e-70,0.312796206262676,0.377,0.216,4.70144796748532e-66,"3","Rbm7"
1.42920781972295e-35,0.310743486255226,0.154,0.086,2.99147488746211e-31,"3","Cand1"
8.03433304917277e-63,0.308015117272768,0.262,0.143,1.68166625052235e-58,"3","Ccdc85b"
5.50461613486205e-40,0.307601668150829,0.154,0.083,1.15217120318798e-35,"3","Smg7"
4.13048873041797e-67,0.307427791006014,0.415,0.245,8.64552596163786e-63,"3","Ipmk"
1.0437877321545e-57,0.307166239769055,0.222,0.118,2.18475210217258e-53,"3","Cops4"
2.34097645350401e-79,0.307045893941808,0.413,0.235,4.89989781482925e-75,"3","Sdha"
1.8598573455731e-51,0.305239726952064,0.216,0.118,3.89286741001905e-47,"3","Pgrmc2"
3.10170334381973e-66,0.305058872296132,0.583,0.382,6.49217526894907e-62,"3","Dpysl3"
1.0447964489128e-31,0.304638288430541,0.105,0.054,2.18686344721938e-27,"3","Cgrrf1"
1.70565423288528e-28,0.299718048404987,0.118,0.065,3.57010487485219e-24,"3","Gpalpp1"
5.15478984597412e-54,0.299538067054995,0.68,0.483,1.07894906266084e-49,"3","Xiap"
4.42382110401227e-58,0.299429454132083,0.629,0.429,9.25949995280808e-54,"3","Lyar"
4.49073315570864e-43,0.299391250377069,0.122,0.059,9.39955356821375e-39,"3","Tmed7"
1.69232897454966e-35,0.298455872087847,0.151,0.084,3.54221377662989e-31,"3","Pfn2"
2.69330378687824e-24,0.296944463670757,0.14,0.085,5.63735415631485e-20,"3","Commd2"
1.12418725780499e-59,0.295881969369402,0.215,0.112,2.35303634931163e-55,"3","Hdlbp"
4.89173089782448e-42,0.295780810626053,0.136,0.069,1.02388819422364e-37,"3","Doc2b"
7.21183385769223e-30,0.295719651661339,0.103,0.054,1.50950894475356e-25,"3","Svop"
3.4370600629993e-95,0.295229875766445,0.969,0.912,7.19411041786383e-91,"3","Hsp90aa1"
1.17153588313089e-74,0.295122234208222,0.536,0.33,2.45214175698127e-70,"3","Sf3b2"
2.28335638588928e-26,0.294992574191479,0.109,0.06,4.77929325130485e-22,"3","Prkag1"
4.22715396935048e-24,0.294925639253363,0.105,0.059,8.84785597324749e-20,"3","Slc16a3"
1.06047214244091e-67,0.294592562045487,0.272,0.146,2.21967424134306e-63,"3","Syf2"
3.76173922792282e-60,0.294538805553299,0.254,0.139,7.87369637796526e-56,"3","Napa"
9.24196725566279e-59,0.29367647713206,0.269,0.15,1.93443616628278e-54,"3","Lsm12"
5.15815286543462e-44,0.293022892562854,0.142,0.072,1.07965297626412e-39,"3","Eif6"
3.27232818524894e-66,0.292585965445275,0.304,0.169,6.84931012454455e-62,"3","Uqcrfs1"
3.50149944854902e-54,0.29220673523742,0.581,0.39,7.32898849575795e-50,"3","Gucy2e"
8.80502665105254e-45,0.292011386425657,0.172,0.092,1.84298012833181e-40,"3","Supt4a"
2.49060191518927e-45,0.291225120455561,0.219,0.126,5.21307886868266e-41,"3","Dnm1"
8.00932335741076e-35,0.291139635574297,0.112,0.057,1.67643147193965e-30,"3","Pi4ka"
3.12638090062476e-60,0.291055219927755,0.162,0.077,6.54382786309769e-56,"3","Ube2q1"
1.17121811221391e-17,0.289629971276095,0.114,0.072,2.45147663067494e-13,"3","Ywhag"
8.90415087702741e-34,0.288806920347048,0.157,0.089,1.86372782007061e-29,"3","Denr"
8.91390971852713e-65,0.288648674762603,0.417,0.251,1.86577044318491e-60,"3","BC005537"
8.24806209456509e-76,0.287245776587645,0.391,0.222,1.72640187701342e-71,"3","Hsbp1l1"
3.11443292339542e-28,0.285647503308357,0.107,0.058,6.51881955195896e-24,"3","Ap2a1"
6.16449168418063e-37,0.285638576024406,0.158,0.088,1.29028975441585e-32,"3","Aars"
4.98033659759787e-66,0.285609968665783,0.233,0.121,1.04243425324321e-61,"3","Ddit3"
3.24451707379617e-52,0.285355953670302,0.166,0.084,6.79109868716277e-48,"3","Ikbip"
1.4171763031754e-46,0.284326445234442,0.181,0.097,2.96629172017643e-42,"3","Bmyc"
5.04200144319615e-51,0.28381345365211,0.882,0.764,1.05534132207539e-46,"3","Slc6a6"
1.02201867142761e-58,0.283709122926776,0.221,0.117,2.13918728116513e-54,"3","Sdhb"
3.85261140587104e-54,0.283659763200571,0.202,0.106,8.06390093362867e-50,"3","Acat1"
2.25658866825799e-68,0.283592908811738,0.312,0.172,4.72326574153081e-64,"3","Azin1"
2.33952567479267e-68,0.283289315183272,0.352,0.201,4.89686118990854e-64,"3","Tmem136"
1.07467165411074e-52,0.282504005192928,0.135,0.063,2.24939523921918e-48,"3","Zdhhc16"
7.51529228247888e-66,0.282127922378082,0.252,0.132,1.57302582764565e-61,"3","Nsmce4a"
5.25844807133852e-58,0.280713123702755,0.285,0.162,1.10064576581187e-53,"3","Rbbp4"
1.96377701008588e-43,0.280703277921082,0.166,0.089,4.11038165981075e-39,"3","Smu1"
1.24795438295003e-51,0.280560458611036,0.202,0.108,2.6120933189527e-47,"3","Dctn2"
7.33582564903917e-08,0.280389794673028,0.122,0.101,0.00153546166660039,"3","Glul"
1.17685808099838e-54,0.2801013544406,0.382,0.234,2.4632816493377e-50,"3","Uhmk1"
1.44689874244419e-62,0.279395412227542,0.166,0.078,3.02850375780993e-58,"3","Sez6l2"
5.13069868920784e-69,0.277548664990048,0.339,0.191,1.07390654263809e-64,"3","Cdc42"
2.7754620359432e-23,0.276677746916055,0.181,0.125,5.80931958743272e-19,"3","Acsl3"
1.0947512980313e-85,0.276189004325226,0.325,0.169,2.2914239419093e-81,"3","2300009A05Rik"
2.20471479458942e-46,0.274984167705328,0.17,0.089,4.61468853655511e-42,"3","Ubqln2"
1.12164525720877e-56,0.274791954603459,0.243,0.133,2.34771568786368e-52,"3","Sars"
2.0255568650202e-27,0.27471401923592,0.12,0.067,4.23969307417378e-23,"3","Gmfb"
3.00066848572394e-34,0.273804887476043,0.109,0.055,6.28069920746878e-30,"3","Ak6"
2.10681207385578e-67,0.272895625395168,0.437,0.263,4.40976835178753e-63,"3","Vcp"
1.01793358557195e-38,0.272406429507319,0.148,0.079,2.13063678796065e-34,"3","Psmd14"
3.64056580748472e-39,0.272272845464474,0.16,0.088,7.62006829164627e-35,"3","Slu7"
1.19638898128982e-36,0.270753871108811,0.137,0.074,2.50416177673771e-32,"3","Pdrg1"
4.42818548021732e-45,0.269700633350772,0.194,0.109,9.26863502864288e-41,"3","Cript"
6.34824568480669e-61,0.268532906574587,0.297,0.167,1.32875130428689e-56,"3","Dusp8"
8.49516925492705e-44,0.267723235606799,0.171,0.092,1.77812387674878e-39,"3","Dnal4"
1.16977528501885e-62,0.267031831444605,0.43,0.261,2.44845664907296e-58,"3","Rd3"
2.31302275918203e-49,0.26688848932041,0.31,0.187,4.84138793724392e-45,"3","Pde4dip"
9.181039872813e-36,0.266887895692782,0.15,0.083,1.92168345577849e-31,"3","Tgoln1"
3.78440349244065e-56,0.266461871799721,0.586,0.39,7.92113495002753e-52,"3","Faim"
6.55617456618687e-52,0.26595148983659,0.212,0.115,1.37227289844857e-47,"3","Emc8"
1.32675136770686e-20,0.263899313030906,0.127,0.079,2.77702328774723e-16,"3","Hmgcs1"
2.2289331860983e-34,0.263284752899726,0.111,0.057,4.66538005182235e-30,"3","Lcmt1"
1.70149236043211e-53,0.262334135456863,0.168,0.084,3.56139365962045e-49,"3","Hint2"
7.07860885482311e-65,0.262127141237922,0.279,0.152,1.48162361940302e-60,"3","Jkamp"
4.59230778695884e-58,0.26096491114481,0.212,0.111,9.61215942888355e-54,"3","Mrpl2"
3.11993338304774e-47,0.260746943536874,0.2,0.11,6.53033256405722e-43,"3","Atp1a1"
2.25172285194887e-62,0.260629854234804,0.635,0.424,4.71308110141418e-58,"3","Pcbp4"
2.60080841669021e-90,0.26031863136255,0.435,0.242,5.44375209697428e-86,"3","Ppa2"
1.80578541743454e-56,0.259873155870275,0.228,0.122,3.77968945723223e-52,"3","Vps35"
6.86349876433929e-25,0.259063736152862,0.113,0.064,1.43659892636386e-20,"3","Ttc33"
4.84099034248842e-60,0.258997528295649,0.297,0.169,1.01326768858625e-55,"3","Cct3"
8.8073853333181e-19,0.258318851881513,0.105,0.063,1.84347382411681e-14,"3","Arg2"
1.58972851020457e-55,0.25825636993956,0.357,0.214,3.32746074470919e-51,"3","Hnrnpd"
1.90145807760942e-59,0.258083872057504,0.375,0.223,3.97994190224427e-55,"3","Hnrnpa0"
5.84996142659712e-29,0.257156749205625,0.121,0.068,1.22445542620104e-24,"3","Sap30bp"
3.33654703943082e-70,0.257019046154873,0.451,0.271,6.98372660823266e-66,"3","St13"
1.01043790596083e-58,0.256247123078538,0.145,0.066,2.11494758096661e-54,"3","Gatad1"
1.76619389414878e-33,0.254416224958828,0.126,0.068,3.69682043984282e-29,"3","Flywch1"
1.87913948332222e-50,0.254358120174463,0.658,0.467,3.93322685254174e-46,"3","Atp2b1"
2.20832993836647e-55,0.252613146086473,0.349,0.21,4.62225539399486e-51,"3","Taok1"
4.37864042073997e-35,0.251891683789449,0.903,0.848,9.16493226465083e-31,"3","Pde6a"
4.35592902912669e-57,0.250675804399825,0.153,0.072,9.11739505086507e-53,"3","Svip"
