"p_val","avg_log2FC","pct.1","pct.2","p_val_adj","cluster","gene"
2.02999346309924e-195,3.71097917767943,0.173,0.036,4.24897931761302e-191,"1","Tsix"
0,3.16370951418378,0.411,0.11,0,"1","Xist"
1.22504785594461e-54,2.75591105274399,0.123,0.067,2.56414766727767e-50,"1","AC160336.1"
0,2.39130602954004,0.428,0.241,0,"1","Gm19667"
4.05488279976006e-44,2.28230092575692,0.122,0.069,8.48727518817778e-40,"1","Gm14508"
0,2.25280658738741,1,0.763,0,"1","Malat1"
4.53629281868396e-39,2.23840564419372,0.141,0.091,9.4949144987874e-35,"1","AC149090.1"
3.28317862636037e-39,2.23020449023592,0.155,0.106,6.87202118283489e-35,"1","Gm9856"
0,2.20006563933217,0.917,0.508,0,"1","Mir124a-1hg"
5.03853040225023e-13,2.15153126039623,0.104,0.079,1.054614798495e-08,"1","Igf2bp3"
2.22132057565697e-20,2.10724148452892,0.106,0.069,4.64944609690761e-16,"1","6720427I07Rik"
2.44199662669477e-77,2.07074439466514,0.235,0.163,5.11134313933481e-73,"1","Dlg2"
2.18712986994207e-36,2.02067557324521,0.163,0.119,4.57788153077574e-32,"1","Gm4258"
2.65391626183285e-26,2.01737486903737,0.123,0.087,5.55491212764234e-22,"1","4930581F22Rik"
4.30546088660462e-10,1.97586522294076,0.123,0.108,9.01176018175213e-06,"1","6430590A07Rik"
3.8698364387757e-35,1.95006500323268,0.137,0.093,8.09995465000143e-31,"1","Gm45159"
2.66203416830763e-10,1.90362227508333,0.116,0.099,5.57190371768471e-06,"1","AU041133"
1.26092500702103e-63,1.90228545242093,0.246,0.187,2.63924213219572e-59,"1","Rnpc3"
7.32198471066576e-177,1.88991143831158,0.356,0.241,1.53256461978945e-172,"1","4632427E13Rik"
9.8585067979687e-10,1.88237762899009,0.101,0.081,2.06348405788283e-05,"1","Mrpl16"
3.01377781142502e-316,1.82294111720988,0.484,0.343,6.30813833709372e-312,"1","Zcchc7"
1.80049469422268e-209,1.79135097849138,0.414,0.297,3.76861544447749e-205,"1","Ttc14"
1.5571552774783e-20,1.78726241759025,0.165,0.138,3.25928171128983e-16,"1","Paxbp1"
3.72262110087769e-32,1.78242268773675,0.202,0.165,7.79181822624709e-28,"1","Ncapd3"
2.71423204873295e-09,1.7459043979391,0.125,0.109,5.68115910120294e-05,"1","3110056K07Rik"
3.22507429704153e-72,1.74554117477202,0.283,0.225,6.75040301113762e-68,"1","Crebzf"
1.23548460197095e-32,1.74304895070774,0.21,0.169,2.5859928203854e-28,"1","Gm10544"
4.91683635005311e-11,1.74230916332545,0.14,0.121,1.02914301642962e-06,"1","A330023F24Rik"
2.33925831631746e-221,1.73944422834135,0.438,0.33,4.89630158188409e-217,"1","Cspp1"
1.53972274991607e-40,1.70852132965434,0.246,0.211,3.22279368784932e-36,"1","Ttc19"
0,1.70660587062346,0.532,0.383,0,"1","Tmem108"
1.17066329217984e-68,1.69294663882472,0.298,0.249,2.45031533686162e-64,"1","Zfp329"
6.7796021825421e-41,1.63952476885622,0.235,0.195,1.41903853282789e-36,"1","BC005561"
1.94734124574264e-89,1.62227018293143,0.297,0.213,4.07597996146393e-85,"1","Kcnq1ot1"
1.79219230133592e-41,1.56177952172492,0.27,0.237,3.75123770592621e-37,"1","Leng8"
3.79490321760727e-07,1.55815441614375,0.133,0.123,0.00794311192477378,"1","Slc25a27"
0,1.55732583592699,0.614,0.456,0,"1","Snrnp70"
0,1.55630816003674,0.948,0.732,0,"1","Rpgrip1"
5.53449295528677e-27,1.53149521419872,0.243,0.222,1.15842472047107e-22,"1","Ogt"
0,1.52122451980581,0.752,0.624,0,"1","Rsrp1"
3.35669284936931e-20,1.51966269157701,0.226,0.211,7.0258938030149e-16,"1","3222401L13Rik"
8.70095454684515e-35,1.51865980435544,0.322,0.292,1.82119679620016e-30,"1","Gm47283"
8.13317874718839e-47,1.50000069928712,0.316,0.296,1.702355643574e-42,"1","Dusp11"
8.55125293611651e-30,1.49203807958967,0.254,0.233,1.78986275205855e-25,"1","Rnf207"
3.70757290361766e-132,1.483145656446,0.407,0.341,7.76032084456212e-128,"1","Clk1"
3.94702280949136e-97,1.47090934974196,0.386,0.346,8.26151344254637e-93,"1","Ddhd1"
7.19153146849406e-52,1.46248280442718,0.316,0.289,1.50525945167049e-47,"1","R3hdm1"
4.02910905558441e-09,1.46165659426056,0.237,0.245,8.43332816424373e-05,"1","Dalrd3"
0,1.45649537006706,0.795,0.682,0,"1","Dmd"
1.27981495553861e-295,1.44880345242656,0.541,0.432,2.67878068343785e-291,"1","Nktr"
2.15757806620517e-11,1.44507387101651,0.195,0.186,4.51602665037403e-07,"1","Rpgr"
1.70713275219352e-11,1.436220488005,0.219,0.22,3.57319956361625e-07,"1","Slc38a9"
1.99669266627466e-56,1.42519111301427,0.375,0.372,4.17927741977948e-52,"1","A430035B10Rik"
3.62996860267456e-07,1.42317691564175,0.209,0.217,0.00759788728225812,"1","Gm11342"
4.43465126709579e-56,1.41992918304318,0.323,0.291,9.28216856715819e-52,"1","Tia1"
2.75973537451142e-14,1.4146564156022,0.227,0.223,5.77640211238985e-10,"1","Tmcc1"
3.21499794617618e-23,1.41430025623246,0.258,0.247,6.72931220114136e-19,"1","Krit1"
4.44987335199212e-07,1.41073228617872,0.201,0.176,0.00931402991305471,"1","Snhg20"
1.07311664319765e-19,1.3899257310937,0.237,0.226,2.24614044587701e-15,"1","Crtc3"
1.3272104391841e-16,1.3853163413535,0.238,0.231,2.77798417025625e-12,"1","Clk4"
2.34680025760738e-22,1.37563364379492,0.266,0.258,4.91208761919802e-18,"1","Fam133b"
2.06502430413677e-117,1.37370950703642,0.425,0.386,4.32230237098867e-113,"1","Fam53b"
9.79427481162759e-12,1.37008306977879,0.249,0.258,2.05003966082177e-07,"1","Phf14"
1.4977777977666e-06,1.37004183919931,0.213,0.222,0.0313499870850527,"1","Zfp207"
5.25869406935344e-23,1.37003630539782,0.256,0.242,1.10069725565637e-18,"1","Prpf39"
2.58533865650779e-165,1.36943064369559,0.463,0.401,5.41137234193645e-161,"1","Tra2a"
2.04375590664469e-72,1.36832239288695,0.365,0.335,4.277785488198e-68,"1","Pcdh15"
5.9994231119792e-11,1.36533151026608,0.208,0.205,1.25573925156837e-06,"1","C2cd5"
0,1.36027861170998,0.683,0.6,0,"1","Camk2d"
4.54716240364623e-24,1.35173139218814,0.291,0.294,9.51766562707193e-20,"1","Pdzd2"
5.78598414145937e-10,1.35054665835248,0.196,0.19,1.21106434064886e-05,"1","Srrm4"
1.38994391928633e-72,1.34843264422798,0.359,0.322,2.90929161745821e-68,"1","Ccnl1"
1.79198657479214e-193,1.34331318786621,0.501,0.446,3.75080709969743e-189,"1","Fyco1"
1.65056805615677e-48,1.31588506714941,0.343,0.332,3.45480399834173e-44,"1","Acsl1"
7.08260141576226e-184,1.2914695439328,0.507,0.449,1.4824593023332e-179,"1","Rbm25"
1.98483203045678e-51,1.28908494970441,0.347,0.334,4.15445192294909e-47,"1","Gpatch8"
5.86397910836829e-52,1.26667660884043,0.345,0.329,1.22738946717257e-47,"1","Rbm5"
7.90425916904123e-23,1.26054330783534,0.301,0.307,1.65444048667202e-18,"1","Hadha"
4.57864755507839e-30,1.25523509047208,0.331,0.338,9.58356719753459e-26,"1","Tnrc6c"
1.71888095580436e-209,1.24626361297413,0.54,0.479,3.59778972859411e-205,"1","Pnisr"
1.86688126244206e-06,1.24500893975833,0.105,0.136,0.0390756917041747,"1","Adcy6"
1.35683091142227e-31,1.22797842848498,0.341,0.342,2.83998278069796e-27,"1","Srsf2"
2.350837994199e-12,1.22449564047376,0.285,0.305,4.92053900565794e-08,"1","Mycbp2"
8.62463847091088e-93,1.22136298741422,0.451,0.444,1.80522307834636e-88,"1","Prpf4b"
1.13975790265012e-07,1.21760672722729,0.093,0.12,0.00238562726603697,"1","Per3"
1.12830738084947e-06,1.21474451501866,0.083,0.108,0.0236166017885603,"1","Cplane1"
4.73529524627949e-25,1.21257699503467,0.326,0.327,9.9114464799876e-21,"1","Srsf1"
8.87951113858588e-11,1.21012588514959,0.289,0.317,1.85857047641741e-06,"1","Atp2c1"
9.0665462194686e-90,1.20751708409869,0.439,0.417,1.89771878919697e-85,"1","Pnn"
3.99960723159637e-77,1.20625872285753,0.485,0.449,8.37157789645437e-73,"1","Vax2os"
1.21244445510104e-07,1.19872940311475,0.087,0.114,0.00253776748897199,"1","Riok1"
0,1.19853612436444,0.699,0.637,0,"1","March1"
3.59967750882421e-112,1.19596138748232,0.463,0.444,7.53448499371995e-108,"1","Srsf7"
2.45350015722625e-76,1.18839430916373,0.451,0.467,5.13542117909026e-72,"1","Madd"
5.92934165777942e-130,1.18290007206563,0.481,0.457,1.24107050238981e-125,"1","Frmd4b"
1.06386407580022e-06,1.17828700492522,0.094,0.118,0.0222677389705745,"1","Hsf2"
9.18821578720811e-159,1.17566705786598,0.524,0.501,1.92318544642053e-154,"1","Upf3b"
2.36619012849552e-195,1.17542942236962,0.555,0.539,4.95267255795396e-191,"1","Glmn"
1.53079083174229e-10,1.17473310393792,0.082,0.112,3.2040982899198e-06,"1","Polr3a"
0,1.17172475431384,0.918,0.83,0,"1","Mir124-2hg"
3.85178894065356e-40,1.17107399017113,0.314,0.285,8.06217943168197e-36,"1","Peg3"
1.53869935091856e-06,1.16096727599452,0.114,0.146,0.0322065161140764,"1","Pds5a"
2.99458081623127e-13,1.16012266345483,0.275,0.285,6.26795710645368e-09,"1","Ppargc1b"
1.38785115210446e-24,1.15645889121983,0.365,0.383,2.90491124646985e-20,"1","Arglu1"
2.8579793773902e-20,1.15501545606161,0.331,0.353,5.98203663481543e-16,"1","Zranb2"
1.71562833244122e-06,1.14845486736872,0.101,0.13,0.0359098166263273,"1","Ocrl"
7.08310711475222e-07,1.14597980863203,0.285,0.321,0.0148256515018879,"1","Dhx36"
1.68021788357167e-80,1.14528538587778,0.468,0.489,3.51686405210387e-76,"1","Dnm3"
6.17201741214489e-140,1.1433134929316,0.569,0.59,1.29186496453605e-135,"1","Samd11"
5.32230709058439e-09,1.14281457052099,0.087,0.117,0.000111401209713022,"1","Mphosph9"
8.21339498647028e-08,1.14016620326102,0.101,0.133,0.00171914570461809,"1","Tube1"
9.09335637854078e-101,1.13863954648426,0.468,0.449,1.90333042359237e-96,"1","Mat2a"
1.55418046356301e-06,1.13498905853254,0.091,0.116,0.0325305512828373,"1","Zfp157"
3.28790128043646e-78,1.13404373841243,0.468,0.492,6.88190617008154e-74,"1","Pdzph1"
1.38912911904345e-71,1.13329596424139,0.439,0.446,2.90758615906984e-67,"1","Cers4"
2.06105225447644e-13,1.12976545804347,0.309,0.336,4.31398847384463e-09,"1","Fubp1"
1.00382309959089e-09,1.12294028598384,0.084,0.114,2.10110212975369e-05,"1","Adamts3"
3.78355348783151e-35,1.12201395837499,0.357,0.368,7.91935580538014e-31,"1","N4bp2l2"
8.45129173774477e-07,1.12110926963772,0.108,0.139,0.0176893987362736,"1","Ranbp6"
4.83606363128683e-07,1.1200582194432,0.088,0.114,0.0101223647866465,"1","Gabpb2"
3.57726800130211e-08,1.11608885603176,0.097,0.125,0.000748757965352544,"1","C87436"
2.40911864978867e-11,1.11233348278559,0.314,0.35,5.04252624587267e-07,"1","Cacnb2"
1.30897608150093e-07,1.10713897724911,0.101,0.131,0.00273981783618959,"1","Gnl3"
5.17248128016104e-09,1.1037064864213,0.082,0.11,0.000108265205675051,"1","Rb1"
2.38873236678095e-12,1.10344143445106,0.104,0.144,4.99985571690921e-08,"1","Dcaf17"
2.52779513927967e-07,1.1008724885776,0.123,0.16,0.00529092800602629,"1","Arid3b"
3.19226579741186e-10,1.09889147479649,0.092,0.124,6.68173154056276e-06,"1","Gpatch2"
0,1.09770223740487,0.813,0.757,0,"1","Son"
4.47796573193322e-69,1.09766804942965,0.457,0.481,9.37283007350942e-65,"1","Ddx17"
3.40468568402838e-09,1.09744094694408,0.076,0.102,7.12634760523981e-05,"1","Stxbp5l"
6.53664439013848e-12,1.09363953230565,0.083,0.116,1.36818503729989e-07,"1","Uimc1"
5.77835961129518e-17,1.09342630625094,0.314,0.335,1.20946845024019e-12,"1","Eml5"
2.67580369716829e-07,1.0926005759537,0.079,0.103,0.00560072471854295,"1","Zfyve27"
2.09147012365465e-51,1.09213209848901,0.418,0.44,4.37765611582155e-47,"1","Stard7"
5.77587388829769e-13,1.08542387031965,0.076,0.108,1.20894816355959e-08,"1","2810004N23Rik"
7.1301830975536e-09,1.08476005542003,0.296,0.326,0.000149241862414894,"1","Crlf3"
1.38378375461683e-88,1.07982870534291,0.467,0.475,2.89639777678849e-84,"1","Srpk2"
6.10845683046417e-14,1.07313118693664,0.085,0.12,1.27856109918446e-09,"1","Zfyve16"
6.47457196314806e-10,1.07291916544613,0.076,0.103,1.35519265760652e-05,"1","Dnm2"
9.5077893705831e-15,1.07224863899254,0.075,0.107,1.99007539315675e-10,"1","Slc25a37"
4.01225285412881e-08,1.07136628321454,0.153,0.203,0.0008398046448977,"1","Pak7"
1.78622015317923e-09,1.07132920718426,0.087,0.117,3.73873740261946e-05,"1","Ift88"
3.98544890608468e-12,1.06490855966436,0.077,0.108,8.34194310532584e-08,"1","Ino80"
1.78968194528497e-10,1.06450492984536,0.101,0.136,3.74598327967598e-06,"1","Zcchc9"
1.17224286768125e-09,1.06327812836576,0.112,0.149,2.45362154634363e-05,"1","Hps3"
4.69737615289325e-07,1.06028614563147,0.115,0.149,0.00983207802562087,"1","Phc3"
1.48745644778926e-15,1.06016798896316,0.104,0.148,3.1133950908677e-11,"1","Igsf11"
8.60548473535192e-10,1.05893557098146,0.316,0.357,1.80121400995651e-05,"1","Clasp1"
6.62410608805658e-255,1.05791410415591,0.637,0.626,1.38649164529112e-250,"1","Rims2"
6.94851896717673e-07,1.05690956810911,0.133,0.172,0.0145439450501976,"1","Macrod2"
1.96238010718029e-12,1.0510459646909,0.073,0.1,4.10745780233906e-08,"1","Nsun4"
4.43609829199233e-09,1.05012817183325,0.078,0.105,9.28519733496915e-05,"1","Zfp729a"
4.55408767193894e-07,1.04988393807145,0.153,0.2,0.00953216090613539,"1","Kansl1l"
1.29938722861721e-15,1.04877764516631,0.109,0.155,2.71974740821868e-11,"1","Ttc39c"
1.17572401608235e-12,1.04793507959111,0.097,0.135,2.46090793806197e-08,"1","Ddx41"
3.05559093711185e-258,1.04734028974225,0.654,0.668,6.39565739046882e-254,"1","Pex5l"
1.83461524027574e-12,1.04537239946348,0.078,0.11,3.84003315942115e-08,"1","Cenpc1"
6.57500114899187e-08,1.04517204150539,0.106,0.139,0.00137621349049549,"1","6030458C11Rik"
8.58176540680011e-12,1.04380120379785,0.292,0.303,1.79624931729733e-07,"1","Zbtb20"
2.70040757305889e-20,1.04294090297593,0.368,0.413,5.65222309116956e-16,"1","Atp8a2"
3.00868187574175e-11,1.04206715587891,0.107,0.145,6.29747203411506e-07,"1","Pkd1"
1.52959228220553e-08,1.0403226353465,0.077,0.102,0.00032015896058844,"1","Ldah"
1.47410410075223e-13,1.0395929783652,0.075,0.106,3.08544729328448e-09,"1","Thap3"
2.48474118584026e-12,1.03494395807191,0.088,0.123,5.20081177608224e-08,"1","Zkscan2"
1.70689200530123e-10,1.03486926451058,0.088,0.12,3.57269565629601e-06,"1","Trp53bp1"
2.01361417105503e-21,1.03368209993758,0.102,0.152,4.21469582143528e-17,"1","Otx2os1"
8.83696859366452e-10,1.03213838780316,0.109,0.145,1.84966589633992e-05,"1","Mafg"
1.22482211491159e-11,1.03185002010351,0.095,0.131,2.56367516872145e-07,"1","Uvrag"
7.54849176301875e-14,1.03145512148002,0.093,0.13,1.57997481091746e-09,"1","Pspc1"
1.04348219661185e-11,1.03108721230126,0.081,0.113,2.18411258572826e-07,"1","Zfp507"
8.32705444218652e-21,1.02956293503519,0.066,0.103,1.74293576529406e-16,"1","Atg9a"
3.50946198074377e-10,1.02596533744844,0.098,0.133,7.34565487189478e-06,"1","Pik3c2a"
1.04829447172907e-254,1.02374489608344,0.645,0.638,2.19418515877612e-250,"1","Ank2"
9.46427670520600e-11,1.02042946895659,0.094,0.127,1.98096775716667e-06,"1","Ttc4"
3.12551940102811e-10,1.01802813955061,0.109,0.147,6.54202465829194e-06,"1","Zbtb37"
3.47615580212668e-12,1.01603992548352,0.082,0.114,7.27594170943136e-08,"1","Cbl"
1.11484642540915e-14,1.01509188124427,0.111,0.157,2.33348505302389e-10,"1","Ube3c"
5.13590335364763e-10,1.01330312875361,0.146,0.197,1.07499593095198e-05,"1","Msh3"
3.69611337480461e-79,1.01241995318742,0.485,0.509,7.73633490480352e-75,"1","Ahi1"
6.1498680301901e-12,1.01195175112882,0.085,0.117,1.28722887739909e-07,"1","Rprd1a"
1.02925754306577e-13,1.01120873734205,0.086,0.121,2.15433896339097e-09,"1","Scamp2"
2.12080715799614e-13,1.00994291117178,0.134,0.185,4.43906146240171e-09,"1","Raf1"
2.80510971863047e-16,1.00736360542667,0.354,0.396,5.87137515206545e-12,"1","Luc7l2"
1.67921133730816e-06,1.00635780979532,0.164,0.213,0.0351475725011971,"1","Dhx30"
1.12995842776868e-14,1.00613742038858,0.122,0.171,2.36511598516263e-10,"1","Cep126"
7.41228870170927e-13,1.00581736151887,0.096,0.133,1.55146614815477e-08,"1","Htt"
5.33257914220429e-13,1.00563641448761,0.102,0.14,1.11616214025478e-08,"1","Usp48"
2.06551583249452e-17,1.00537184627539,0.068,0.102,4.32333118899428e-13,"1","Cog5"
3.68354808311813e-07,1.0047886900256,0.122,0.157,0.00771003449277455,"1","Trim26"
6.674679345774e-11,1.00462999674837,0.12,0.162,1.39707713386396e-06,"1","Atg16l1"
6.18776683038739e-15,1.00368534666161,0.083,0.119,1.29516147526838e-10,"1","Exoc4"
1.70805580441509e-10,1.00188000436867,0.099,0.134,3.57513160422123e-06,"1","Yod1"
9.92652873688501e-15,1.00099981681102,0.071,0.103,2.0777217299174e-10,"1","Usp53"
1.31058799592227e-12,1.00045829126132,0.092,0.129,2.74319173426489e-08,"1","Rbm48"
7.87934879979418e-14,0.999807676065904,0.076,0.108,1.64922649728492e-09,"1","Slc25a36"
9.10299936634377e-18,0.999741499026513,0.066,0.1,1.90534879736941e-13,"1","Bend7"
7.08194044459244e-23,0.997651205833573,0.063,0.1,1.48232095445764e-18,"1","Anks3"
8.25598231458209e-14,0.995531043525644,0.099,0.14,1.72805965826518e-09,"1","Jrkl"
2.36261632588972e-13,0.995107732189934,0.113,0.157,4.94519223171977e-09,"1","Plekhm3"
6.73305877900236e-13,0.994027206172529,0.079,0.111,1.40929653303298e-08,"1","Tmem80"
9.36533471878114e-17,0.993155482439657,0.08,0.118,1.96025820998808e-12,"1","Zfp407"
1.92699454257201e-13,0.992343477124729,0.087,0.123,4.03339227705748e-09,"1","Lrrc49"
3.67109822758953e-15,0.992026174474205,0.086,0.124,7.68397570016764e-11,"1","Ttf1"
5.92458628671627e-15,0.991696168033087,0.077,0.111,1.24007515567258e-10,"1","Tubgcp5"
1.95759291750106e-17,0.991521433754905,0.078,0.114,4.09743773562147e-13,"1","Tmco3"
6.93998216129164e-10,0.989758510481368,0.139,0.186,1.45260766617995e-05,"1","Rabgap1"
6.94966380499328e-180,0.989323410906178,0.603,0.617,1.45463413102314e-175,"1","Fam161a"
5.87197040684575e-07,0.988720699740273,0.159,0.208,0.0122906212585688,"1","Zfp322a"
2.97250956659625e-14,0.988527322061175,0.083,0.118,6.22175977384262e-10,"1","Gm5165"
2.45302975013076e-18,0.986696988885161,0.07,0.106,5.1344365699987e-14,"1","Ptcd3"
2.43604169099537e-14,0.985806497248073,0.121,0.17,5.09887886342241e-10,"1","Nfx1"
2.49689347307937e-243,0.985451359129407,0.662,0.664,5.22624772850244e-239,"1","Ktn1"
1.75954631200801e-15,0.984218582931336,0.068,0.1,3.68290638566398e-11,"1","Lrrfip2"
3.34357443024695e-12,0.981483127516088,0.094,0.13,6.99843563994988e-08,"1","Klhl12"
2.76638599649153e-08,0.98049814808128,0.11,0.144,0.000579032252925642,"1","2610008E11Rik"
5.67643521826928e-19,0.980123722387657,0.383,0.428,1.18813465553594e-14,"1","Luc7l3"
8.55681423877838e-15,0.978322247939384,0.097,0.137,1.7910267883187e-10,"1","Hmgxb4"
2.64405867772148e-07,0.977775071557551,0.11,0.142,0.00553427921833884,"1","Rab11fip2"
6.84751486953984e-16,0.977363981707948,0.081,0.117,1.43325333734338e-11,"1","Lrch3"
6.84821067582776e-16,0.977297781276206,0.109,0.155,1.43339897655751e-11,"1","Nsd2"
4.169566718137e-08,0.97362440178064,0.142,0.186,0.000872732009773256,"1","Relch"
1.5282506912257e-14,0.97278640750505,0.108,0.151,3.19878152180452e-10,"1","Nhlrc2"
2.23656834965475e-12,0.972659641568085,0.103,0.142,4.68136121266235e-08,"1","Atrip"
1.09352940241538e-13,0.972546096844856,0.102,0.143,2.28886639219564e-09,"1","Kmt5a"
2.33464209277645e-17,0.972447555987872,0.085,0.125,4.88663936439039e-13,"1","Nvl"
2.17211463183245e-06,0.970143182675485,0.186,0.243,0.0454645313588849,"1","Xrn1"
2.64402048901352e-09,0.970069217799562,0.143,0.191,5.53419928555419e-05,"1","Mapk8"
5.4625731905105e-22,0.969833509142883,0.076,0.116,1.14337119450575e-17,"1","Ash2l"
9.14738044282184e-21,0.969714809007294,0.103,0.153,1.91463820048704e-16,"1","Wwox"
2.31169381834044e-18,0.967865001581821,0.086,0.127,4.83860633116838e-14,"1","Agfg1"
8.14905632059261e-18,0.963216675970569,0.096,0.14,1.70567897846324e-13,"1","Herc4"
2.96758833474505e-17,0.961891211133654,0.09,0.117,6.21145914345487e-13,"1","Rnf121"
3.01389865757339e-09,0.961517499794961,0.159,0.213,6.30839128016686e-05,"1","Tet2"
6.18170855667646e-09,0.959151632971848,0.159,0.212,0.000129389341799795,"1","Nedd4l"
1.65121568964849e-10,0.95909516588685,0.107,0.144,3.45615956000326e-06,"1","D10Wsu102e"
4.698918498446e-08,0.957499887998752,0.118,0.151,0.000983530630909732,"1","B4galt1"
3.05601419564263e-13,0.95735821854118,0.075,0.106,6.39654331289959e-09,"1","Rab43"
1.02370288182248e-17,0.955374003946333,0.071,0.106,2.14271250194262e-13,"1","A930003O13Rik"
4.74625919919662e-15,0.954181551788331,0.127,0.178,9.93439512983844e-11,"1","Svil"
3.49385814508139e-13,0.953335873634952,0.095,0.133,7.31299448346985e-09,"1","Dpp8"
3.53193737769676e-18,0.95326553060517,0.069,0.103,7.39269812525708e-14,"1","Kcnc3"
2.5525132412608e-15,0.952412336340344,0.124,0.175,5.34266546528298e-11,"1","Tbc1d32"
4.55791032450831e-11,0.948311803933725,0.154,0.208,9.54016210022833e-07,"1","Angel2"
1.00837028755117e-94,0.947090313190756,0.524,0.561,2.11061984887335e-90,"1","Sgip1"
2.19272763495383e-15,0.94626811836953,0.099,0.141,4.58959821272185e-11,"1","Hif1an"
3.18536325660062e-07,0.945535482508948,0.159,0.206,0.00666728383239076,"1","Ints13"
3.20177810439232e-21,0.942767467552663,0.091,0.137,6.70164175030357e-17,"1","Pex3"
4.80072429029994e-08,0.941677924124525,0.172,0.223,0.00100483960120268,"1","Srsf6"
3.57180376322613e-11,0.941430080647625,0.081,0.111,7.47614245680861e-07,"1","Mfap3"
4.86531608035788e-14,0.940297554847103,0.097,0.136,1.01835930877971e-09,"1","Dnajb4"
4.13819776696355e-10,0.938891656052308,0.077,0.103,8.66166174603141e-06,"1","BC065403"
9.17579884742471e-14,0.938042421016622,0.101,0.142,1.92058645675447e-09,"1","Tex9"
2.38379526585576e-12,0.936831281994344,0.114,0.157,4.9895218709627e-08,"1","Zfp398"
4.27713952809433e-12,0.935484820826557,0.129,0.177,8.95248074625424e-08,"1","Fra10ac1"
2.32642687438772e-25,0.933844110254955,0.131,0.198,4.86944409078093e-21,"1","Smug1"
2.59020520140997e-19,0.933257367226021,0.109,0.159,5.42155850707121e-15,"1","Wwp1"
1.29649589869269e-21,0.933163842346813,0.091,0.137,2.71369556555367e-17,"1","Tpp2"
1.4927041342477e-19,0.932629437505417,0.078,0.116,3.12437902339387e-15,"1","Chkb"
8.63522806709487e-23,0.930549870336452,0.063,0.1,1.80743958672363e-18,"1","Ciz1"
7.13220693266681e-20,0.929377226823775,0.088,0.131,1.49284223307649e-15,"1","Fer"
7.60074092020037e-12,0.927675035937917,0.098,0.135,1.59091108200714e-07,"1","Usp3"
1.7804189665436e-12,0.924262335771539,0.129,0.177,3.72659493887241e-08,"1","Rnf8"
1.98900837008147e-13,0.922566099604386,0.12,0.166,4.16319341941752e-09,"1","Gtf3c2"
1.28788277720152e-21,0.921781758319079,0.071,0.111,2.69566744096049e-17,"1","Xpo4"
3.52897409136737e-19,0.921296119917299,0.068,0.103,7.38649567064104e-15,"1","Elp4"
3.31156876005975e-12,0.920939804223391,0.13,0.178,6.93144457168107e-08,"1","Cdk8"
2.11928090686556e-41,0.919749790760541,0.445,0.491,4.43586686616031e-37,"1","Mak"
9.45730329666423e-19,0.91953576252504,0.074,0.111,1.97950815302479e-14,"1","Ncoa7"
1.3924373334111e-07,0.918242714128264,0.152,0.198,0.00291451058256277,"1","N4bp2"
1.78499485953336e-13,0.918193406005976,0.092,0.13,3.73617274048928e-09,"1","Slf1"
1.79877673824682e-09,0.917332254266229,0.142,0.189,3.76501959082442e-05,"1","Styx"
7.70920236028475e-17,0.916017700647369,0.134,0.19,1.6136131460312e-12,"1","Igsf9"
9.65205461279244e-16,0.915395835426966,0.152,0.215,2.02027155100359e-11,"1","Gtf2ird1"
3.91376429348841e-14,0.915370066235134,0.172,0.237,8.19190004270059e-10,"1","Tmem243"
7.38962945241805e-19,0.915234348254027,0.086,0.125,1.54672334068562e-14,"1","Stx5a"
1.57549058679616e-35,0.914426009800708,0.437,0.489,3.29765934722305e-31,"1","Mtdh"
1.13448094317602e-07,0.91294627824265,0.099,0.121,0.00237458206216172,"1","Pde6h"
2.23930680010128e-32,0.911861477566302,0.42,0.462,4.687093063292e-28,"1","Cep164"
6.55031593854032e-23,0.911067830018122,0.09,0.136,1.37104662909587e-18,"1","Mrpl38"
2.35259355313371e-15,0.910002030645152,0.09,0.129,4.92421356606418e-11,"1","Gphn"
5.11789248638408e-27,0.909872703084252,0.074,0.118,1.07122607632505e-22,"1","Uqcc1"
2.2088230520817e-12,0.909581743394041,0.166,0.228,4.62328753031221e-08,"1","Ric3"
5.52237565766233e-12,0.909361100430463,0.159,0.216,1.1558884489053e-07,"1","Cwf19l2"
2.56166007203536e-08,0.909124767754067,0.198,0.266,0.000536181069677721,"1","Frmpd2"
2.74599200576572e-28,0.908257723171862,0.12,0.185,5.74763586726823e-24,"1","Diaph3"
1.26889369314578e-28,0.908236288060845,0.076,0.123,2.65592138912343e-24,"1","Slx1b"
3.48996605889955e-11,0.907302899561835,0.073,0.102,7.30484795788265e-07,"1","Ccny"
2.60405731267201e-14,0.904615202369045,0.372,0.426,5.45055236115377e-10,"1","Chd9"
4.35757345105181e-23,0.904264039433622,0.082,0.126,9.12083699039654e-19,"1","Gtf3c3"
1.28077875741786e-12,0.90381318051614,0.131,0.179,2.68079801715132e-08,"1","Slc25a22"
1.34936826918364e-12,0.901001821734446,0.094,0.13,2.82436272422827e-08,"1","Supt7l"
1.49951099798435e-22,0.89872080323178,0.082,0.125,3.13862646988105e-18,"1","Cdc14a"
1.74673526423897e-26,0.897521798108791,0.07,0.113,3.65609158157858e-22,"1","Tmem87a"
1.09480377281199e-12,0.893724004808486,0.15,0.207,2.29153377687278e-08,"1","Ikzf2"
6.52619367008779e-07,0.893689109328785,0.176,0.23,0.0136599759708607,"1","Nbeal1"
1.57976534412254e-19,0.893493166476265,0.073,0.109,3.30660684178289e-15,"1","Mbip"
2.18848234041868e-07,0.892763659955804,0.136,0.171,0.00458071238673034,"1","Qk"
5.69009120364655e-18,0.892493559944697,0.067,0.1,1.19099298983526e-13,"1","Med15"
1.00143835178853e-23,0.892144504436329,0.066,0.105,2.09611061412858e-19,"1","Mon2"
4.75788842537027e-20,0.892077475623388,0.082,0.124,9.95873626314251e-16,"1","Rspry1"
3.55360391831387e-22,0.891825145768841,0.123,0.182,7.43804836142275e-18,"1","Tapt1"
6.76550349684442e-30,0.891311016081877,0.072,0.117,1.41608753692451e-25,"1","Calcoco1"
5.09794930174853e-192,0.889869327679769,0.638,0.647,1.06705176834898e-187,"1","Tnrc6b"
4.93675220759323e-18,0.888419125146617,0.072,0.107,1.03331160457134e-13,"1","Atxn7"
1.19313294648733e-12,0.887865660174208,0.109,0.15,2.49734657029264e-08,"1","Agl"
4.82778090980925e-17,0.887489572418297,0.096,0.139,1.01050282223217e-12,"1","Avl9"
2.38588298702465e-06,0.887146911163232,0.174,0.225,0.0499389168014129,"1","Asxl2"
2.55054317454754e-42,0.886302381134529,0.464,0.506,5.33854191864545e-38,"1","Rabgef1"
2.68522268528393e-13,0.885239562566984,0.084,0.116,5.62043960256779e-09,"1","Pitpnm2os2"
2.43168329661966e-22,0.884368050759934,0.077,0.119,5.08975630815462e-18,"1","Cep162"
4.28111738712813e-23,0.884312703761381,0.074,0.116,8.96080680299789e-19,"1","Fbxl20"
7.71697599526068e-20,0.883322984534171,0.106,0.155,1.61524024556801e-15,"1","Wdr43"
1.66130694088234e-19,0.882925505627129,0.074,0.111,3.47728155796082e-15,"1","Rev1"
2.07694665494079e-22,0.882894734217782,0.114,0.169,4.34725704345657e-18,"1","Tug1"
8.01840315671155e-17,0.882681990091829,0.182,0.258,1.6783319647313e-12,"1","Dtx3"
5.95101861097479e-28,0.882253734691573,0.115,0.176,1.24560770546313e-23,"1","Atxn2l"
3.12367027879057e-15,0.882243479288893,0.107,0.15,6.53815426053654e-11,"1","Fcho2"
3.15480899527475e-14,0.880633228424249,0.082,0.116,6.60333070800957e-10,"1","Asap1"
1.96428732886778e-16,0.879845292248563,0.127,0.18,4.11144980805315e-12,"1","Rchy1"
4.92264544806706e-94,0.877219396033081,0.548,0.601,1.03035891873492e-89,"1","Slc4a7"
3.7377397309301e-18,0.876041213305238,0.113,0.162,7.8234630308098e-14,"1","Arfgap2"
2.35411661858521e-26,0.875620773809101,0.102,0.158,4.9274014943607e-22,"1","Xylt1"
1.92490193039386e-19,0.875393852978621,0.117,0.17,4.02901223050739e-15,"1","Nup98"
1.41054830723141e-18,0.875077984683345,0.082,0.122,2.95241866186607e-14,"1","Smarcad1"
7.83294238306124e-28,0.874953623730406,0.082,0.131,1.63951317019855e-23,"1","Zswim8"
3.57122564200508e-14,0.874075339492224,0.143,0.197,7.47493239128083e-10,"1","Dctn4"
1.26212556638162e-06,0.874038048353324,0.353,0.421,0.0264175502299338,"1","Arhgef26"
9.26836448282166e-22,0.873844999944243,0.131,0.193,1.9399613698994e-17,"1","Nudcd3"
2.51308792350209e-23,0.873813587003029,0.07,0.11,5.26014433268223e-19,"1","Mbd5"
4.84555773363079e-13,0.873389503645823,0.099,0.137,1.01422368922626e-08,"1","Zfp830"
3.01928178315243e-13,0.871453522532877,0.084,0.117,6.31965870031635e-09,"1","Rrbp1"
1.85563138576783e-26,0.871111970118539,0.064,0.103,3.88402205355064e-22,"1","Mrs2"
1.46889272957856e-21,0.870413851405043,0.117,0.172,3.07453937228088e-17,"1","Ift122"
3.61303466113171e-21,0.870284439619376,0.122,0.179,7.56244284921478e-17,"1","Orc4"
1.3185499276407e-23,0.869283155741048,0.071,0.111,2.75985685354474e-19,"1","Eed"
1.79718516223257e-23,0.868751489089529,0.109,0.165,3.76168826306898e-19,"1","Thap2"
6.12101988767601e-16,0.867926390360421,0.167,0.237,1.28119067268947e-11,"1","Nsd3"
7.92872282528786e-11,0.867843366374111,0.125,0.169,1.659560974561e-06,"1","Ing2"
5.15316901467807e-13,0.865836456214,0.137,0.189,1.07860980646227e-08,"1","Lrif1"
6.03633124370029e-16,0.865484524315213,0.122,0.173,1.26346449261891e-11,"1","Xpr1"
4.18848843447992e-13,0.865474941300951,0.177,0.244,8.76692514220993e-09,"1","Ino80d"
4.59620168891131e-08,0.864293388249589,0.215,0.29,0.000962030975506026,"1","Smchd1"
2.93077053749105e-21,0.863847459112398,0.09,0.136,6.13439581202253e-17,"1","Ttll5"
1.02774775951938e-16,0.863147178125159,0.088,0.127,2.15117883545001e-12,"1","Ppfia1"
9.45633449901601e-25,0.862409875748761,0.078,0.12,1.97930537398904e-20,"1","Tmem214"
1.58328674030368e-20,0.862302728752923,0.103,0.152,3.31397747612962e-16,"1","Picalm"
1.20414575511198e-15,0.862174053464992,0.14,0.197,2.52039748002488e-11,"1","Srcap"
5.2917803013099e-12,0.861924660424647,0.179,0.246,1.10762253486718e-07,"1","Cnot4"
5.7774385545554e-15,0.860982913637208,0.08,0.115,1.20927566385399e-10,"1","Pip4p1"
7.97695788804958e-17,0.860599356348812,0.097,0.14,1.66965705554766e-12,"1","Tmem41b"
2.59417090147514e-24,0.860140973627284,0.079,0.124,5.42985911387762e-20,"1","Slc25a28"
1.1835687561683e-26,0.859791498487042,0.109,0.167,2.47732776353586e-22,"1","Tm9sf4"
3.26652126349788e-24,0.859554905769807,0.086,0.134,6.83715565662741e-20,"1","Kdm6a"
1.79291875251423e-19,0.857531011349726,0.135,0.195,3.75275824088753e-15,"1","Sfswap"
2.30143903868274e-13,0.857379678843562,0.105,0.146,4.81714205186684e-09,"1","Zfp612"
1.15320917955308e-20,0.85721505967744,0.144,0.21,2.41378213372255e-16,"1","Cerkl"
2.27221810189238e-17,0.855638522077866,0.111,0.159,4.75597970907095e-13,"1","Fbxw2"
1.45132771993085e-25,0.85461686791824,0.09,0.14,3.03777405058727e-21,"1","Dlst"
1.60662073640034e-22,0.852260823559848,0.113,0.168,3.36281786335956e-18,"1","Lcor"
3.80432774503793e-19,0.851557273803273,0.07,0.105,7.96283840313889e-15,"1","Dvl3"
7.69659355272166e-19,0.84946124641878,0.073,0.111,1.61097399652017e-14,"1","Dennd6a"
8.06968247791297e-15,0.849237550340786,0.17,0.236,1.68906523945196e-10,"1","Las1l"
4.49404033580546e-19,0.848431980775573,0.135,0.195,9.4064758268744e-15,"1","Ext1"
2.90865614566489e-14,0.848065071534602,0.069,0.1,6.08810817849118e-10,"1","Uty"
2.30284597907915e-20,0.847781057129231,0.13,0.19,4.82008691881056e-16,"1","Cpsf7"
6.49948240084828e-17,0.845569271510318,0.168,0.239,1.36040666132155e-12,"1","Pias3"
4.22871388658392e-20,0.844905667492108,0.082,0.124,8.85112103600881e-16,"1","Erc2"
4.12635072771942e-20,0.844008184427075,0.425,0.497,8.63686470818953e-16,"1","Amer2"
1.58698700255666e-21,0.843162749482396,0.098,0.146,3.32172249505134e-17,"1","Nfrkb"
5.12344117073578e-27,0.841931525858202,0.072,0.116,1.07238747144671e-22,"1","Mamld1"
2.44845495782833e-204,0.841849988399288,0.687,0.684,5.12486107223048e-200,"1","Ankrd12"
9.14085193667121e-10,0.841605493255351,0.179,0.241,1.91327171886465e-05,"1","Rps6kb1"
1.33234645687227e-06,0.841257304587599,0.202,0.265,0.0278873436887935,"1","Zfp536"
3.38446831789317e-19,0.840341817183099,0.097,0.142,7.08403063618219e-15,"1","Ndel1"
1.19511532773793e-25,0.839434751899703,0.111,0.17,2.50149589248827e-21,"1","Gpbp1l1"
2.82051798522743e-11,0.839410307606861,0.24,0.327,5.90362619487954e-07,"1","Slc12a5"
1.17424940501756e-13,0.838932480842664,0.157,0.216,2.45782142964226e-09,"1","Pstk"
3.08051977993642e-20,0.838863796756866,0.184,0.267,6.44783595138491e-16,"1","Wdr31"
2.50441476338029e-22,0.837625559739362,0.125,0.184,5.24199054123129e-18,"1","Luzp1"
1.52381030401331e-16,0.837334258620613,0.078,0.11,3.18948734733025e-12,"1","Gprasp1"
5.60753139462168e-23,0.83706176029046,0.082,0.126,1.17371239620826e-18,"1","Parg"
2.47343758734778e-12,0.835690805765306,0.185,0.253,5.17715221407764e-08,"1","Mtcl1"
1.0189719217609e-10,0.835523957685698,0.213,0.293,2.13281012943773e-06,"1","Map4k3"
8.03276039846056e-27,0.833324903495887,0.11,0.168,1.68133707900178e-22,"1","Rbm28"
7.33104981665836e-28,0.833198990951422,0.107,0.166,1.53446203712476e-23,"1","Zfp955b"
2.29384669896962e-08,0.832102228868024,0.187,0.248,0.000480125052561331,"1","Rictor"
9.9800158837917e-23,0.830846903104775,0.091,0.139,2.08891712463644e-18,"1","Kmt2b"
6.28680798326044e-13,0.828880033138129,0.196,0.271,1.31589177897624e-08,"1","Trpm7"
5.68809619961079e-08,0.827223762953256,0.406,0.493,0.00119057541554053,"1","Cited2"
2.84169498882996e-25,0.825759826747299,0.064,0.103,5.94795178111999e-21,"1","Ak2"
1.2171725690257e-31,0.824945839017907,0.064,0.108,2.54766390422769e-27,"1","Cherp"
3.21160677340827e-25,0.821574457289339,0.074,0.116,6.72221413742085e-21,"1","Sec24a"
1.22583213018107e-18,0.817763637800353,0.113,0.162,2.56578923168199e-14,"1","Stom"
6.13008357795461e-33,0.816057028787645,0.106,0.17,1.28308779370168e-28,"1","Ccdc66"
5.42475709577826e-25,0.815334254930386,0.118,0.178,1.13545590771735e-20,"1","Tox4"
7.6141080215207e-23,0.815333656872218,0.083,0.127,1.5937089499845e-18,"1","Mettl3"
1.01834036116987e-21,0.815175010529247,0.092,0.138,2.13148820996466e-17,"1","Ints6"
1.47235233427012e-32,0.814433695253772,0.131,0.205,3.08178067086079e-28,"1","Gps2"
3.29603614123806e-18,0.814048770837902,0.074,0.111,6.89893324722539e-14,"1","Trim24"
3.42190865304212e-21,0.813326732152969,0.097,0.144,7.16239700168245e-17,"1","Lims1"
1.1786419919639e-32,0.811266719239279,0.073,0.12,2.46701555337964e-28,"1","Exoc1"
1.15332054722735e-33,0.811253164188099,0.058,0.101,2.41401523740157e-29,"1","B230369F24Rik"
8.44770108894167e-14,0.81057443487146,0.203,0.283,1.76818831492638e-09,"1","2810013P06Rik"
1.21896305510301e-17,0.81046078056544,0.087,0.128,2.55141157063611e-13,"1","Fam13b"
3.74702134020301e-17,0.810267713815126,0.175,0.248,7.84289036717891e-13,"1","Senp2"
9.32353409729727e-30,0.809111245578375,0.071,0.116,1.95150892190529e-25,"1","Babam2"
2.93702151176155e-24,0.808806632750031,0.16,0.238,6.14747972626809e-20,"1","Rgs20"
1.79198815789724e-23,0.808587431572564,0.101,0.153,3.75081041329472e-19,"1","Ahctf1"
3.78230336738709e-17,0.807445480661487,0.157,0.223,7.91673917827793e-13,"1","Usp15"
3.59027451523173e-22,0.805770072016477,0.158,0.231,7.51480358783153e-18,"1","1110038F14Rik"
6.23743880859198e-21,0.804905916927038,0.072,0.11,1.30555831702639e-16,"1","Pi4k2a"
1.12574196517937e-28,0.803509579560329,0.063,0.104,2.35629050731694e-24,"1","Tmem67"
9.43685288298305e-24,0.801627231435655,0.121,0.181,1.97522767693718e-19,"1","Map3k2"
3.06035376995302e-19,0.800940561052561,0.149,0.215,6.40562647588867e-15,"1","Setd5"
3.11623802010837e-13,0.800784735451534,0.177,0.244,6.52259779988883e-09,"1","Phactr1"
6.68270103228837e-32,0.800467830800769,0.093,0.149,1.39875615306828e-27,"1","Gle1"
2.63588385670035e-20,0.79922042263273,0.122,0.178,5.51716850045949e-16,"1","Cdc40"
2.56762665940796e-23,0.798296403752524,0.083,0.127,5.37429936080681e-19,"1","Fam135a"
2.14523430232421e-19,0.797729780073544,0.119,0.171,4.49018991819481e-15,"1","Zfp869"
2.10225426895235e-07,0.79592827197932,0.102,0.126,0.00440022841034416,"1","Gngt2"
1.93206219096541e-15,0.794005757921226,0.174,0.244,4.04399937190969e-11,"1","Safb"
7.02059365563505e-23,0.793729044862512,0.083,0.127,1.46948045806097e-18,"1","Miga1"
9.30024342901672e-29,0.793696188974404,0.119,0.184,1.94663395212749e-24,"1","Rexo1"
1.23177011435389e-61,0.79228908647294,0.57,0.656,2.57821802635414e-57,"1","Mpp4"
1.8442832914819e-22,0.792102488586284,0.12,0.175,3.86026935740076e-18,"1","Rnf113a2"
8.06786549967017e-25,0.791929218430454,0.085,0.132,1.68868492773596e-20,"1","Atp8a1"
6.42370284577518e-26,0.790559984154595,0.134,0.202,1.3445452426492e-21,"1","Mia2"
5.01522525863762e-20,0.790205176808971,0.073,0.111,1.04973679888544e-15,"1","Qars"
6.72263314123392e-14,0.790020290802721,0.178,0.246,1.40711434279167e-09,"1","Rock1"
3.29514058355009e-36,0.789622740285603,0.077,0.13,6.8970587554287e-32,"1","Srp54a"
1.83985856275035e-18,0.787866262482421,0.141,0.202,3.85100795769276e-14,"1","Zc3h14"
1.75425330719523e-23,0.78616876096748,0.187,0.276,3.67182759729034e-19,"1","Upf2"
2.03545827101411e-25,0.785853657280546,0.13,0.196,4.26041770705963e-21,"1","Zcchc8"
1.39115296468143e-23,0.785817975797175,0.137,0.201,2.9118222703747e-19,"1","Gpsm1"
1.09468977910687e-29,0.785119339499323,0.118,0.182,2.29129517664859e-25,"1","Psmd9"
2.04436558946171e-31,0.783032309610443,0.072,0.12,4.2790616153023e-27,"1","Gcn1"
1.12936281342081e-18,0.781835018870972,0.137,0.196,2.36386930477111e-14,"1","Prr14"
5.90794280554573e-32,0.78091641749333,0.113,0.178,1.23659150862878e-27,"1","Prmt7"
7.11790546649157e-37,0.780902835093974,0.14,0.221,1.48984879319135e-32,"1","Ric1"
2.56020588035846e-29,0.780099974852837,0.109,0.17,5.35876692817829e-25,"1","Acaca"
5.32234207023496e-27,0.778539208792921,0.118,0.18,1.11401941872088e-22,"1","Klhl24"
1.38948223801418e-27,0.778155288100511,0.138,0.208,2.90832527238747e-23,"1","Ptbp2"
3.84715570566725e-27,0.777491943085081,0.06,0.1,8.05248160753212e-23,"1","Rfx7"
6.89479018769712e-21,0.776818878979728,0.09,0.134,1.44314853418688e-16,"1","Katnbl1"
1.3865333032579e-25,0.776800106330456,0.068,0.109,2.90215285704911e-21,"1","Zc3h3"
1.15797059118376e-27,0.776662633486485,0.1,0.155,2.42374824440673e-23,"1","Fndc3a"
5.5532202501755e-13,0.776452892805853,0.198,0.274,1.16234453056423e-08,"1","Unc80"
1.52528369022867e-25,0.775839447700091,0.123,0.184,3.19257129201764e-21,"1","Tmem60"
4.03079064953113e-38,0.775369905031961,0.06,0.107,8.43684790853361e-34,"1","Sarm1"
1.4167210880321e-32,0.775145503295967,0.067,0.113,2.96533890935998e-28,"1","Plekha7"
1.69583201518467e-15,0.774756296615181,0.069,0.101,3.54954599098303e-11,"1","Cebpg"
1.43697197819706e-26,0.774135207203528,0.064,0.104,3.00772604756428e-22,"1","Mfn1"
3.22346500621297e-27,0.774113991995586,0.074,0.119,6.74703460450436e-23,"1","Gigyf1"
7.30851787754703e-27,0.773890567062877,0.087,0.138,1.52974587694937e-22,"1","Sirt1"
1.24899508770024e-25,0.773644740553016,0.066,0.106,2.61427161806537e-21,"1","Nras"
4.97553539118418e-17,0.772357784296243,0.182,0.259,1.04142931272876e-12,"1","Azi2"
1.24506035108904e-19,0.772215818958772,0.087,0.127,2.60603582086446e-15,"1","Znhit6"
1.21687972089691e-25,0.771704353133543,0.104,0.16,2.54705094380933e-21,"1","Zbtb6"
2.97956067138543e-29,0.771668645702039,0.061,0.103,6.23651844127684e-25,"1","Pofut1"
3.82591211102959e-33,0.771613817867759,0.086,0.136,8.00801663959604e-29,"1","Mettl26"
7.04262311162618e-38,0.771539639323183,0.068,0.118,1.47409144349447e-33,"1","Ube4bos1"
2.46529305859416e-21,0.77146568423532,0.188,0.273,5.16010490094343e-17,"1","Xrn2"
2.33595871901242e-32,0.770552887304472,0.062,0.105,4.88939519476489e-28,"1","Nudt5"
4.50983289622383e-27,0.770421628964084,0.1,0.153,9.4395312350861e-23,"1","Wdr27"
5.30619078194866e-30,0.770148905941304,0.063,0.106,1.11063879256967e-25,"1","Tmem168"
1.99798178445352e-26,0.769933231422987,0.077,0.122,4.18197567303967e-22,"1","Nup88"
5.54922603905843e-22,0.769834523692865,0.08,0.122,1.16150850223532e-17,"1","Cep295"
1.07194312433836e-31,0.769727160141849,0.147,0.228,2.24368415355261e-27,"1","Yme1l1"
4.50773048024269e-14,0.76864192773294,0.182,0.253,9.43513066819596e-10,"1","Emsy"
2.43920660428654e-26,0.767222103735294,0.065,0.106,5.10550334343216e-22,"1","Fam160a2"
1.490327433602e-13,0.765470200641546,0.082,0.115,3.11940435127235e-09,"1","Limch1"
1.84110546173635e-31,0.765064354827103,0.095,0.152,3.85361784196035e-27,"1","Trappc8"
7.20553766977336e-25,0.764867553733091,0.068,0.109,1.50819108966026e-20,"1","Gzf1"
3.1839430249684e-28,0.7646923902084,0.113,0.174,6.66431114556135e-24,"1","Pwwp2a"
8.68445103610081e-17,0.76383165649175,0.21,0.3,1.81774244636626e-12,"1","Nae1"
2.07361411397387e-26,0.763075051776649,0.12,0.181,4.34028170195871e-22,"1","Akap1"
2.23126728465446e-22,0.761849183765566,0.123,0.181,4.67026555351025e-18,"1","Senp7"
2.46955223973404e-34,0.761714798677456,0.067,0.114,5.16901979298733e-30,"1","Tatdn1"
8.17939075062778e-27,0.760183131197904,0.069,0.108,1.7120282780139e-22,"1","Cdkl3"
3.06292757634735e-31,0.759517907071208,0.091,0.146,6.41101371005265e-27,"1","Tmtc3"
2.82747533722796e-37,0.759207855788127,0.116,0.187,5.91818862835184e-33,"1","Naxd"
1.14513596154911e-24,0.756929113533973,0.169,0.251,2.39688408111845e-20,"1","Rsbn1"
3.45730776912667e-14,0.756635764374551,0.168,0.231,7.23649089155903e-10,"1","Hirip3"
4.83190137152455e-24,0.756121860736592,0.066,0.104,1.0113652760738e-19,"1","Abraxas2"
2.43039976026869e-25,0.755741990900895,0.123,0.186,5.08706973821839e-21,"1","Fam222a"
1.26065999154956e-24,0.755350406707701,0.138,0.205,2.63868742831238e-20,"1","Zfp131"
3.45516593389973e-32,0.754952736278362,0.104,0.166,7.23200781624551e-28,"1","Synpo2"
7.95724023143058e-23,0.75391889701826,0.109,0.162,1.66552995284073e-18,"1","Map2k7"
8.78740270254534e-40,0.753775783353772,0.056,0.101,1.83929125966977e-35,"1","Cxxc1"
7.16244548626671e-33,0.753569909143428,0.087,0.141,1.49917146473049e-28,"1","Hexdc"
1.43203418677235e-06,0.753014087854478,0.241,0.321,0.0299739075633321,"1","Aff1"
6.96998547991986e-25,0.749991469348469,0.188,0.28,1.45888766080203e-20,"1","Trpc1"
2.87694546233103e-32,0.749474425680749,0.098,0.156,6.02173454720507e-28,"1","Usp14"
8.79405743380088e-28,0.749391531995309,0.106,0.162,1.84068416146886e-23,"1","Pdcd10"
4.06336831525491e-30,0.748762146478267,0.099,0.156,8.50503622066004e-26,"1","Btaf1"
4.67271712367331e-35,0.748692469500491,0.066,0.114,9.7804642115606e-31,"1","Mterf3"
1.72062548435585e-06,0.748015433855133,0.263,0.355,0.0360144120130522,"1","Brd8"
8.12548755720028e-09,0.747277286569902,0.167,0.214,0.000170074580059759,"1","Tcf4"
7.32214402615029e-31,0.745969502338673,0.137,0.212,1.53259796611352e-26,"1","Ralgapa1"
8.32253581530205e-25,0.745774131349624,0.138,0.206,1.74198997150087e-20,"1","Ccn4"
1.26996343169702e-26,0.745224594632825,0.086,0.136,2.65816045888503e-22,"1","Faf1"
6.51971884968727e-35,0.742261214664378,0.07,0.118,1.36464235242804e-30,"1","2700062C07Rik"
1.82712130990066e-33,0.741010816755415,0.085,0.139,3.82434761375307e-29,"1","Yes1"
1.79589807484724e-24,0.739201970728657,0.16,0.238,3.75899426046276e-20,"1","Ago2"
3.28687547253165e-29,0.738806322861347,0.126,0.193,6.879759051556e-25,"1","Cdc42ep3"
4.44528429722952e-42,0.738009660877817,0.066,0.118,9.3044245625311e-38,"1","Pxk"
5.09820022175227e-30,0.737680669111895,0.079,0.128,1.06710428841497e-25,"1","Ap5m1"
2.48747266218484e-31,0.737583737755556,0.081,0.132,5.20652902921908e-27,"1","Tmem161b"
8.37741516266447e-17,0.73689616992044,0.171,0.241,1.7534767676973e-12,"1","Rasa2"
6.61608550066446e-30,0.736153456313738,0.072,0.119,1.38481285614408e-25,"1","Crbn"
1.29120974487589e-24,0.735999935892371,0.194,0.289,2.70263111699972e-20,"1","Cfap97"
3.89737476180651e-23,0.735761428048326,0.185,0.271,8.15759511393722e-19,"1","Ing4"
1.93766394737133e-36,0.735633749531372,0.071,0.122,4.05572440824292e-32,"1","Enkd1"
9.2793690667862e-36,0.733923437435425,0.109,0.175,1.94226473936902e-31,"1","Ankra2"
2.99747621679021e-36,0.732953139385854,0.061,0.106,6.27401746936359e-32,"1","Ppp6r2"
2.18350712597525e-21,0.732809017618623,0.065,0.102,4.5702987653788e-17,"1","Fam78b"
3.70646989689677e-25,0.732118194569743,0.079,0.123,7.75801214119464e-21,"1","Cdc23"
1.5409311147554e-29,0.730930141551796,0.089,0.141,3.22532291629452e-25,"1","Arhgef2"
4.14630608374413e-35,0.729793153956343,0.081,0.134,8.67863326388483e-31,"1","Dguok"
2.83197640105482e-11,0.72884911562776,0.211,0.289,5.92760980504784e-07,"1","Csnk1g1"
1.46225323199718e-33,0.72775077017359,0.06,0.103,3.06064223989329e-29,"1","Phf21b"
1.21664839322429e-33,0.726613479512189,0.094,0.152,2.54656675185776e-29,"1","Cop1"
4.80456174028655e-33,0.726329854769405,0.497,0.594,1.00564281785938e-28,"1","Wdr17"
1.092634559216e-23,0.724506543993531,0.068,0.107,2.286993395895e-19,"1","Dcun1d3"
3.29675243038015e-25,0.724488377890274,0.205,0.306,6.90043251202869e-21,"1","Gripap1"
1.30483254749137e-30,0.724364536067172,0.062,0.104,2.73114500515418e-26,"1","Pogz"
1.30248421299537e-21,0.72389144044898,0.069,0.106,2.7262297062206e-17,"1","Pttg1ip"
2.36608558430888e-25,0.72360736016861,0.137,0.205,4.95245373651691e-21,"1","Ccdc174"
3.9842579498419e-29,0.721695048788477,0.077,0.124,8.33945031481408e-25,"1","Zfp738"
3.73624608913309e-30,0.720536446447702,0.063,0.105,7.82033668916447e-26,"1","Osbpl6"
4.0567537707937e-32,0.720343067467577,0.091,0.147,8.4911913176483e-28,"1","Tsc22d2"
5.52299419412294e-20,0.720239566032888,0.167,0.241,1.15601791477187e-15,"1","Cnot6l"
1.02863153231523e-32,0.719361003991196,0.126,0.196,2.153028660289e-28,"1","Bub3"
2.05058622877246e-34,0.719248366339983,0.059,0.103,4.29208203544364e-30,"1","Als2"
7.46850234163045e-41,0.71790672586194,0.088,0.149,1.56323222512667e-36,"1","Hint3"
2.75836151195358e-30,0.717796288220985,0.101,0.157,5.77352648067004e-26,"1","Tmx4"
8.92199439285002e-31,0.717310766931871,0.069,0.112,1.86746264636744e-26,"1","Ppm1g"
3.11302017926513e-30,0.716934828867951,0.092,0.143,6.51586253721984e-26,"1","Cbx5"
1.91319850567699e-29,0.716078423851419,0.062,0.103,4.0045157922325e-25,"1","Sugp1"
1.58775341028964e-28,0.715520075390005,0.095,0.148,3.32332666307725e-24,"1","Scaf8"
2.78444844998695e-33,0.71541513325676,0.126,0.199,5.82812905066768e-29,"1","Smad4"
3.683324112104e-32,0.715084767312604,0.117,0.183,7.70956569904489e-28,"1","Farsa"
1.36909448596097e-33,0.714889153513172,0.06,0.105,2.8656516685649e-29,"1","Nek4"
8.29610592609648e-38,0.714716963675385,0.096,0.158,1.73645793139125e-33,"1","Cyld"
2.20824170191749e-14,0.713826363765749,0.197,0.275,4.6220707062835e-10,"1","Cep350"
1.27382546594138e-21,0.713404830085578,0.147,0.214,2.6662440827619e-17,"1","Akap8"
5.62156194112159e-18,0.713101049960057,0.216,0.311,1.17664912989616e-13,"1","Ubap2l"
1.21066806314755e-30,0.710839019438484,0.1,0.157,2.53404932297414e-26,"1","Rere"
1.56476701689953e-22,0.710759355340923,0.158,0.232,3.2752138430724e-18,"1","Fmr1"
1.85873537942022e-19,0.710716390767269,0.128,0.184,3.89051902266446e-15,"1","Zfp386"
2.03383707773901e-29,0.710251191348674,0.14,0.214,4.25702438741551e-25,"1","Rbm6"
1.13408490503785e-36,0.709857340113801,0.099,0.161,2.37375311473473e-32,"1","Mplkip"
1.10738529495696e-26,0.709385285226921,0.137,0.206,2.31786816087441e-22,"1","Camta2"
7.56890216803066e-07,0.709304716397585,0.261,0.352,0.015842469127905,"1","Rapgef5"
1.55027848364157e-34,0.709139295296377,0.097,0.157,3.24488789411017e-30,"1","Rad17"
5.16342437569182e-36,0.708728831425161,0.063,0.11,1.08075635607606e-31,"1","9230114K14Rik"
3.26934886470232e-23,0.708211409077293,0.166,0.244,6.84307410870843e-19,"1","Poldip3"
1.13688398924339e-08,0.707468319924459,0.269,0.37,0.000237961187788533,"1","Srsf10"
7.54198350287307e-24,0.706759273264357,0.07,0.109,1.57861256698636e-19,"1","Nsmce3"
6.40402838805828e-36,0.706281596146524,0.093,0.153,1.34042718190448e-31,"1","Ipo8"
1.83763496590738e-24,0.705967577817205,0.103,0.156,3.84635374714074e-20,"1","Myo10"
9.3549469410664e-44,0.705688014587853,0.124,0.204,1.95808394423461e-39,"1","Hltf"
2.97296342214103e-26,0.705270137078949,0.096,0.149,6.22270973888339e-22,"1","Zfp318"
1.40631765965773e-31,0.705217741450259,0.088,0.142,2.94356349342959e-27,"1","Crb2"
1.18906337156367e-24,0.703592409057398,0.216,0.322,2.48882854301991e-20,"1","A530058N18Rik"
4.58245535065839e-36,0.702457135448861,0.068,0.117,9.59153729446307e-32,"1","Arnt"
4.48291880578697e-32,0.701925462260037,0.062,0.106,9.38319735239271e-28,"1","Fam172a"
2.36265229082332e-27,0.70158929260492,0.143,0.216,4.94526750992229e-23,"1","Ppp4r3a"
1.63433321856201e-20,0.701560590106449,0.145,0.21,3.42082285977215e-16,"1","Rev3l"
5.50422425144573e-22,0.701284827248805,0.212,0.307,1.15208917807011e-17,"1","Nisch"
3.09988091504989e-34,0.700630179521463,0.133,0.209,6.48836074329093e-30,"1","Rbmx"
9.31163068328054e-09,0.69985737376045,0.255,0.35,0.000194901741831745,"1","Lca5"
7.47695852188587e-29,0.69979444384329,0.078,0.126,1.56500218821593e-24,"1","Psme4"
3.38514446211394e-19,0.699695682092403,0.209,0.3,7.08544587365069e-15,"1","Osbpl8"
1.95159190689769e-09,0.699046657709986,0.23,0.312,4.08487702032756e-05,"1","Armc1"
2.25282827645874e-32,0.698717631999971,0.105,0.167,4.7153948654558e-28,"1","Dstyk"
1.09466170339473e-14,0.698265547478646,0.254,0.363,2.2912364113755e-10,"1","Dixdc1"
2.02556574705218e-22,0.698241595457286,0.07,0.108,4.23971166515491e-18,"1","Med21"
3.42295170957738e-28,0.697441102547311,0.191,0.289,7.1645802233164e-24,"1","Mef2a"
6.30280839689806e-23,0.696814006311747,0.15,0.22,1.31924082555473e-18,"1","Ppp6r3"
7.3611264958912e-28,0.696406645739243,0.126,0.192,1.54075738685499e-23,"1","Stk39"
5.110230352488e-28,0.696340952534527,0.148,0.225,1.06962231507926e-23,"1","Tlk2"
3.57204016106097e-28,0.696044034057921,0.066,0.109,7.47663726111671e-24,"1","Pomt2"
1.07226771678638e-44,0.695913790662655,0.098,0.166,2.24436355800558e-40,"1","Tmem201"
2.23610984328219e-37,0.695832686354639,0.119,0.189,4.68040151297395e-33,"1","Gm50240"
4.84498631469121e-40,0.695798370365884,0.079,0.135,1.01410408552802e-35,"1","Med25"
2.84463828450119e-10,0.695772170134,0.195,0.261,5.95411239328945e-06,"1","Zc3h13"
7.27470223546921e-30,0.695211984379386,0.084,0.133,1.52266792490606e-25,"1","Impact"
4.3995308008343e-22,0.694464912327282,0.071,0.109,9.20865791922626e-18,"1","Zc3h6"
9.57439603798398e-28,0.694421752007945,0.061,0.101,2.00401683471043e-23,"1","Cep135"
1.48683239569809e-22,0.69426176078361,0.191,0.28,3.11208888743568e-18,"1","Pias1"
1.54148064774087e-32,0.694179701655061,0.133,0.207,3.22647314378641e-28,"1","Safb2"
2.45592800540367e-26,0.69370201240267,0.158,0.236,5.14050290811042e-22,"1","Ammecr1"
1.30088414923352e-28,0.693611956758932,0.12,0.184,2.72288061276068e-24,"1","Usp16"
2.34487736217006e-10,0.69352696845201,0.267,0.367,4.90806280675815e-06,"1","Rbbp6"
3.01821874413553e-34,0.693261891054814,0.099,0.161,6.31743365335008e-30,"1","Med1"
4.83555533796122e-37,0.693116074521905,0.144,0.228,1.01213008778866e-32,"1","Fto"
3.18672008621841e-27,0.692799693153264,0.084,0.132,6.67012381246376e-23,"1","Rasa1"
1.17692467553376e-35,0.692682063334844,0.072,0.123,2.46342103835972e-31,"1","E130308A19Rik"
7.03751745100892e-34,0.692446626922146,0.093,0.144,1.47302277767068e-29,"1","Fam173a"
1.16861334188516e-38,0.691632200837133,0.067,0.115,2.44602458589983e-34,"1","Myo18a"
4.22093188096783e-62,0.691627286316634,0.057,0.117,8.83483252005376e-58,"1","Faah"
1.46130936263929e-40,0.691195926397154,0.129,0.209,3.0586666269403e-36,"1","Ush2a"
1.40883746898365e-40,0.690222701695698,0.058,0.106,2.94883770632969e-36,"1","Meak7"
5.81552068264535e-34,0.689917556588293,0.072,0.122,1.2172466340845e-29,"1","Dcaf1"
3.37261650722019e-23,0.688960135212398,0.066,0.103,7.05922361126258e-19,"1","Prpsap1"
1.95126882083601e-43,0.688205357484931,0.065,0.117,4.08420076889184e-39,"1","2900076A07Rik"
4.50689304368408e-23,0.687070120098202,0.121,0.18,9.43337782973516e-19,"1","Otud4"
2.56962885249419e-22,0.686393191540755,0.191,0.277,5.3784901511556e-18,"1","Araf"
9.71583872000878e-31,0.685677773297572,0.115,0.179,2.03362220248504e-26,"1","BC034090"
3.52312153005198e-45,0.684878259995506,0.098,0.168,7.3742456745518e-41,"1","Vezt"
1.36466211504694e-30,0.684270669442283,0.188,0.287,2.85637427300476e-26,"1","Ctdspl2"
1.24309972649814e-19,0.684147423570764,0.198,0.287,2.60193203753325e-15,"1","4931406P16Rik"
1.57372398318806e-26,0.684068904043619,0.115,0.174,3.29396166921094e-22,"1","Stxbp5"
4.15681410130587e-31,0.683995233634929,0.146,0.225,8.70062759544332e-27,"1","Brd1"
1.27468423240737e-38,0.682887992940001,0.09,0.15,2.66804156685186e-34,"1","Eid2b"
4.22205491162611e-27,0.682709738301325,0.179,0.269,8.83718313552461e-23,"1","Fxr1"
1.06592867374178e-32,0.682235311100989,0.059,0.102,2.23109530700892e-28,"1","Zfp90"
9.16038718656436e-37,0.679868294843238,0.076,0.128,1.91736064201979e-32,"1","Acap2"
6.60952066967343e-35,0.679642464669003,0.116,0.185,1.38343877136935e-30,"1","Akap6"
8.47107799607504e-34,0.67933634963076,0.06,0.105,1.77308133535847e-29,"1","Nfatc3"
8.52518314215998e-31,0.679282192763898,0.074,0.121,1.78440608348551e-26,"1","Cul9"
1.49139829250587e-43,0.679111229338226,0.083,0.144,3.12164576604403e-39,"1","Lamtor3"
1.32328513015893e-35,0.679004080044816,0.089,0.145,2.76976810593566e-31,"1","Zscan29"
2.04433722302641e-29,0.678824222094353,0.071,0.116,4.27900224151658e-25,"1","Kirrel"
4.13877325421424e-37,0.678752563133587,0.145,0.227,8.66286629839582e-33,"1","Ssbp1"
3.71664884568279e-42,0.678333998909779,0.124,0.203,7.77931769889865e-38,"1","Lpcat2"
7.89546664963662e-26,0.678198335804876,0.074,0.116,1.65260012443544e-21,"1","Dcun1d5"
3.21570649968823e-40,0.678100711146306,0.065,0.114,6.73079527449743e-36,"1","4930430F08Rik"
5.63674541644768e-15,0.677549510555115,0.209,0.293,1.17982718311666e-10,"1","Ankrd17"
2.31009248540972e-29,0.677434737679955,0.062,0.103,4.83525458121109e-25,"1","Tbk1"
1.56381270840525e-154,0.677379057610536,0.689,0.743,3.27321637996303e-150,"1","Rbm39"
3.80920701543246e-32,0.677147603355995,0.062,0.106,7.97305120400169e-28,"1","Gm44196"
7.49527609371549e-08,0.676964891841912,0.278,0.379,0.00156883623917559,"1","Wnk1"
2.47145208137262e-16,0.676071460956308,0.217,0.307,5.17299635152104e-12,"1","Gcc2"
3.45301986676365e-33,0.675980204126976,0.126,0.198,7.22751588312301e-29,"1","Trps1"
2.5086768704267e-33,0.675032478773727,0.143,0.222,5.25091155749013e-29,"1","Acadvl"
1.91309594251917e-27,0.675008710376609,0.109,0.167,4.00430111728688e-23,"1","Afdn"
6.23370848722834e-46,0.674408705525217,0.059,0.11,1.30477752346176e-41,"1","Fbxw9"
3.61945383511178e-43,0.674188774753085,0.065,0.118,7.57587882227246e-39,"1","Cep85"
1.81570199168198e-32,0.67401709422332,0.074,0.123,3.80044583878955e-28,"1","Rnf216"
4.63239392248171e-48,0.673088075639831,0.095,0.166,9.69606371914647e-44,"1","Syt14"
7.91908430499667e-33,0.671700390152175,0.06,0.102,1.65754353587885e-28,"1","Dcaf10"
3.73251180149685e-36,0.670096331430596,0.098,0.16,7.81252045171306e-32,"1","Msl2"
6.77826050949913e-18,0.669749752221315,0.189,0.269,1.41875770724326e-13,"1","Epc1"
2.23715216912132e-21,0.669526957577947,0.187,0.271,4.68258320518784e-17,"1","Celf1"
6.46473635827948e-14,0.668747116014419,0.258,0.364,1.35313396715148e-09,"1","Etnk1"
8.53552225502369e-17,0.667077943831828,0.225,0.321,1.78657016319901e-12,"1","Utp3"
9.09294289167823e-36,0.666552431891191,0.065,0.112,1.90324387665717e-31,"1","Slbp"
2.8897159891244e-38,0.666496796232152,0.094,0.156,6.04846453683628e-34,"1","Zfp770"
4.75219961754749e-39,0.666361268527965,0.073,0.127,9.94682901948865e-35,"1","Plekha6"
1.71095466917013e-43,0.666093916741438,0.145,0.236,3.58119921804001e-39,"1","Nfasc"
7.32094511826317e-37,0.665393883718758,0.104,0.169,1.53234702270366e-32,"1","Amph"
1.1159863705241e-19,0.664515775765277,0.183,0.264,2.33587107214399e-15,"1","Brwd1"
2.27767262868906e-41,0.664253912471842,0.128,0.208,4.76739657910908e-37,"1","Med31"
1.40702712923029e-07,0.663050066387451,0.411,0.485,0.00294504848419191,"1","Kmt2a"
5.27114399362217e-34,0.662614675830821,0.16,0.248,1.10330314930506e-29,"1","Hadhb"
8.6781121028946e-35,0.662429615311783,0.065,0.11,1.81641564425687e-30,"1","Shld1"
8.3088878499363e-44,0.661806982283942,0.064,0.116,1.73913331587017e-39,"1","Klhl28"
2.11046882411441e-38,0.661804778845374,0.09,0.15,4.41742229575387e-34,"1","Mlh3"
1.14296475048695e-39,0.66169121763969,0.065,0.115,2.39233951924424e-35,"1","Fam120b"
3.23396955660797e-36,0.660662376620724,0.091,0.149,6.76902167893614e-32,"1","Morc3"
6.35594590275967e-21,0.659807826398761,0.146,0.197,1.33036303690663e-16,"1","Jun"
1.81427518898383e-15,0.65873999562485,0.288,0.419,3.79745939806205e-11,"1","Uckl1"
1.27166100542232e-43,0.658218718676855,0.125,0.207,2.66171365044945e-39,"1","Ttc5"
2.02308316521344e-45,0.658109045512502,0.054,0.102,4.23451537310825e-41,"1","Ltn1"
5.14330915903625e-18,0.658086487293841,0.132,0.183,1.07654604007788e-13,"1","Ank3"
1.86195309033433e-47,0.657846157142371,0.106,0.181,3.89725401337878e-43,"1","Psmg2"
7.32136297561942e-07,0.657421044799251,0.297,0.402,0.015324344844269,"1","Ppm1n"
1.44001724335461e-31,0.657143346311167,0.088,0.141,3.01410009206553e-27,"1","Mcl1"
1.9587167367855e-25,0.657040831310528,0.068,0.108,4.09979000176573e-21,"1","2610044O15Rik8"
3.43632188962481e-10,0.656634149390478,0.243,0.332,7.19256534717369e-06,"1","Ccar1"
2.8447086834444e-10,0.656261670618033,0.27,0.376,5.95425974531748e-06,"1","Zfp638"
2.22648152889508e-19,0.655824927537152,0.232,0.336,4.6602484881303e-15,"1","Dcaf8"
3.95223759466505e-51,0.655820993826991,0.09,0.159,8.27242850939341e-47,"1","Prpf18"
1.62673775721115e-19,0.655786746981065,0.196,0.28,3.40492479961865e-15,"1","Phip"
7.38831567008119e-30,0.65451842145609,0.059,0.1,1.54644835290469e-25,"1","Gpatch2l"
2.48104029202853e-40,0.654439299219669,0.1,0.166,5.19306543524492e-36,"1","Mtf2"
9.30414734862745e-34,0.653587562905216,0.087,0.14,1.94745108154121e-29,"1","Mtss1"
2.38221395506143e-43,0.653505920901495,0.099,0.167,4.98621202933908e-39,"1","Cluap1"
5.76802690642013e-40,0.65211212932354,0.121,0.197,1.2073057117828e-35,"1","Dot1l"
1.39679923030606e-41,0.651070824585586,0.11,0.182,2.92364046895361e-37,"1","Exoc5"
1.01925457729513e-36,0.651062488035951,0.079,0.133,2.13340175573644e-32,"1","Nom1"
2.5925895437087e-39,0.650899832453909,0.073,0.125,5.42654917393669e-35,"1","Kmt5c"
2.09147571023499e-45,0.650292977552503,0.121,0.201,4.37766780909285e-41,"1","Vps13b"
4.16986524693222e-30,0.649492348644326,0.103,0.161,8.72794494835383e-26,"1","Bcat1"
1.24826528764311e-31,0.649393552062639,0.078,0.128,2.6127440735658e-27,"1","Gxylt1"
4.97793304935048e-21,0.649134763288972,0.199,0.289,1.04193116655955e-16,"1","Tbc1d24"
4.91500168425315e-45,0.648635945248478,0.088,0.153,1.02875900253103e-40,"1","Dip2b"
3.46281461441831e-29,0.646654892900987,0.197,0.298,7.24801726943896e-25,"1","Ift81"
8.03015903920028e-39,0.646124474237325,0.076,0.131,1.68079258849501e-34,"1","Wipi2"
3.48568925945683e-33,0.645412454734267,0.06,0.103,7.29589618896909e-29,"1","Itprid2"
4.79472465196341e-36,0.645374207703455,0.061,0.107,1.00358381690246e-31,"1","Dennd1b"
6.5501071029217e-46,0.645158278921467,0.064,0.117,1.37100291771254e-41,"1","Capn15"
4.02601557000755e-36,0.644309918538855,0.071,0.121,8.4268531895828e-32,"1","Lmbr1l"
2.00034670825169e-35,0.643480092119395,0.147,0.231,4.18692569504162e-31,"1","Zmym4"
6.08042731455893e-23,0.643473794675772,0.194,0.285,1.27269424121033e-18,"1","March7"
1.55990309323402e-30,0.642954041715745,0.13,0.2,3.26503316444813e-26,"1","Chd1"
5.79875004022074e-29,0.64294644489346,0.166,0.25,1.2137363709186e-24,"1","Zdhhc6"
3.21254762585885e-42,0.642908829888044,0.1,0.167,6.72418343568516e-38,"1","Tnpo3"
4.17700894080005e-40,0.642555720346119,0.141,0.227,8.74289741398859e-36,"1","Ubr2"
9.21792231266101e-43,0.64249864001883,0.159,0.254,1.92940331926308e-38,"1","Usp19"
1.24769443931593e-29,0.641301350861515,0.08,0.128,2.61154923093217e-25,"1","Fermt2"
1.2849210788462e-41,0.641213628286147,0.076,0.133,2.68946831013298e-37,"1","Nipa2"
3.02931895124105e-16,0.641103478161911,0.235,0.334,6.34066749684265e-12,"1","Epb41l5"
2.83631065050278e-40,0.64107346351534,0.094,0.157,5.93668182256738e-36,"1","Dennd4a"
8.53296838539398e-58,0.64071799066909,0.066,0.128,1.78603561274681e-53,"1","Camkk2"
3.30105700895755e-35,0.640260853133532,0.059,0.104,6.90944242544904e-31,"1","Zfp518a"
6.94596779873591e-37,0.639633253527954,0.139,0.22,1.45386051995341e-32,"1","Naa15"
2.260900576907e-35,0.639473230002027,0.115,0.183,4.73229099752404e-31,"1","Pnpla8"
3.96012734080926e-30,0.63708442432812,0.063,0.105,8.28894253704787e-26,"1","Ptk2"
1.71326537855635e-35,0.636225403999887,0.073,0.124,3.58603576385629e-31,"1","Pikfyve"
2.05209489455163e-64,0.63620801488825,0.598,0.672,4.29523982378601e-60,"1","Casz1"
2.24945832097153e-45,0.634220088274615,0.094,0.16,4.70834121162551e-41,"1","Ccnh"
1.62139332068422e-39,0.634125661739422,0.085,0.144,3.39373835952413e-35,"1","Spty2d1"
3.20028495199741e-28,0.634077606829307,0.138,0.208,6.69851643302578e-24,"1","Snta1"
4.49880673118275e-47,0.63356263063195,0.059,0.11,9.41645236903861e-43,"1","Rpgrip1l"
5.09069474551242e-38,0.631709814224503,0.138,0.22,1.0655333171832e-33,"1","Smg6"
1.2393392773729e-48,0.631158710453107,0.137,0.228,2.59406104146922e-44,"1","Cdc42bpa"
2.59129746738409e-43,0.630358360515544,0.057,0.105,5.42384472898163e-39,"1","Galnt4"
2.86928671267877e-45,0.630004590954838,0.099,0.169,6.00570401830793e-41,"1","Mllt3"
1.90853480840165e-09,0.6297017640586,0.281,0.391,3.9947542074655e-05,"1","Dpf3"
3.61775758936437e-26,0.629592321269301,0.094,0.145,7.57232841029857e-22,"1","Fam122a"
2.90171008036752e-40,0.629290430996824,0.063,0.113,6.07356936921726e-36,"1","Igip"
2.92181041672191e-44,0.62925386313747,0.087,0.148,6.11564138324063e-40,"1","Ring1"
1.02144530783213e-43,0.629237889090314,0.079,0.138,2.13798717382342e-39,"1","Cdip1"
7.59520649386204e-39,0.629126755390255,0.11,0.179,1.58975267123026e-34,"1","Timm9"
8.47721560699779e-25,0.628342830371237,0.193,0.284,1.77436599870071e-20,"1","Plxna2"
3.91478305928648e-31,0.627760204282993,0.08,0.131,8.19403242139254e-27,"1","Zfp81"
2.29259660339842e-44,0.62766215911958,0.135,0.221,4.79863395057323e-40,"1","Slc44a1"
2.24138982426299e-45,0.626832713223281,0.07,0.127,4.69145304116486e-41,"1","Alms1"
3.58555052414131e-41,0.626471847262397,0.127,0.207,7.50491580208019e-37,"1","Taf1"
6.9419703458599e-16,0.626350661598853,0.258,0.365,1.45302381309194e-11,"1","Pabpn1"
0,0.626298425753242,0.9,0.912,0,"1","Ddx5"
1.76664649166718e-36,0.626212389314989,0.057,0.102,3.69776777170858e-32,"1","Pyroxd1"
6.44691694129514e-22,0.62543555236837,0.226,0.331,1.34940418498249e-17,"1","Cdk11b"
5.18784344253858e-35,0.624775877340124,0.11,0.175,1.08586751095775e-30,"1","Ecpas"
2.91870865824101e-09,0.624445415461557,0.261,0.357,6.10914909256425e-05,"1","Ranbp2"
1.86044228464351e-47,0.624312192822935,0.089,0.155,3.89409174598733e-43,"1","Mark2"
4.39566180430848e-48,0.623934196823569,0.094,0.164,9.20055972259809e-44,"1","Trappc10"
2.70251347432249e-51,0.622855951331465,0.143,0.24,5.6566309531044e-47,"1","Bace1"
1.27718925734509e-41,0.622379898350813,0.087,0.148,2.67328483454901e-37,"1","Pptc7"
5.25227882512941e-30,0.621787586639271,0.059,0.1,1.09935448088784e-25,"1","Zfp532"
1.38812726037703e-40,0.621771907482466,0.076,0.131,2.90548916869515e-36,"1","Larp1"
3.72608360878551e-46,0.621664849654694,0.119,0.199,7.79906560154895e-42,"1","Rad23b"
1.46588296333745e-34,0.621575701428931,0.145,0.226,3.06823963056162e-30,"1","Heg1"
4.0261670189449e-35,0.621195136552566,0.097,0.154,8.42717018735356e-31,"1","Dst"
5.52510917413561e-43,0.620716634354646,0.106,0.178,1.15646060123832e-38,"1","Kansl3"
7.73738193469264e-33,0.62016219289718,0.142,0.22,1.61951141275052e-28,"1","Smg1"
9.2651198255027e-39,0.620127356183835,0.078,0.131,1.93928223067597e-34,"1","Rab24"
1.21924650855294e-32,0.619918646469337,0.084,0.137,2.55200486705217e-28,"1","Ice1"
8.53995583873744e-34,0.618672439360738,0.205,0.314,1.78749815660613e-29,"1","Timm44"
7.89651402321199e-37,0.618657799160429,0.069,0.119,1.6528193501985e-32,"1","Zbtb43"
3.47261250229645e-33,0.61840066060914,0.077,0.128,7.26852522855671e-29,"1","Eea1"
2.22183796901339e-42,0.618255078327028,0.159,0.255,4.65052905294192e-38,"1","Gon4l"
6.17426306275529e-44,0.618033143757462,0.058,0.107,1.29233500166531e-39,"1","Lsg1"
2.33713594816667e-36,0.617857991477545,0.061,0.106,4.89185925310765e-32,"1","Wsb1"
3.76355379174473e-42,0.616384464906911,0.101,0.169,7.8774944415009e-38,"1","Cep57"
7.49729441728409e-31,0.615618691963847,0.07,0.116,1.56925869448173e-26,"1","Zfp1"
1.6811100553873e-20,0.615400450000869,0.218,0.313,3.51873145693116e-16,"1","Bod1l"
3.66010308504916e-39,0.615148043066949,0.056,0.102,7.6609617673164e-35,"1","Nelfa"
1.46930565524955e-38,0.615137596399721,0.149,0.237,3.07540366700284e-34,"1","Zmym2"
2.89322942441541e-34,0.615029797990185,0.185,0.285,6.0558185082439e-30,"1","Cnot1"
3.34582459208479e-45,0.614636264886904,0.101,0.172,7.00314545369268e-41,"1","Map3k4"
1.16481981177904e-45,0.614635290986796,0.129,0.213,2.4380843480347e-41,"1","Naa35"
5.81251019120259e-19,0.614331594489666,0.245,0.355,1.21661650812061e-14,"1","Wdr47"
7.87150082902377e-51,0.614113989423642,0.091,0.161,1.64758383852297e-46,"1","Prpf6"
1.60757241678936e-35,0.613913784962709,0.139,0.219,3.36480982558181e-31,"1","Strn3"
8.03999094029523e-21,0.613853443699793,0.25,0.368,1.68285050371319e-16,"1","Ilf2"
5.03470699776901e-48,0.613755283114958,0.094,0.163,1.05381452170303e-43,"1","Rassf8"
6.6792072300027e-58,0.613737094726018,0.108,0.191,1.39802486531187e-53,"1","Whrn"
1.13230312109073e-10,0.613222978331517,0.267,0.369,2.370023662755e-06,"1","Trim2"
3.81963694907161e-43,0.612575285993658,0.139,0.226,7.99488209810179e-39,"1","Kdm5a"
2.78808597068013e-36,0.612544577756542,0.089,0.147,5.83574274523059e-32,"1","Znrf1"
5.91883790889438e-43,0.61226296119008,0.08,0.138,1.23887196271068e-38,"1","Lrrc1"
1.36352779233178e-22,0.612246833123048,0.128,0.187,2.85400002212964e-18,"1","Ddx3y"
4.57838440167197e-36,0.612070387148173,0.161,0.251,9.5830163911396e-32,"1","Tmem138"
2.83393415917046e-38,0.612040090876981,0.07,0.121,5.93170758855969e-34,"1","Zfp639"
1.44841219246921e-43,0.612025945944269,0.092,0.156,3.0316715600573e-39,"1","Flcn"
9.86829491012825e-29,0.611986029102467,0.192,0.29,2.06553280763894e-24,"1","Cep250"
2.38526297107826e-49,0.610965531354754,0.129,0.216,4.9925939247639e-45,"1","Slc38a2"
1.81602491688375e-29,0.610719765756426,0.135,0.206,3.80112175352938e-25,"1","Nop56"
1.23658466549654e-45,0.609975106579076,0.131,0.216,2.58829536335081e-41,"1","Maco1"
4.38051799662203e-29,0.609553187745725,0.532,0.617,9.16886221872957e-25,"1","Cep290"
2.51343958369226e-38,0.609517476881942,0.16,0.253,5.26088039262628e-34,"1","Kdm3b"
4.33378694626177e-57,0.609476517213989,0.113,0.196,9.07104945722051e-53,"1","A930001M01Rik"
4.22555528305904e-35,0.608387593237521,0.118,0.188,8.84450976297088e-31,"1","Shprh"
3.08437784798605e-43,0.607616116776708,0.061,0.109,6.45591127361961e-39,"1","Anapc5"
1.26332153309512e-47,0.607242676079288,0.084,0.148,2.64425830092139e-43,"1","Zfp740"
6.08616148649311e-36,0.607112260729468,0.065,0.112,1.27389446073787e-31,"1","Asf1a"
7.82856052310081e-44,0.606855143032229,0.095,0.162,1.63859600309023e-39,"1","Sesn1"
2.26975782558522e-34,0.606503327740619,0.148,0.23,4.75083010473242e-30,"1","Iqsec1"
2.24696389778111e-06,0.606101818865434,0.339,0.472,0.0470312013444564,"1","Dlg4"
6.34697247601719e-36,0.604384632295348,0.064,0.111,1.32848480895516e-31,"1","Rfx3"
2.18370213952831e-42,0.603955569520513,0.065,0.117,4.57070694824671e-38,"1","Ssh2"
3.84646187735547e-47,0.603658099259732,0.058,0.109,8.05102935549273e-43,"1","Edrf1"
5.63340856754958e-44,0.603630174462935,0.054,0.101,1.1791287472738e-39,"1","Setdb1"
3.00087647094725e-33,0.603459857573739,0.167,0.256,6.28113454133969e-29,"1","Setd2"
3.52241647077098e-50,0.603437855700564,0.125,0.212,7.37276991497074e-46,"1","Btbd9"
2.18778964055604e-41,0.603089106969958,0.144,0.232,4.57926249664785e-37,"1","Atp13a3"
4.11739436272958e-36,0.60288018808142,0.156,0.243,8.61811814062929e-32,"1","Gatad2b"
4.17090242667895e-43,0.602460268217784,0.152,0.245,8.7301158692817e-39,"1","Ppp1r9a"
4.95310758125772e-45,0.602252396415028,0.064,0.116,1.03673494783305e-40,"1","Nxf1"
6.60306681891585e-14,0.602174164000654,0.269,0.377,1.38208791586728e-09,"1","Btg1"
1.44759272376141e-45,0.602115984595131,0.075,0.134,3.029956330105e-41,"1","Spast"
6.76529169346547e-20,0.601035248000564,0.281,0.411,1.41604320435926e-15,"1","Hnrnpr"
4.93471130876199e-33,0.600550285209527,0.087,0.139,1.03288442403697e-28,"1","Gm9918"
8.65468534277107e-51,0.60048849466582,0.12,0.204,1.81151218909541e-46,"1","Ddx18"
3.34117493814114e-52,0.600414942669298,0.624,0.738,6.99341326302322e-48,"1","Hnrnpu"
2.64317187092459e-62,0.599930465011698,0.066,0.131,5.53242304303226e-58,"1","Med24"
1.56155486564083e-38,0.599825827877723,0.149,0.236,3.26849048927283e-34,"1","Dicer1"
1.37852904407056e-46,0.599686845213932,0.052,0.1,2.8853991421441e-42,"1","Ints10"
2.48199367528488e-35,0.599644025804938,0.072,0.122,5.19506096173878e-31,"1","Fmn1"
8.19854520447248e-39,0.599390814678554,0.059,0.107,1.71603749674813e-34,"1","Chm"
9.34043089119388e-41,0.599063744715119,0.15,0.241,1.95504558983579e-36,"1","Fnip1"
3.7777658333451e-39,0.598482385906279,0.067,0.118,7.90724166577464e-35,"1","Prpf4"
1.56040235979521e-45,0.598176805329492,0.069,0.124,3.26607817928736e-41,"1","Clip4"
4.35693009047254e-35,0.598073442844351,0.19,0.294,9.11949037236808e-31,"1","Slc25a25"
8.37686525903016e-25,0.597840976431771,0.199,0.293,1.7533616673676e-20,"1","Mga"
7.02595989822248e-27,0.597065299821239,0.185,0.276,1.47060366629695e-22,"1","Ep300"
1.3116276923594e-45,0.59677807986314,0.156,0.255,2.74536792287745e-41,"1","Dnm1l"
1.93870014201088e-40,0.596482427578518,0.062,0.111,4.05789326724297e-36,"1","Zfp655"
4.39472466903986e-52,0.596269125550599,0.09,0.161,9.19859820476733e-48,"1","Ryk"
2.41312060064482e-23,0.594962888910821,0.187,0.273,5.05090272920967e-19,"1","Slc26a2"
3.32542749187035e-23,0.594684772972582,0.234,0.344,6.96045228323383e-19,"1","Nsd1"
4.10398540891018e-40,0.594564882059951,0.167,0.263,8.59005185938989e-36,"1","Ivns1abp"
3.94215332374847e-47,0.594325632180719,0.079,0.138,8.25132112193791e-43,"1","Mbd6"
2.93498017480942e-39,0.59314084576478,0.08,0.136,6.14320700389359e-35,"1","Snx6"
2.54228115400716e-36,0.592425951652104,0.063,0.11,5.32124868345239e-32,"1","Ubp1"
1.33250487669682e-45,0.591917606548898,0.081,0.142,2.78906595741412e-41,"1","Hmg20a"
7.93253471904762e-14,0.591834048011249,0.241,0.331,1.66035884204386e-09,"1","Mab21l1"
0,0.591716489068759,0.969,0.951,0,"1","Rp1"
5.83221879174904e-42,0.591495422887974,0.07,0.124,1.22074171530099e-37,"1","Anapc4"
4.53266894818063e-40,0.59139704078941,0.065,0.116,9.48732937543689e-36,"1","Tbck"
3.34274256131679e-44,0.590797358539401,0.085,0.146,6.99669445509218e-40,"1","Bet1l"
4.34982110929908e-43,0.590268619261087,0.064,0.116,9.10461056387391e-39,"1","Ngly1"
1.41111800862222e-38,0.589782197695436,0.106,0.173,2.95361110384717e-34,"1","Ppm1d"
2.18933900978473e-34,0.589052504642118,0.061,0.106,4.58250548138042e-30,"1","Taf5"
7.32999464738539e-42,0.588878780711876,0.153,0.247,1.53424117964424e-37,"1","Kif3b"
1.87919079820137e-37,0.588642883330047,0.074,0.12,3.93333425971529e-33,"1","Mcts2"
1.83622205220832e-39,0.588609633546575,0.079,0.135,3.84339637747724e-35,"1","Vps4b"
7.93859180214318e-46,0.588497227174078,0.058,0.11,1.66162665010659e-41,"1","2700049A03Rik"
1.55827340326142e-54,0.588284567817771,0.075,0.14,3.26162206036648e-50,"1","Tprkb"
1.98333201985196e-45,0.587369764799376,0.063,0.116,4.15131225075215e-41,"1","Dcun1d2"
2.56791042083545e-31,0.586885331901799,0.066,0.108,5.37489330185068e-27,"1","Chn1"
1.80187515202597e-36,0.586771656916097,0.063,0.11,3.77150488070555e-32,"1","Taok2"
5.26636069445084e-53,0.585986854127447,0.082,0.149,1.10230195695551e-48,"1","Gpr107"
3.51593567388507e-46,0.585007819762366,0.056,0.107,7.35920495900883e-42,"1","Rpe"
1.10962988681624e-59,0.584728167630056,0.082,0.153,2.32256631609508e-55,"1","R3hcc1l"
2.22553072360855e-06,0.58458373563702,0.334,0.46,0.0465825835758505,"1","Ctbp2"
3.81842230435561e-31,0.583857936480256,0.161,0.246,7.99233972524673e-27,"1","Rif1"
5.35206155671646e-50,0.583682414812355,0.084,0.149,1.12024000443632e-45,"1","Ppp2r2d"
9.53570677590929e-48,0.582684052625193,0.083,0.147,1.99591878526557e-43,"1","Glt28d2"
1.76430680423038e-36,0.582310892476626,0.147,0.231,3.69287057193462e-32,"1","Bdp1"
2.86413380384264e-32,0.582217665683894,0.187,0.285,5.99491846482302e-28,"1","Herc1"
1.9955076304018e-29,0.582187086610644,0.239,0.354,4.176797021194e-25,"1","Ier3"
8.18315524597147e-32,0.582040061456279,0.182,0.277,1.71281622453429e-27,"1","Cecr2"
2.51571632895662e-51,0.579335174804699,0.118,0.203,5.26564584813911e-47,"1","Mtif2"
2.75474064080606e-37,0.57904674001719,0.069,0.118,5.76594763527116e-33,"1","Gpcpd1"
6.39488215645205e-46,0.578235326618504,0.069,0.125,1.33851278416698e-41,"1","Pdhx"
5.3666988594772e-52,0.578168088519431,0.145,0.243,1.12330373827717e-47,"1","Negr1"
2.68952962459455e-49,0.57789310004311,0.103,0.177,5.62945445723886e-45,"1","Micu3"
4.57081571282536e-47,0.577780928351997,0.059,0.11,9.56717436851477e-43,"1","Grpel2"
2.94574971292199e-23,0.577733128473148,0.268,0.398,6.16574872411701e-19,"1","Lztfl1"
6.33078806643387e-22,0.57756954330284,0.25,0.368,1.32509725018527e-17,"1","Cuedc1"
2.30159332410817e-42,0.577348540660612,0.121,0.197,4.81746498669081e-38,"1","Jmjd6"
2.28950720432708e-48,0.577255715200083,0.192,0.312,4.79216752937702e-44,"1","Ppef2"
3.80655715139164e-47,0.577216239142874,0.144,0.237,7.96750477357783e-43,"1","Atxn2"
3.78421659668951e-55,0.576733944580818,0.053,0.106,7.92074375853082e-51,"1","Grb10"
8.07595370686838e-42,0.576449173213107,0.064,0.115,1.69037787038462e-37,"1","Sp1"
1.93081301160128e-33,0.575174565083722,0.146,0.226,4.04138471458264e-29,"1","Ppp1r12a"
9.62413798392352e-66,0.574977837152023,0.074,0.142,2.01442832141503e-61,"1","Gnl3l"
1.08922957812979e-46,0.574972637824169,0.147,0.239,2.27986642998347e-42,"1","Jag1"
1.75945914340547e-43,0.573736114305469,0.063,0.114,3.68272393306199e-39,"1","Parp2"
1.49480600117045e-41,0.573565668978913,0.083,0.142,3.12877844104988e-37,"1","Dph6"
9.0506428445632e-27,0.573135387123748,0.159,0.236,1.89439005379552e-22,"1","Smc5"
6.74878778656535e-54,0.572768580536873,0.108,0.188,1.41258877160599e-49,"1","Iws1"
1.01176573102546e-10,0.5722793985196,0.289,0.401,2.11772685160939e-06,"1","Srsf11"
1.40530312283177e-46,0.57181359051591,0.126,0.208,2.94143996639917e-42,"1","Gramd2"
5.64984866343117e-52,0.570988976026757,0.126,0.214,1.18256982374278e-47,"1","Dido1"
9.14377106518566e-43,0.570878118747334,0.1,0.167,1.91388272165401e-38,"1","Zfyve28"
3.54348595604811e-43,0.570660626697635,0.123,0.201,7.41687045460429e-39,"1","Rsrc1"
5.26288139738258e-34,0.570561209183338,0.061,0.105,1.10157370528615e-29,"1","Rab5b"
9.19090802910898e-52,0.57051957984024,0.085,0.152,1.9237489595728e-47,"1","Sun1"
3.16197719207459e-49,0.570129259321576,0.116,0.197,6.61833446073132e-45,"1","Ehmt1"
4.98636973458924e-32,0.569435588980734,0.193,0.295,1.04369704914687e-27,"1","Esco1"
7.6344439342076e-57,0.568940087763169,0.118,0.207,1.59796545986899e-52,"1","Arid2"
1.10355242246388e-61,0.568823195129682,0.178,0.303,2.30984557545915e-57,"1","Cacna1f"
8.72661946761824e-47,0.568733574406157,0.056,0.106,1.82656872076717e-42,"1","Pex19"
8.06079410762092e-38,0.566886309458355,0.144,0.228,1.68720481466613e-33,"1","Arhgef12"
5.37411003581074e-33,0.56567271276668,0.138,0.214,1.12485497159555e-28,"1","Dlc1"
9.86656695983784e-45,0.564823553330499,0.068,0.122,2.06517113036366e-40,"1","Kansl2"
2.98438963663858e-16,0.564258843667758,0.28,0.401,6.24662594844822e-12,"1","Ube3a"
6.1931251596967e-38,0.563511814838034,0.056,0.1,1.29628302717612e-33,"1","Atg4b"
1.79445490781457e-44,0.561849877050724,0.101,0.171,3.75597356754668e-40,"1","Mapk1"
2.66570392975267e-37,0.561800732911403,0.58,0.687,5.57958489536532e-33,"1","Srrm2"
7.76421082677693e-53,0.561600208246594,0.088,0.157,1.62512696815268e-48,"1","Pip5k1a"
4.44208181455351e-50,0.561289998455019,0.086,0.153,9.29772144604195e-46,"1","Lars"
9.5610788373416e-43,0.560521295194362,0.096,0.162,2.00122941144397e-38,"1","Akirin1"
1.06880816886587e-39,0.560462827469573,0.186,0.293,2.23712237825315e-35,"1","Pcf11"
9.12683891244144e-45,0.560134608944936,0.065,0.118,1.91033865276312e-40,"1","Mynn"
3.43167648146005e-53,0.560079154602225,0.07,0.13,7.18284204334404e-49,"1","Bms1"
3.35670426509637e-43,0.559359386407802,0.057,0.104,7.02591769727321e-39,"1","Lage3"
8.78366671326596e-36,0.559333509623629,0.077,0.129,1.8385092797537e-31,"1","Dhdh"
6.19599546748977e-31,0.558137991785844,0.093,0.147,1.29688381130028e-26,"1","Plcb4"
2.72568436986193e-08,0.557966430646128,0.329,0.457,0.0005705129954558,"1","Usp34"
3.11102545187019e-44,0.557702376519198,0.153,0.248,6.5116873733095e-40,"1","Rc3h2"
2.95610053463649e-71,0.557539376899105,0.153,0.27,6.18741402904764e-67,"1","Psd"
4.18278492447146e-48,0.557369403534554,0.085,0.148,8.75498712541121e-44,"1","Exosc7"
4.79928541198816e-55,0.556254715572757,0.177,0.296,1.00453842958324e-50,"1","Glb1l2"
9.26291799242377e-54,0.556244526151116,0.097,0.172,1.93882136499422e-49,"1","Taf3"
5.25408908696759e-50,0.556094438776309,0.068,0.126,1.09973338679319e-45,"1","Phospho2"
1.61676309248948e-39,0.555591134165228,0.162,0.256,3.38404682888972e-35,"1","Thrb"
3.77637302837947e-38,0.555338541467431,0.184,0.285,7.90432638570108e-34,"1","Esf1"
4.06088605251373e-33,0.555270866540334,0.175,0.268,8.49984059651649e-29,"1","Zmynd11"
7.35091030547584e-41,0.555196233608184,0.143,0.227,1.53861903603915e-36,"1","Oga"
5.81070436670333e-21,0.554984348095586,0.278,0.408,1.21623853099467e-16,"1","Bin1"
4.49743922373579e-44,0.554867196174661,0.057,0.106,9.41359003920139e-40,"1","Rab2b"
2.14901239771311e-47,0.554006262146709,0.191,0.305,4.49809784965332e-43,"1","Supt16"
2.30675233879137e-41,0.553858358474256,0.059,0.105,4.82826332032421e-37,"1","Rassf1"
3.2615118946745e-46,0.553543257239996,0.064,0.118,6.8266705467432e-42,"1","Stk40"
2.16437365866302e-48,0.553191744155822,0.075,0.135,4.53025050494757e-44,"1","Pcnx"
5.82601142239575e-55,0.552639380451697,0.182,0.303,1.21944245082165e-50,"1","Adgrv1"
6.2258882118818e-50,0.550571848056348,0.063,0.116,1.30314066162898e-45,"1","Mok"
5.06222122424577e-48,0.550046010537937,0.079,0.139,1.05957352444688e-43,"1","Msmo1"
9.01431513620335e-18,0.549765636435736,0.269,0.385,1.88678630115872e-13,"1","Kif21a"
6.82894917244469e-56,0.549667182306766,0.064,0.123,1.4293673512844e-51,"1","Gm28875"
5.63466275939583e-45,0.549590274549429,0.065,0.115,1.17939126216914e-40,"1","Tmem251"
1.17079203613726e-34,0.549394873960678,0.204,0.311,2.4505848108389e-30,"1","Bhlhe41"
7.69327392625285e-47,0.549373589010095,0.145,0.236,1.61027916550398e-42,"1","Wdfy3"
3.93265878902089e-65,0.549356643321006,0.094,0.174,8.23144811129962e-61,"1","Mbtps1"
5.55640236711513e-47,0.548983118098652,0.055,0.105,1.16301057946087e-42,"1","Brpf1"
4.06296818081516e-10,0.548704256930123,0.307,0.43,8.5041986992642e-06,"1","Mdm1"
3.39355316765218e-54,0.547914373912494,0.068,0.128,7.10304613521277e-50,"1","Wdr37"
2.43469733406189e-40,0.547640879802385,0.07,0.122,5.09606498992495e-36,"1","Atg4c"
9.27887502086073e-150,0.547604500781614,0.772,0.834,1.94216133061636e-145,"1","Epb41l2"
4.33847813107511e-51,0.54754543309059,0.08,0.144,9.08086857615332e-47,"1","Lias"
1.36612541266688e-47,0.547072088620259,0.076,0.136,2.85943710125305e-43,"1","Hdac9"
9.43058704129633e-40,0.546963024439943,0.091,0.153,1.97391617361374e-35,"1","Polr3f"
4.49297189464317e-33,0.546810121668592,0.191,0.291,9.40423947267763e-29,"1","Luc7l"
7.29380038729128e-38,0.546760922758729,0.076,0.129,1.52666535906394e-33,"1","Dpf2"
1.99974602678676e-51,0.546587726154448,0.081,0.146,4.18566840866738e-47,"1","Abce1"
2.69375289839252e-33,0.545175536513157,0.08,0.131,5.63829419162538e-29,"1","Map4k4"
7.83595782549689e-49,0.544699672782452,0.072,0.131,1.64014433245475e-44,"1","St7l"
1.16026025478529e-52,0.544626648941407,0.096,0.17,2.42854073929109e-48,"1","Sbf2"
1.55881657138643e-51,0.54430478687866,0.066,0.125,3.26275896556895e-47,"1","Adipor2"
1.10559186127605e-41,0.544065667082701,0.076,0.132,2.3141143248369e-37,"1","Chic2"
3.99930983576576e-49,0.543889246482759,0.101,0.175,8.37095541724131e-45,"1","Rnf20"
2.38679096782583e-53,0.543740662710006,0.107,0.187,4.99579217475624e-49,"1","Bfar"
1.67950608518415e-77,0.54357651796878,0.067,0.138,3.51537418689895e-73,"1","Wdr89"
7.18580065011217e-43,0.543354286894097,0.058,0.107,1.50405993407498e-38,"1","Tbc1d14"
9.50518265419142e-46,0.543115858116986,0.07,0.125,1.98952978134881e-41,"1","Gm37494"
8.90673572373557e-73,0.541014221767362,0.057,0.121,1.86426885433509e-68,"1","Pde8a"
7.02008414815152e-56,0.540992355438315,0.082,0.15,1.4693738130496e-51,"1","Lyrm9"
1.7291049132486e-36,0.540543894442981,0.207,0.321,3.61918949392064e-32,"1","Pdhb"
7.03251047457838e-53,0.540214679563267,0.09,0.16,1.471974767434e-48,"1","Brd7"
1.23622763595109e-53,0.540080062585489,0.098,0.172,2.58754806480922e-49,"1","2510002D24Rik"
1.43129540188293e-46,0.539779986550067,0.08,0.141,2.99584440568116e-42,"1","Trpc4ap"
4.02298492616103e-45,0.539731620420964,0.151,0.243,8.42050974894765e-41,"1","Slco4a1"
8.06153526850522e-66,0.539440119927508,0.106,0.194,1.68735994705083e-61,"1","Rpf1"
1.85566619416463e-46,0.538806272099504,0.124,0.206,3.88409491100598e-42,"1","Pou2f1"
2.00548959660366e-36,0.538484096643099,0.188,0.292,4.19769027465112e-32,"1","Rasgrf2"
6.44736506876113e-54,0.538348779321535,0.074,0.138,1.34949798254239e-49,"1","Atg4d"
1.03821345191289e-47,0.538054304594016,0.107,0.182,2.17308457619888e-43,"1","Zrsr2"
4.39579327180908e-34,0.537752502804916,0.062,0.105,9.20083489722358e-30,"1","Timm21"
1.03248914653325e-48,0.537546730710772,0.058,0.11,2.16110303260874e-44,"1","Sharpin"
2.53495137304132e-41,0.536251336176095,0.1,0.167,5.30590671891278e-37,"1","Zfp62"
3.39075777182902e-49,0.5360235242648,0.098,0.17,7.09719509221533e-45,"1","Hs2st1"
8.40254807530555e-76,0.534786699363046,0.708,0.813,1.7587373376422e-71,"1","Rdh12"
1.71562238329744e-45,0.534356783305165,0.063,0.116,3.59096921047986e-41,"1","Osbpl9"
1.04814399691454e-35,0.534340743015364,0.187,0.29,2.19387019994183e-31,"1","Senp6"
6.40278259212392e-48,0.534232202676534,0.069,0.126,1.34016642435746e-43,"1","Heatr6"
2.27256914104195e-47,0.534062756413546,0.14,0.23,4.7567144691149e-43,"1","Tjp2"
5.63337509272223e-52,0.533842262633634,0.117,0.198,1.17912174065769e-47,"1","Actn4"
2.65823648874642e-51,0.533225212400268,0.061,0.115,5.56395479459513e-47,"1","Nasp"
2.17090082543174e-53,0.533191225590845,0.084,0.153,4.54391251771118e-49,"1","Tasor2"
2.55872277364702e-58,0.532648831336301,0.157,0.267,5.35566263752057e-54,"1","Pde8b"
1.82235156304294e-51,0.532390912629086,0.092,0.161,3.81436405660517e-47,"1","Virma"
1.99616371043688e-50,0.53199810001873,0.131,0.219,4.17817026231544e-46,"1","Ggnbp2"
4.37304678363878e-51,0.531968241914707,0.05,0.1,9.15322422283434e-47,"1","Abcf3"
4.78760490962762e-45,0.531547497024228,0.055,0.104,1.00209358363416e-40,"1","Myrip"
2.86537328090032e-49,0.531444797198088,0.077,0.139,5.99751281425246e-45,"1","Kdm3a"
4.33263715078586e-44,0.530739236817102,0.083,0.145,9.06864282030988e-40,"1","Ptpn1"
5.79873761486721e-41,0.530047736352025,0.077,0.13,1.21373377016785e-36,"1","Gjd2"
1.58916116771155e-46,0.529555634709746,0.154,0.251,3.32627324013704e-42,"1","Creb1"
9.23700782719383e-42,0.52928403007687,0.158,0.252,1.93339810830994e-37,"1","Col4a3bp"
5.31538460665164e-38,0.528730410570858,0.208,0.324,1.11256315201826e-33,"1","Prpf40a"
1.73503853897425e-42,0.527359617288983,0.06,0.11,3.631609165927e-38,"1","Map3k7"
1.30241655340028e-60,0.526612659363111,0.11,0.196,2.72608808792213e-56,"1","Rab3gap1"
6.24018060792787e-61,0.526428854566712,0.084,0.155,1.30613220304538e-56,"1","Rbm15"
1.25814616093627e-22,0.525907349220595,0.252,0.368,2.63342572945571e-18,"1","Sltm"
3.74568259568225e-53,0.52490559061326,0.055,0.107,7.84008824102252e-49,"1","Dnajc11"
3.5648523103786e-83,0.523685384416641,0.686,0.77,7.46159237085345e-79,"1","Kif1b"
6.79351162575575e-13,0.523428173155626,0.269,0.37,1.42194991838694e-08,"1","Arl4d"
5.04555861463706e-50,0.523268274323275,0.09,0.158,1.05608587362968e-45,"1","Tef"
1.301441211942e-12,0.522807506698323,0.316,0.449,2.7240466007158e-08,"1","Map7"
8.24410036786384e-44,0.522786839292275,0.056,0.105,1.72557264799758e-39,"1","Dyrk1b"
2.81903727752169e-66,0.522742342295593,0.158,0.274,5.90052692558066e-62,"1","Fhod3"
1.1847599819454e-33,0.522551138962289,0.058,0.1,2.47982111820992e-29,"1","Osbp"
3.06456418249312e-34,0.520332555107329,0.213,0.326,6.41443929037635e-30,"1","Synrg"
1.07385054715646e-42,0.519732112718112,0.175,0.28,2.24767658025319e-38,"1","Bmpr1a"
6.29098242718629e-59,0.519242013965864,0.063,0.124,1.31676553183436e-54,"1","Pank4"
2.08256086902994e-46,0.519195438984788,0.084,0.147,4.35900815496658e-42,"1","Csnk2a2"
2.78510066592471e-59,0.519166227814395,0.09,0.165,5.82949420384702e-55,"1","Ireb2"
1.62480907070938e-31,0.518290796164435,0.226,0.343,3.40088786590181e-27,"1","AW549877"
2.33249466532969e-48,0.518206556994272,0.06,0.114,4.88214458400157e-44,"1","Arhgap26"
1.42710416275063e-46,0.517342579127756,0.055,0.105,2.98707172305333e-42,"1","Trim41"
3.84055028094472e-45,0.516954940171506,0.156,0.253,8.03865579304539e-41,"1","Slk"
1.01848781618881e-29,0.516907660201158,0.222,0.334,2.1317968480648e-25,"1","Rb1cc1"
1.97828028532599e-61,0.516823281174988,0.133,0.232,4.14073846521583e-57,"1","Mtrex"
7.36500060846061e-56,0.516704986871833,0.086,0.156,1.54156827735689e-51,"1","Rprd2"
7.37342445359998e-26,0.51612703684678,0.257,0.379,1.54333147238301e-21,"1","Rax"
3.96007834458689e-41,0.515885658702029,0.102,0.168,8.28883998305482e-37,"1","Zfp451"
8.52978326496051e-51,0.515825626141977,0.055,0.107,1.78536893518888e-46,"1","Nbas"
5.34157180125971e-53,0.515655802441256,0.132,0.223,1.11804439372167e-48,"1","Sugp2"
1.91755399600618e-47,0.51557028630538,0.118,0.198,4.01363226904053e-43,"1","Epc2"
3.54295510821121e-53,0.515416176417084,0.097,0.17,7.41575933699688e-49,"1","Ubr1"
1.99650784046964e-20,0.515094955290234,0.263,0.383,4.17889056088699e-16,"1","Pcare"
3.72890434269611e-58,0.514868671354446,0.064,0.125,7.80496967969722e-54,"1","Trappc11"
7.02944334472958e-56,0.51477322911059,0.147,0.249,1.47133278648535e-51,"1","Ppp2r3a"
4.12347831488905e-42,0.514681528501006,0.175,0.276,8.63085246089427e-38,"1","Zscan26"
5.03769712520808e-53,0.513399897844979,0.09,0.159,1.0544403852773e-48,"1","Gm16286"
1.05240955203008e-28,0.513137921743327,0.246,0.371,2.20279843335416e-24,"1","Ctcf"
2.10561810905565e-52,0.5128536108908,0.07,0.131,4.40726926406437e-48,"1","Gna13"
1.62241806556167e-59,0.512526307344971,0.176,0.297,3.39588325302714e-55,"1","Mecp2"
4.30968047794594e-41,0.512297894515444,0.102,0.17,9.02059220838864e-37,"1","Vps37b"
4.39538771350183e-49,0.512126626616396,0.16,0.26,9.19998602313067e-45,"1","Tspyl4"
7.6095252410193e-52,0.511518405670825,0.12,0.204,1.59274972819775e-47,"1","Dync1li2"
2.2891423152159e-40,0.511328577891819,0.187,0.295,4.79140377997839e-36,"1","Gspt1"
1.42146307244111e-43,0.511239317069866,0.095,0.161,2.97526435692649e-39,"1","Lpin1"
1.53447180206807e-57,0.511029155101749,0.138,0.236,3.21180292890868e-53,"1","Ncbp3"
1.0011413065248e-38,0.510826573124783,0.062,0.109,2.09548886868706e-34,"1","Sall2"
2.53539825134538e-70,0.510809827534362,0.081,0.157,5.30684207989101e-66,"1","Mtmr1"
1.80268299344565e-11,0.510608299370118,0.319,0.449,3.77319577358109e-07,"1","U2surp"
2.9685308950146e-72,0.510469135851098,0.118,0.215,6.21343201635506e-68,"1","Myef2"
1.24547457188431e-47,0.510208637895102,0.115,0.194,2.60690282641104e-43,"1","Plagl2"
2.48549529259319e-50,0.509898533377307,0.078,0.142,5.20239019692681e-46,"1","Zdhhc21"
6.92182929309397e-56,0.509409139200684,0.064,0.123,1.4488080893375e-51,"1","Slc23a2"
1.05531642299625e-51,0.509387438280542,0.059,0.112,2.20888280497345e-47,"1","Clk3"
6.74156871602614e-49,0.509318016911012,0.082,0.146,1.41107774795143e-44,"1","Tmem245"
3.59158775797416e-48,0.508733196243675,0.093,0.161,7.51755233621571e-44,"1","Mapk9"
3.31989685594723e-69,0.508586447250922,0.11,0.197,6.94887610918314e-65,"1","Mrpl9"
1.08743409337298e-48,0.507151674265889,0.169,0.275,2.27610830083898e-44,"1","Itsn2"
1.729649033315e-59,0.506818582035443,0.114,0.201,3.62032839163164e-55,"1","Srpk1"
1.94897164757137e-57,0.504365761452633,0.072,0.136,4.07939255553163e-53,"1","Anapc1"
8.50693365829927e-62,0.503895808116142,0.07,0.137,1.78058628401862e-57,"1","Smad2"
9.92945698029296e-08,0.503401668922355,0.318,0.433,0.00207833464054512,"1","Golgb1"
8.91715823346456e-52,0.503086449738131,0.122,0.207,1.86645038984647e-47,"1","Tbc1d8"
9.81248350504818e-23,0.502530428704084,0.272,0.399,2.05385092244163e-18,"1","Dmxl2"
9.22222403153501e-70,0.502407007621204,0.103,0.191,1.93030371204059e-65,"1","Mrps5"
2.21899534638625e-61,0.502087924923377,0.096,0.175,4.64457915952107e-57,"1","Dlat"
8.75674759951201e-61,0.502063487112795,0.099,0.179,1.83287484005386e-56,"1","Sirt3"
8.14677567562057e-09,0.502013336054616,0.571,0.696,0.000170520161666414,"1","AI847159"
5.36863484041263e-48,0.50195171607891,0.133,0.221,1.12370895844677e-43,"1","Clasp2"
3.51575461332969e-62,0.501632861617733,0.128,0.224,7.35882598116037e-58,"1","Fance"
3.78126234256128e-52,0.501543682346797,0.114,0.187,7.91456020921502e-48,"1","Spry2"
2.47640560716141e-56,0.500522120979705,0.143,0.242,5.18336457634954e-52,"1","Ankhd1"
1.94597733708366e-62,0.500224339538978,0.075,0.145,4.0731251642498e-58,"1","Setd1b"
8.418411673978e-15,0.500119813901197,0.279,0.393,1.76205774748034e-10,"1","Zfp292"
1.62384168063705e-56,0.499710926187291,0.158,0.266,3.39886302174141e-52,"1","Ubr3"
9.76309960680619e-77,0.499355537655185,0.126,0.232,2.0435143787006e-72,"1","Amz2"
1.75563146042281e-51,0.499275096458678,0.147,0.244,3.67471220981097e-47,"1","Rsf1"
9.72439628112499e-45,0.499137126767814,0.163,0.261,2.03541338560227e-40,"1","Cspg5"
3.24851649767228e-33,0.498301645558508,0.105,0.161,6.79946988127786e-29,"1","Celf4"
2.86910139286003e-47,0.497890191415598,0.165,0.268,6.00531612539532e-43,"1","Eps8"
9.98620408764918e-44,0.497598840554738,0.167,0.267,2.09021237758585e-39,"1","Phlpp2"
4.00878614909168e-73,0.497480341684588,0.075,0.149,8.3907902886638e-69,"1","Unc45a"
1.96420612522154e-56,0.497454849309473,0.055,0.111,4.1112798407012e-52,"1","Tctn2"
1.50593836136931e-44,0.497239435204776,0.068,0.122,3.15207958418211e-40,"1","Actr8"
4.55321783049579e-39,0.497143937147693,0.186,0.29,9.53034024101073e-35,"1","Knop1"
2.24322803716968e-49,0.495843196882618,0.087,0.153,4.69530060459986e-45,"1","Cdkn2aip"
1.15020022564965e-40,0.495641990448247,0.221,0.349,2.40748409230729e-36,"1","Ate1"
1.03302578747579e-54,0.495513323203138,0.078,0.144,2.16222627576557e-50,"1","Cnot10"
6.32580539391801e-66,0.494993543383412,0.081,0.155,1.32405432700098e-61,"1","Sik3"
7.38710460954376e-47,0.494973147467785,0.061,0.112,1.5461948658236e-42,"1","Myt1"
2.69521839160654e-47,0.49443504769668,0.136,0.224,5.64136161547164e-43,"1","Rasal2"
4.02733075986907e-19,0.494098927543169,0.278,0.403,8.42960601348195e-15,"1","Plekhf2"
5.54730085003877e-40,0.49339159684438,0.055,0.1,1.16110554092161e-35,"1","Tma16"
3.19058531353817e-46,0.492095999167388,0.06,0.111,6.67821411976675e-42,"1","Ppp1r13b"
1.10389022080821e-75,0.492011071220747,0.107,0.201,2.31055262117366e-71,"1","Wdr70"
2.56818119273641e-48,0.491800329454308,0.058,0.11,5.37546005451659e-44,"1","Dnajc24"
1.23267163443283e-68,0.491503910292606,0.105,0.193,2.58010499803135e-64,"1","Spen"
5.32883827765625e-44,0.491116554027126,0.194,0.309,1.11537913989623e-39,"1","Ncoa2"
6.34383450449738e-56,0.490674778664749,0.065,0.125,1.32782800013635e-51,"1","Aifm1"
1.76495329605656e-51,0.490584524927011,0.068,0.127,3.69422374397598e-47,"1","Wdr45b"
6.76003125447735e-58,0.490140275226428,0.051,0.104,1.41494214187465e-53,"1","Asb13"
2.58789876584078e-45,0.489702459719155,0.073,0.13,5.41673090678133e-41,"1","Pcgf5"
1.1873127357338e-42,0.489016158112168,0.089,0.152,2.48516428716441e-38,"1","Chordc1"
1.04471100440628e-64,0.488780949389465,0.076,0.145,2.18668460332277e-60,"1","Xbp1"
2.37499049976121e-58,0.488349658513018,0.194,0.323,4.97109261505019e-54,"1","Ufsp2"
4.38611097083473e-55,0.48777907751796,0.129,0.221,9.18056887305418e-51,"1","Arntl"
4.30062805588518e-31,0.487711889600923,0.236,0.358,9.00164458377327e-27,"1","Zmynd8"
3.38774631515937e-22,0.487611406908492,0.274,0.402,7.09089181226008e-18,"1","Npepps"
2.6158855486656e-38,0.48757996190704,0.059,0.105,5.47531004191198e-34,"1","Zfp553"
1.94023136389053e-46,0.487434456489882,0.058,0.108,4.06109826775928e-42,"1","Banp"
9.54064488481304e-46,0.48708521237044,0.06,0.112,1.99695238084022e-41,"1","Cox10"
1.55846409568407e-45,0.486858439324564,0.068,0.123,3.26202119867634e-41,"1","Pex7"
1.0062354786368e-51,0.486741538341545,0.066,0.123,2.10615148033469e-47,"1","Iqcg"
4.41774166111405e-63,0.486549257023041,0.088,0.165,9.24677507087783e-59,"1","Suco"
3.37627611697322e-17,0.486270304667619,0.269,0.379,7.06688354043665e-13,"1","Kif5b"
6.37496309748626e-61,0.484573202249343,0.069,0.134,1.33434352593485e-56,"1","Cwc27"
1.99688402528519e-60,0.48430832138927,0.121,0.212,4.17967795332444e-56,"1","Ep400"
8.58276613328253e-31,0.484237709126542,0.219,0.33,1.79645877935737e-26,"1","Usp2"
1.28892981036944e-61,0.48378923570949,0.195,0.328,2.69785898608428e-57,"1","Hmgcr"
5.27423091543177e-59,0.483328298684855,0.082,0.152,1.10394927290902e-54,"1","Nck1"
8.75136932924046e-57,0.482720866616301,0.209,0.343,1.83174911430332e-52,"1","Agtpbp1"
1.92993477601866e-40,0.482456050832035,0.084,0.136,4.03954647968467e-36,"1","Imp3"
3.06918230342374e-39,0.482271823979551,0.06,0.107,6.42410547929623e-35,"1","Mettl6"
1.78802034074837e-54,0.481330891123224,0.116,0.2,3.74250537522041e-50,"1","Inka2"
4.16624604309302e-51,0.480816485809499,0.073,0.134,8.72036959279799e-47,"1","Rlim"
5.13282767591722e-47,0.480583172263734,0.238,0.38,1.07435216084623e-42,"1","Plch2"
2.31468837952485e-75,0.480388032600094,0.101,0.191,4.84487424718345e-71,"1","Trappc9"
7.98097398946787e-64,0.480129090218655,0.079,0.15,1.67049766573552e-59,"1","Diablo"
5.68443859086401e-65,0.480100007039119,0.092,0.172,1.18980984145375e-60,"1","Senp5"
2.20064606596315e-47,0.480083117021699,0.065,0.119,4.60617228066747e-43,"1","Katna1"
6.44374413530297e-60,0.479636225159409,0.132,0.229,1.34874008496026e-55,"1","Tut7"
4.05728785199957e-54,0.479448627026298,0.102,0.179,8.4923092030203e-50,"1","Chsy1"
1.63706605450019e-65,0.47935778440844,0.103,0.188,3.42654295867434e-61,"1","Mtch2"
1.50819048583061e-56,0.479102461739863,0.083,0.151,3.15679350589204e-52,"1","Zfp472"
4.72174295409296e-32,0.479093361509302,0.147,0.223,9.88308017721197e-28,"1","Trib1"
2.92547071912103e-47,0.478706616265622,0.057,0.107,6.12330276219223e-43,"1","Pias4"
5.79061588664545e-63,0.478655504861374,0.072,0.139,1.21203381123376e-58,"1","Eftud2"
1.25961889869506e-71,0.477986805066465,0.158,0.277,2.63650831685862e-67,"1","Ip6k1"
1.16558840638818e-06,0.477885066533158,0.342,0.451,0.024396930934111,"1","Mef2c"
3.21120179577907e-73,0.477324848534455,0.092,0.176,6.72136647874517e-69,"1","Plcd3"
8.9897929536249e-54,0.476796744532381,0.141,0.237,1.88165356312323e-49,"1","Cops5"
1.13206278574469e-37,0.476668930436002,0.243,0.376,2.36952061684222e-33,"1","Snx10"
1.10861281647725e-27,0.476453536125684,0.163,0.24,2.32043748616853e-23,"1","Arrdc3"
4.3937240103955e-56,0.47635864918296,0.085,0.156,9.19650372615883e-52,"1","Ecsit"
1.64574078898142e-48,0.476256487035835,0.083,0.148,3.44470004541701e-44,"1","Mnat1"
7.79406941594816e-52,0.476072122735191,0.052,0.103,1.63137666945211e-47,"1","Wipf2"
6.02866824723641e-54,0.475133994777581,0.058,0.113,1.26186055082905e-49,"1","Stat3"
1.04358121111595e-61,0.475122642669378,0.139,0.241,2.18431983298679e-57,"1","Kank1"
1.38926882326078e-47,0.474922667107409,0.055,0.105,2.90787857396713e-43,"1","Ecd"
4.25747554418322e-61,0.474855675248506,0.101,0.182,8.9113220615299e-57,"1","Eif4g1"
7.3864722639352e-30,0.474718397125712,0.26,0.392,1.54606250956428e-25,"1","Pcm1"
2.96841542255077e-51,0.474485824821668,0.067,0.125,6.21319032094101e-47,"1","Cnst"
1.4162621787276e-44,0.474405694350328,0.062,0.113,2.96437836629473e-40,"1","Bcl10"
7.22389701561528e-46,0.47433430472577,0.175,0.282,1.51203388433843e-41,"1","E130310I04Rik"
3.63905338452785e-42,0.474051504864502,0.201,0.317,7.61690263915525e-38,"1","Ssx2ip"
9.58445638659792e-49,0.473354116826239,0.052,0.1,2.00612256627881e-44,"1","Strn"
5.75873143776495e-09,0.472768107558646,0.34,0.475,0.000120536007723858,"1","Kmt2c"
3.75608181662063e-47,0.472646994903069,0.177,0.286,7.86185485036865e-43,"1","Ccnt1"
1.95517178573058e-59,0.472626485492376,0.088,0.161,4.09237006471267e-55,"1","Abi1"
2.14384835102703e-69,0.471550486203121,0.124,0.224,4.48728898353467e-65,"1","Ddx23"
1.34184172783481e-66,0.471074596351538,0.117,0.21,2.80860892053104e-62,"1","9930021J03Rik"
1.77596339729387e-49,0.471050025156579,0.11,0.188,3.71726898687579e-45,"1","Brd4"
1.40095166859949e-49,0.470991672098001,0.056,0.108,2.9323319375456e-45,"1","Map4k5"
1.37101015296318e-58,0.470519780326574,0.101,0.18,2.86966135116723e-54,"1","Secisbp2"
2.15273405840669e-15,0.470101783614331,0.584,0.717,4.50588765765103e-11,"1","Hnrnpa2b1"
5.31267616225028e-50,0.469253767968035,0.066,0.123,1.11199624752061e-45,"1","Syne3"
2.56387419825593e-58,0.46924254629721,0.055,0.112,5.36644508436948e-54,"1","Utp14a"
1.79810661232721e-61,0.468862119274016,0.1,0.181,3.76361695026209e-57,"1","Arih2"
1.20180060155332e-62,0.468384659167924,0.091,0.169,2.51548883911125e-58,"1","Tmem135"
3.86663786719809e-54,0.467456694404001,0.078,0.143,8.09325971983233e-50,"1","Ing3"
7.10392427831068e-63,0.467334689721423,0.073,0.141,1.48692239069321e-58,"1","Rbpj"
4.31664743620892e-60,0.467133942847535,0.081,0.151,9.03517474872889e-56,"1","Taf11"
1.17050377780654e-61,0.466084166571574,0.079,0.148,2.44998145732688e-57,"1","Rxylt1"
1.18646926667421e-50,0.466076922890942,0.057,0.109,2.4833988220758e-46,"1","Slc25a46"
2.68494836405205e-51,0.465867131280601,0.057,0.11,5.61986542079735e-47,"1","Rad54l2"
1.92048291268617e-68,0.465783418431722,0.09,0.17,4.01976278454342e-64,"1","Ap2b1"
2.99647571090669e-78,0.465483168619281,0.096,0.185,6.2719233104988e-74,"1","Mast2"
7.30764759968551e-47,0.465473461724738,0.12,0.2,1.52956371909017e-42,"1","Rab5a"
4.59626521052374e-51,0.46431857122127,0.054,0.105,9.62044271214725e-47,"1","Zfp606"
2.34649697632268e-58,0.463913200971146,0.11,0.193,4.91145282114099e-54,"1","Mphosph10"
1.33929913670345e-45,0.463338096495009,0.069,0.124,2.803287023034e-41,"1","Xpo7"
3.15803949603362e-70,0.462987262636211,0.128,0.231,6.61009246914797e-66,"1","Med4"
3.14601243403372e-28,0.462659198614884,0.273,0.405,6.58491862567599e-24,"1","Hnrnpdl"
1.29226971186868e-63,0.462533754829788,0.078,0.149,2.70484973391233e-59,"1","Mtmr6"
2.21337348594578e-58,0.461335327514658,0.057,0.114,4.63281204343312e-54,"1","Zfp523"
9.91680598437366e-58,0.460836686694325,0.115,0.201,2.07568666058925e-53,"1","Mcf2l"
4.20162440470453e-66,0.460819770898726,0.11,0.199,8.79442004148706e-62,"1","Gulp1"
3.27321725200685e-41,0.460772666722094,0.246,0.383,6.85117103017554e-37,"1","D1Ertd622e"
3.80694827110216e-55,0.459360606859877,0.147,0.248,7.96832342624393e-51,"1","Zfp281"
8.31470302329298e-66,0.459116003312349,0.076,0.148,1.74035048980545e-61,"1","Pom121"
4.59643577748428e-56,0.458887204777986,0.091,0.165,9.62079972585235e-52,"1","Bmt2"
5.10244941300601e-62,0.458608488420318,0.088,0.163,1.06799368663629e-57,"1","Zfp68"
6.91157311350217e-53,0.457085035831933,0.053,0.106,1.44666136838714e-48,"1","Dcaf6"
7.00669330864182e-51,0.456239210879097,0.051,0.1,1.46657097643182e-46,"1","Ube2o"
5.49081530535055e-66,0.456220751666688,0.047,0.103,1.14928255156292e-61,"1","Vps54"
1.72216712463057e-55,0.455851559290413,0.165,0.275,3.60466800856424e-51,"1","Usp47"
3.03652298755432e-56,0.455555341134132,0.144,0.244,6.35574626524995e-52,"1","Kpna3"
6.24644888796596e-32,0.455343306650275,0.237,0.358,1.30744421674015e-27,"1","Arid4b"
4.65684755524039e-40,0.455271753466529,0.211,0.33,9.74724761787367e-36,"1","Ccdc186"
9.34979688415044e-70,0.454895675505577,0.09,0.171,1.95700598582153e-65,"1","Rnf170"
7.17689408239491e-79,0.453223567970697,0.126,0.233,1.50219570038608e-74,"1","Ppp1r42"
1.33632314266842e-57,0.453061667581417,0.175,0.292,2.79705796991927e-53,"1","Eny2"
4.37107789216287e-49,0.452846385064652,0.053,0.103,9.14910313608611e-45,"1","Patz1"
3.03989362660952e-59,0.452768477916746,0.107,0.189,6.36280134985639e-55,"1","P4ha1"
3.5680771844906e-43,0.452511500767304,0.076,0.122,7.46834235485728e-39,"1","Gt(ROSA)26Sor"
5.29361730882011e-64,0.451426222990488,0.112,0.202,1.10800703890914e-59,"1","Lrp6"
1.02869360730385e-62,0.450732397675703,0.066,0.131,2.15315858944768e-58,"1","Tasp1"
1.25912640085215e-18,0.450021615428685,0.315,0.456,2.63547746962363e-14,"1","Thoc2"
6.70179340280453e-44,0.449997439482675,0.07,0.125,1.40275237714102e-39,"1","Fgfr1op"
4.06613035125753e-61,0.449735094494852,0.17,0.284,8.51081743821713e-57,"1","Tbcc"
5.78232429790593e-46,0.449360296236939,0.056,0.105,1.21029829879469e-41,"1","Fam160b1"
4.67410787932609e-61,0.448737317902797,0.135,0.233,9.78337520221744e-57,"1","Chd8"
7.01969778384462e-58,0.448516891794441,0.067,0.129,1.46929294313652e-53,"1","Tdp2"
4.25128471151799e-40,0.447857644317947,0.058,0.104,8.89836402967831e-36,"1","Tiparp"
6.67762342502363e-65,0.447652901528323,0.105,0.191,1.3976933590917e-60,"1","Tbc1d23"
2.67431566980249e-55,0.447642748985907,0.107,0.187,5.59761012846359e-51,"1","Daam1"
5.51579401652894e-37,0.447259254614612,0.082,0.137,1.15451084559967e-32,"1","Eid2"
1.82228608682113e-70,0.447092241276835,0.131,0.235,3.81422700832531e-66,"1","Xpo1"
2.62136700924391e-71,0.446860349499724,0.124,0.222,5.48678328704844e-67,"1","Gas7"
3.71748822215603e-65,0.446784291741257,0.08,0.153,7.78107459779479e-61,"1","Csgalnact2"
1.27644008405914e-44,0.446778425251173,0.126,0.206,2.67171673994418e-40,"1","Kat6b"
2.44917759395383e-71,0.446355927076888,0.062,0.129,5.12637362190477e-67,"1","Tecpr2"
9.66814471996242e-31,0.446078292594604,0.083,0.131,2.02363937133533e-26,"1","Myo6"
8.31601453744741e-69,0.445962322692093,0.122,0.219,1.74062500283312e-64,"1","Fbxl3"
3.98553847514397e-60,0.44525198836894,0.156,0.265,8.34213058232383e-56,"1","Pdia5"
4.85406084861208e-69,0.444561871640163,0.076,0.149,1.01600347622299e-64,"1","Stim1"
9.87919273289404e-44,0.444457457715555,0.056,0.104,2.06781383092205e-39,"1","Reep3"
3.73295606817226e-90,0.444189804605819,0.112,0.217,7.81345034629135e-86,"1","Dhps"
1.01601037092913e-14,0.443470294076073,0.352,0.511,2.12661130739176e-10,"1","Man2a2"
1.01260591665409e-58,0.443463904183456,0.106,0.188,2.11948544414868e-54,"1","Rab30"
7.87732281413159e-70,0.443075499209381,0.062,0.129,1.64880243822588e-65,"1","Cep89"
1.48713965383089e-62,0.442717039639788,0.122,0.214,3.11273200943343e-58,"1","Lyst"
1.5907474246061e-70,0.441691793027305,0.164,0.287,3.32959343444303e-66,"1","Ensa"
7.35521164137847e-60,0.440653335845961,0.142,0.244,1.53951934865693e-55,"1","Lcorl"
1.05571427210929e-67,0.440287977567597,0.11,0.201,2.20971554295196e-63,"1","Scfd1"
2.58368720158224e-75,0.439305750231508,0.079,0.158,5.40791568163179e-71,"1","Tacc2"
1.54271498104911e-70,0.438892203203459,0.085,0.164,3.22905672683389e-66,"1","Gm49336"
1.35011309613679e-56,0.43823008524357,0.078,0.145,2.82592172152391e-52,"1","Lysmd3"
1.5615795633959e-65,0.438017434692123,0.12,0.214,3.26854218414397e-61,"1","Atf2"
3.01080669837679e-57,0.43785706799489,0.159,0.267,6.30191950037246e-53,"1","Nr1d2"
1.51566097474809e-60,0.4372848176545,0.084,0.157,3.17242998624523e-56,"1","Slc4a1ap"
4.72284607350892e-40,0.437233826660033,0.07,0.122,9.88538911646152e-36,"1","Nkapd1"
4.31697740977058e-77,0.436747479755242,0.09,0.175,9.03586541639079e-73,"1","Camk2g"
3.3414911485541e-41,0.435659766225383,0.169,0.265,6.99407512303859e-37,"1","Kif1a"
1.99635750592141e-06,0.435655947353318,0.367,0.503,0.0417857589564411,"1","Kmt2e"
5.7814869459163e-57,0.435282528873875,0.057,0.112,1.21012303264974e-52,"1","Cbx8"
4.03150537290477e-61,0.434467498657325,0.067,0.129,8.43834389602698e-57,"1","Pycr2"
1.1629291627358e-53,0.434362519451163,0.052,0.103,2.4341270305223e-49,"1","Zfp511"
6.84038611469103e-55,0.434245004343559,0.065,0.123,1.43176121766598e-50,"1","Skil"
1.10335199995477e-42,0.434052161040417,0.244,0.386,2.30942607110532e-38,"1","Napg"
2.98845006195916e-76,0.433918596233422,0.154,0.273,6.25512482468672e-72,"1","Gtf2a2"
1.18038992084504e-44,0.433879062432114,0.192,0.305,2.47067414332076e-40,"1","Sdc4"
2.32692602829676e-66,0.433372119318916,0.06,0.123,4.87048886982796e-62,"1","Samd4b"
2.79158656148686e-70,0.433351148276553,0.174,0.302,5.84306983184815e-66,"1","Shoc2"
2.81091610041146e-66,0.432832762836398,0.106,0.193,5.88352848977123e-62,"1","Ythdf3"
4.32483626601691e-51,0.432618543754056,0.121,0.204,9.0523147884e-47,"1","Klhdc8b"
1.46941514352021e-64,0.432417242993423,0.09,0.168,3.07563283690214e-60,"1","Rnf19a"
1.7232759804004e-59,0.432246254388811,0.065,0.125,3.60698895457607e-55,"1","Rnf227"
1.17900225937443e-73,0.432176578555931,0.055,0.117,2.46776962909662e-69,"1","Phf1"
1.01993266777739e-51,0.431977499488766,0.21,0.341,2.13482106692486e-47,"1","Sbno1"
3.67520033135479e-62,0.431672748123109,0.065,0.128,7.69256181355872e-58,"1","Pdik1l"
3.70870974527046e-53,0.431515808664938,0.055,0.108,7.76270036782561e-49,"1","Abhd10"
3.25349165929887e-43,0.431506082349715,0.059,0.108,6.80988339207847e-39,"1","Fbxw7"
1.1371350977675e-57,0.430873987703164,0.063,0.122,2.38013747313715e-53,"1","Hnrnpll"
3.32269009167398e-69,0.430758045307956,0.129,0.23,6.95472263088281e-65,"1","Copa"
2.25643724769044e-84,0.430373015619879,0.119,0.225,4.72294880314086e-80,"1","Gdpd5"
4.66290996735543e-73,0.430315117310285,0.138,0.247,9.75993685267165e-69,"1","Dhx15"
4.88670944566838e-48,0.429611400744911,0.061,0.114,1.02283715407285e-43,"1","Proser2"
4.98545266270579e-62,0.428347347450957,0.072,0.138,1.04350509683095e-57,"1","Mphosph6"
4.12257159358518e-55,0.427688288597528,0.058,0.113,8.62895460253314e-51,"1","Ralgapb"
1.04520762734789e-75,0.427553282218213,0.066,0.137,2.18772408480186e-71,"1","Afg3l1"
4.26958657657006e-64,0.427497506931813,0.092,0.17,8.93667166341879e-60,"1","Zdhhc12"
1.12399293632757e-59,0.427447861562556,0.109,0.192,2.35262961502725e-55,"1","4930453N24Rik"
1.88998522820514e-71,0.427442659333223,0.061,0.126,3.95592808115617e-67,"1","Fibp"
1.41675300430562e-28,0.426783977163662,0.283,0.424,2.96540571331209e-24,"1","Bptf"
1.08079521049782e-81,0.426624264188842,0.08,0.162,2.26221245509298e-77,"1","Epn2"
8.44656078627661e-67,0.426108813323011,0.143,0.252,1.76794963817556e-62,"1","Nol11"
3.24474679475256e-47,0.425399302868079,0.209,0.331,6.79157951609659e-43,"1","Mphosph8"
6.29797431826861e-59,0.42475649681616,0.09,0.164,1.3182290045568e-54,"1","Uspl1"
4.09822004716338e-62,0.424538580279176,0.109,0.195,8.57798438071768e-58,"1","Phf12"
1.25472639368224e-49,0.424158654717785,0.063,0.119,2.6262678146163e-45,"1","Prdm1"
2.75739452795187e-68,0.424080607105075,0.079,0.153,5.77150248645607e-64,"1","Brwd3"
1.91361437840366e-17,0.423377936719445,0.35,0.513,4.00538625543669e-13,"1","Wapl"
9.54807984170319e-58,0.42304991590567,0.051,0.105,1.99850859166689e-53,"1","Rcor1"
1.20812371667102e-68,0.422929787902412,0.078,0.151,2.52872375136411e-64,"1","Ankrd13c"
2.52332224747962e-60,0.421823961000976,0.066,0.127,5.28156579619959e-56,"1","Tmem216"
3.00801696502254e-58,0.42129004851792,0.107,0.189,6.29608030948868e-54,"1","Tgs1"
3.8988445821359e-83,0.419869660636337,0.141,0.258,8.16067159486865e-79,"1","Tial1"
5.89368546245779e-79,0.419730069541971,0.166,0.296,1.23360730414704e-74,"1","Nmt1"
1.6079942312997e-59,0.41968583043011,0.062,0.121,3.3656927255334e-55,"1","Efcab14"
7.51098176340371e-63,0.419289569691556,0.089,0.166,1.57212359289803e-58,"1","Tab2"
5.30593276099494e-12,0.418435216798499,0.359,0.514,1.11058478620385e-07,"1","Tet3"
1.18824585698642e-68,0.418380728226251,0.079,0.154,2.48711740325827e-64,"1","Smarcd1"
4.28805516631753e-70,0.418289532201886,0.092,0.175,8.97532826861923e-66,"1","Irf2"
5.64676415731903e-56,0.417828725979671,0.179,0.295,1.18192420576845e-51,"1","Arid4a"
3.34188214907861e-18,0.417317386842883,0.299,0.428,6.99489352623643e-14,"1","Bclaf1"
4.60956778963537e-62,0.417125229336485,0.169,0.287,9.6482863404858e-58,"1","Helz"
1.45117206257739e-49,0.415190220525835,0.065,0.12,3.03744824418073e-45,"1","Rab21"
9.66405886723157e-64,0.415005787838383,0.159,0.271,2.02278416150024e-59,"1","Ubr5"
1.80118997411617e-46,0.414916475475048,0.214,0.34,3.77007073482255e-42,"1","Akap11"
1.81341468451682e-63,0.414726774406795,0.154,0.264,3.79565827616215e-59,"1","Kmt5b"
2.12506268292485e-68,0.414507509346956,0.174,0.3,4.44796870163e-64,"1","Ppp3cc"
3.57068296328037e-72,0.414230366436755,0.071,0.143,7.47379651044215e-68,"1","Rnf145"
5.23425515530121e-58,0.414175290382387,0.074,0.14,1.0955819465561e-53,"1","Tmem165"
3.41330446160536e-35,0.414008867412794,0.275,0.423,7.14438756858617e-31,"1","4932438A13Rik"
1.15283000873189e-68,0.412655421308003,0.114,0.207,2.41298849127671e-64,"1","Gucd1"
8.80366714870576e-95,0.412013376315884,0.142,0.269,1.8426955708956e-90,"1","Actl6a"
5.83715591003994e-12,0.411549444724107,0.345,0.485,1.22177510353046e-07,"1","Dgke"
6.19936724936387e-72,0.411483526938691,0.078,0.153,1.29758955896435e-67,"1","Aebp2"
2.30488941557476e-74,0.411343778154979,0.113,0.209,4.82436403573954e-70,"1","Srpr"
2.87381458550762e-60,0.41100820272848,0.057,0.114,6.015181308926e-56,"1","Ercc5"
7.8920063814094e-75,0.41097155648716,0.119,0.219,1.6518758556928e-70,"1","Yipf5"
1.91946662190138e-77,0.410540678865249,0.105,0.199,4.01763558630178e-73,"1","Dgkd"
3.12444581386245e-80,0.410522887850111,0.107,0.203,6.53977753299549e-76,"1","Inpp1"
3.11760556846323e-25,0.409481174266977,0.067,0.103,6.52546021535039e-21,"1","Ccnd3"
4.53797893963046e-76,0.408937557444058,0.088,0.171,9.49844371854051e-72,"1","Mapk8ip3"
5.56267749471833e-38,0.408693202585281,0.243,0.377,1.16432402641949e-33,"1","Med13l"
3.711757024963e-21,0.407912970869381,0.308,0.45,7.76907862895005e-17,"1","Ndrg1"
1.66495582959776e-67,0.407612695369189,0.088,0.165,3.48491904693106e-63,"1","Mmd2"
5.63210560669843e-70,0.407576635628148,0.188,0.324,1.17885602453805e-65,"1","Ctr9"
1.98012289661617e-45,0.407132147506573,0.064,0.117,4.14459523490731e-41,"1","Csnk1g3"
3.87377248289476e-83,0.40707504118171,0.06,0.131,8.10819318394701e-79,"1","Vps13d"
2.05457676002223e-57,0.407009101442974,0.167,0.28,4.30043461640253e-53,"1","Desi2"
3.76367799808317e-68,0.406874995898319,0.138,0.243,7.87775441778788e-64,"1","Cpeb4"
2.45082596930983e-75,0.406571213085804,0.124,0.227,5.12982383636241e-71,"1","Herc2"
1.09537547643818e-59,0.405892595540337,0.151,0.256,2.29273040973275e-55,"1","Pitpnc1"
2.69483069005125e-62,0.405751107358681,0.061,0.121,5.64055011734628e-58,"1","Ccdc117"
1.32553687955315e-57,0.405588133395558,0.07,0.13,2.7744812425927e-53,"1","Tssc4"
1.82352668139882e-62,0.405124457197749,0.078,0.147,3.81682369683587e-58,"1","Prorsd1"
4.55510370660109e-63,0.404736138256641,0.062,0.125,9.53428756828675e-59,"1","Lmln"
8.47041535585497e-60,0.403254907149152,0.082,0.153,1.772942638134e-55,"1","Ptpra"
1.83621088538263e-47,0.403055458708331,0.054,0.103,3.84337300419439e-43,"1","Clint1"
9.0710037088916e-60,0.402745347297258,0.07,0.134,1.8986517863081e-55,"1","Gnaq"
1.53626808106295e-81,0.402455657932338,0.082,0.166,3.21556272047286e-77,"1","Acvr2b"
3.11465371337304e-71,0.400943059067643,0.082,0.16,6.51928168746111e-67,"1","Mbtd1"
9.87081379928428e-11,0.400859276692016,0.375,0.534,2.06606003632819e-06,"1","Mbnl2"
3.74386619560698e-75,0.400261272859232,0.08,0.159,7.83628633402498e-71,"1","Insr"
1.30426804551833e-68,0.400146506824176,0.09,0.17,2.72996344607441e-64,"1","Mettl16"
8.05240457622361e-73,0.400083849552198,0.114,0.21,1.68544880184936e-68,"1","Trrap"
1.36796187711272e-28,0.399714163592454,0.296,0.442,2.86328100498464e-24,"1","Hnrnph1"
1.10968085119202e-61,0.399610674926848,0.141,0.242,2.32267298963001e-57,"1","Ndufaf4"
8.92694340418974e-68,0.399538237314203,0.106,0.195,1.86849852393095e-63,"1","Cwc25"
8.07517070201643e-46,0.399509353213831,0.178,0.282,1.69021397963906e-41,"1","Eif3a"
9.20957987100667e-80,0.399502163080138,0.128,0.235,1.92765716280041e-75,"1","Arl4a"
2.36952060283256e-67,0.399008298499629,0.051,0.109,4.95964357378884e-63,"1","Haus8"
1.6662956818194e-68,0.399002679748582,0.055,0.115,3.48772349161618e-64,"1","Ercc2"
4.38970413754162e-60,0.398844187694328,0.054,0.11,9.18808973028837e-56,"1","Rabl2"
3.93651331354371e-63,0.397461510081439,0.166,0.284,8.23951601657833e-59,"1","Gfpt1"
1.08799810973733e-70,0.395783725113393,0.105,0.194,2.27728884349121e-66,"1","Mib1"
1.48140691642561e-70,0.395453961122272,0.062,0.127,3.10073281677044e-66,"1","Atg5"
8.3548033285433e-57,0.39524957361147,0.054,0.109,1.7487438846974e-52,"1","Nfs1"
3.80547250401634e-53,0.395145110132323,0.059,0.114,7.96523449815659e-49,"1","Mrps9"
8.68173700494687e-71,0.395110773684851,0.124,0.224,1.81717437250543e-66,"1","Sp3"
1.67489923059423e-33,0.393752417104614,0.659,0.784,3.50573157955678e-29,"1","Epb41"
3.2647148742892e-64,0.393593044546875,0.06,0.121,6.83337470337472e-60,"1","Coa7"
1.58751298571487e-76,0.393372888456802,0.148,0.266,3.32282343039978e-72,"1","Lpin2"
1.22839382641801e-65,0.393216787452682,0.094,0.171,2.57115111807554e-61,"1","Rogdi"
1.23268114994684e-74,0.393109372222108,0.184,0.321,2.58012491495374e-70,"1","Fam204a"
4.26453405609542e-74,0.392898124608927,0.058,0.124,8.92609623281333e-70,"1","Arhgap12"
2.9709544010533e-17,0.392791519265914,0.084,0.121,6.21850465684466e-13,"1","Opn1sw"
1.76055224858267e-70,0.392739220129024,0.113,0.207,3.68501191150838e-66,"1","Ubn1"
9.78191782426367e-53,0.392340121564021,0.199,0.323,2.04745321979663e-48,"1","Zfp516"
6.24959506345236e-87,0.3909984377454,0.059,0.13,1.30810274273121e-82,"1","Maz"
3.66717728080499e-66,0.390781095291393,0.166,0.285,7.67576876645292e-62,"1","Ppil4"
7.99333258598198e-43,0.390615052120039,0.228,0.358,1.67308444357189e-38,"1","Fgd4"
6.65361605881562e-67,0.390377753799363,0.075,0.146,1.3926683772707e-62,"1","Galnt1"
4.08524298767049e-83,0.390134856438979,0.08,0.163,8.55082209749311e-79,"1","Nup35"
1.36356206951019e-61,0.389876666056156,0.089,0.163,2.85407176769179e-57,"1","Trim33"
3.9837008297182e-67,0.38965061846135,0.06,0.122,8.33828420668317e-63,"1","Sppl2b"
5.19825858744959e-69,0.38964720091972,0.058,0.121,1.08804750493907e-64,"1","Mier2"
1.91321620256326e-70,0.389324711447868,0.048,0.105,4.00455283358515e-66,"1","Ift46"
7.14153806986485e-34,0.388612160408761,0.062,0.105,1.49479533340341e-29,"1","Srgap3"
2.51960860536891e-59,0.387607165309936,0.19,0.317,5.27379277189766e-55,"1","Hs3st3b1"
2.10029389024395e-58,0.387212284608362,0.212,0.348,4.3961251416696e-54,"1","Rraga"
1.67555936018277e-62,0.386928122460611,0.049,0.104,3.50711329679856e-58,"1","Psmd5"
2.6331199023286e-19,0.386719440701964,0.327,0.476,5.51138326756399e-15,"1","Stk35"
7.8237861766934e-59,0.386694466648673,0.078,0.146,1.63759668464369e-54,"1","Cpox"
5.02093205191049e-68,0.386500179813334,0.078,0.151,1.05093128778538e-63,"1","Mrgbp"
1.41388797791434e-84,0.386359532082702,0.087,0.175,2.9594089265725e-80,"1","Stk11"
8.9832279609517e-49,0.386246640577905,0.731,0.821,1.8802794445068e-44,"1","Neurod1"
3.70138754981235e-72,0.386107539341789,0.168,0.293,7.74737428051223e-68,"1","C1ql3"
2.96530143610973e-58,0.386086987453659,0.073,0.138,6.20667243592128e-54,"1","Tbc1d20"
8.12298609827407e-73,0.384638804869359,0.079,0.155,1.70022222022975e-68,"1","Ppp2r5a"
1.21207366425195e-73,0.384375113767975,0.097,0.184,2.53699138664576e-69,"1","Lrpprc"
1.63943680741297e-58,0.383771143411535,0.05,0.102,3.43150518159608e-54,"1","Actn1"
2.33986561867828e-81,0.383607460281047,0.095,0.185,4.89757272645551e-77,"1","Emc3"
5.48674207106521e-59,0.383394337369344,0.052,0.107,1.14842998289466e-54,"1","Seh1l"
1.60568057984073e-60,0.383306963435893,0.051,0.107,3.36085002166462e-56,"1","Lclat1"
3.31386401380534e-84,0.382340518645342,0.083,0.168,6.93624876729596e-80,"1","Dyrk1a"
1.04690302396864e-55,0.382336599658518,0.233,0.381,2.19127271946876e-51,"1","Tnks2"
7.41618698706275e-36,0.381998175990499,0.255,0.392,1.5522820982621e-31,"1","Ankrd11"
4.26782252835793e-66,0.381945319475091,0.103,0.188,8.93297933410598e-62,"1","Jade1"
7.45428411016654e-67,0.381100792524159,0.07,0.138,1.56025620709896e-62,"1","Orc2"
4.82091793979404e-58,0.380760439636447,0.225,0.37,1.00906633397829e-53,"1","Wwc2"
1.04959408322497e-54,0.380318949012849,0.061,0.117,2.19690537559818e-50,"1","Tmx3"
6.25944136080646e-75,0.380243507502168,0.079,0.157,1.3101636712304e-70,"1","Tigar"
7.86705083248395e-67,0.379675689084642,0.059,0.122,1.64665240974722e-62,"1","Zfp938"
1.77168384269981e-71,0.379398580886609,0.155,0.273,3.70831145115498e-67,"1","D5Ertd579e"
1.90445920993953e-64,0.379312839603288,0.066,0.131,3.98622357232444e-60,"1","Zfp597"
1.63646103602136e-54,0.378775432717991,0.139,0.234,3.4252765944963e-50,"1","Cd164"
6.80475147713307e-75,0.378773992309313,0.07,0.143,1.42430253167872e-70,"1","Tmem87b"
4.16939889265153e-28,0.377941026264952,0.093,0.113,8.72696882220891e-24,"1","Bc1"
2.25056534554761e-69,0.377780705731924,0.069,0.138,4.71065832476571e-65,"1","Rnmt"
1.00959610756663e-64,0.377537469027933,0.173,0.295,2.11318561274772e-60,"1","Fam45a"
1.96174034043834e-66,0.376890240432754,0.188,0.32,4.10611870657149e-62,"1","Larp4"
4.287687847012e-71,0.376200795101689,0.086,0.163,8.97455943258082e-67,"1","Utp11"
7.3250079968144e-77,0.376087903085894,0.072,0.148,1.53319742381322e-72,"1","Uba3"
1.02539181517441e-79,0.374154701650081,0.074,0.15,2.14624760834157e-75,"1","Ppt1"
6.48177534938522e-63,0.374107335277968,0.081,0.153,1.35670039837982e-58,"1","Dnajc21"
8.06616868641525e-71,0.373558393205802,0.116,0.21,1.68832976775358e-66,"1","Btbd10"
1.79047115297455e-86,0.373537358433087,0.069,0.147,3.74763517029102e-82,"1","Por"
1.75183019026053e-67,0.373208154884268,0.045,0.1,3.66675577123431e-63,"1","Dolk"
4.35046327692049e-77,0.372827279291932,0.057,0.123,9.10595468492229e-73,"1","Pdha1"
3.79849842083033e-66,0.372567522890236,0.214,0.361,7.95063704463996e-62,"1","Trip12"
6.81277700348855e-85,0.37242100959205,0.073,0.152,1.42598235460019e-80,"1","Abcg4"
9.86626918801319e-75,0.371772122424097,0.095,0.181,2.06510880374304e-70,"1","Dlg1"
9.44593151842912e-70,0.371214250212256,0.182,0.314,1.9771279261224e-65,"1","Peli3"
1.32502235966628e-53,0.37118697805805,0.054,0.107,2.77340430101749e-49,"1","Zfp952"
2.92821699464441e-62,0.371180551694138,0.052,0.108,6.12905099149021e-58,"1","Inpp5k"
1.01450701014637e-90,0.37115605534656,0.121,0.232,2.12346462293736e-86,"1","Ubxn7"
8.81860170815438e-67,0.370966191637312,0.111,0.201,1.84582152353379e-62,"1","Dusp22"
6.92077013705192e-74,0.370780624768586,0.09,0.174,1.44858639738634e-69,"1","Rbm22"
6.17082628564768e-54,0.368700726390442,0.062,0.12,1.29161564984892e-49,"1","Tlk1"
2.72810488583167e-60,0.368668135091143,0.061,0.12,5.71019633653426e-56,"1","Kat7"
5.29929756359609e-30,0.368459983570975,0.266,0.394,1.1091959730363e-25,"1","Zfp36l2"
3.62819640019789e-80,0.367788342747165,0.19,0.334,7.5941778852542e-76,"1","Kifap3"
2.88325585286193e-47,0.367303920054999,0.213,0.339,6.03494282562531e-43,"1","Zfp654"
2.89875367465194e-66,0.366904341572484,0.08,0.153,6.06738131641397e-62,"1","Ahsa1"
3.47541634032491e-39,0.365627225371263,0.285,0.444,7.27439394193407e-35,"1","Zdhhc2"
6.22357401954818e-49,0.36540085335285,0.27,0.431,1.30265627803163e-44,"1","Nbea"
5.88800747951979e-67,0.365324716570996,0.179,0.306,1.23241884553829e-62,"1","Zmym5"
3.70250422127182e-72,0.365283854713599,0.085,0.164,7.74971158554405e-68,"1","Smurf2"
5.23445901573366e-86,0.365181658235832,0.191,0.34,1.09562461658321e-81,"1","Plk5"
1.36732549582715e-61,0.365020929366312,0.077,0.145,2.8619489953158e-57,"1","Mier3"
7.16182912710005e-49,0.36499094734058,0.272,0.435,1.49904245459331e-44,"1","Trafd1"
3.32535641721343e-44,0.364979601679746,0.255,0.403,6.96030351686944e-40,"1","Arl13b"
1.52219582593496e-61,0.364836757086139,0.064,0.123,3.18610808326447e-57,"1","Tmco1"
9.02587429402247e-21,0.364806281917663,0.331,0.483,1.88920574848184e-16,"1","Ash1l"
4.54499515800501e-71,0.364433453104042,0.135,0.241,9.51312936522028e-67,"1","Ppargc1a"
2.40490136773851e-69,0.364312933152169,0.053,0.113,5.03369905281348e-65,"1","Rrn3"
5.45456938406524e-38,0.363389095857277,0.258,0.398,1.1416959177787e-33,"1","Apc"
6.74094284511501e-70,0.362802598056656,0.089,0.168,1.41094674691102e-65,"1","Gas8"
1.49439731890965e-74,0.362246756684516,0.135,0.243,3.12792302820978e-70,"1","Gapvd1"
1.91210489476142e-61,0.362191372494124,0.061,0.123,4.00222675522513e-57,"1","Zkscan8"
1.34450614386748e-71,0.361875499346544,0.102,0.19,2.81418580972902e-67,"1","Siah1a"
2.64721300678401e-73,0.361615659961114,0.078,0.154,5.54088154449961e-69,"1","Nrf1"
7.03247961485464e-69,0.361454700921339,0.092,0.173,1.47196830818522e-64,"1","Zhx1"
6.60344214579925e-70,0.361442067668076,0.14,0.248,1.38216647553724e-65,"1","Cdk13"
7.66661311511144e-54,0.361373311606497,0.052,0.104,1.60469879112398e-49,"1","Xrcc4"
3.79925649447915e-66,0.361303981625568,0.094,0.175,7.95222376859431e-62,"1","Prdm2"
2.1967724953999e-75,0.360825036037138,0.093,0.179,4.59806451012154e-71,"1","Eml1"
1.05200934337027e-79,0.360180095133143,0.078,0.158,2.20196075660832e-75,"1","Togaram1"
3.63714614868105e-45,0.360115823630123,0.195,0.306,7.61291060380431e-41,"1","Ddit4"
7.58001336428076e-54,0.359927205049217,0.063,0.121,1.58657259727761e-49,"1","Prickle1"
9.16362153745579e-60,0.359122031008672,0.049,0.103,1.91803762400487e-55,"1","Eif4enif1"
2.14908429100602e-106,0.358969590000359,0.123,0.243,4.4982483295047e-102,"1","Ssbp4"
4.31639900342162e-76,0.358530247525517,0.076,0.153,9.03465475406179e-72,"1","Rbm34"
6.2535736200041e-71,0.358078640542372,0.205,0.349,1.30893549440306e-66,"1","Huwe1"
1.73389721934591e-91,0.35771911449227,0.168,0.309,3.62922026981293e-87,"1","Dscaml1"
1.12094335350443e-45,0.357149058443237,0.279,0.442,2.34624653322013e-41,"1","Ddx24"
2.19423080122883e-71,0.356923155328533,0.188,0.321,4.59274449005206e-67,"1","Nono"
6.43451154763267e-70,0.356726268914234,0.125,0.224,1.34680761203499e-65,"1","Zfp800"
1.24240000296744e-87,0.356711192946423,0.098,0.193,2.60046744621115e-83,"1","Ppid"
3.21789224483176e-54,0.356633688042312,0.05,0.101,6.73537025765737e-50,"1","Map2k4"
1.37912663935532e-42,0.356354883594193,0.251,0.389,2.88664996883461e-38,"1","Eif5b"
1.91704265651376e-57,0.356250951671288,0.049,0.101,4.01256198434895e-53,"1","Bcl2l13"
3.97211429350061e-67,0.356238428127507,0.057,0.115,8.31403242772612e-63,"1","Ankrd37"
6.98223348361819e-70,0.355228499338509,0.101,0.188,1.46145129045612e-65,"1","Casp8ap2"
3.07476248262233e-59,0.355092847122956,0.047,0.1,6.43578535237679e-55,"1","Smad1"
2.38814263898597e-72,0.354826646316306,0.059,0.124,4.99862135766154e-68,"1","Stam"
6.98677674135263e-83,0.35470801929149,0.159,0.286,1.46240223973252e-78,"1","Gse1"
1.95952197612147e-48,0.354681455505207,0.286,0.458,4.10147544821985e-44,"1","Bbs7"
4.90424023720194e-77,0.353075991365268,0.077,0.154,1.02650652404874e-72,"1","Rbl2"
1.31427382993026e-91,0.352633423701936,0.133,0.252,2.75090655342703e-87,"1","Aqr"
4.15508411475738e-77,0.352282418427069,0.084,0.166,8.69700656059867e-73,"1","Armc8"
3.23829404777755e-34,0.35187219832933,0.329,0.511,6.77807327140318e-30,"1","Rhot1"
2.40183446079758e-64,0.35180585074543,0.056,0.114,5.02727970989541e-60,"1","Mrpl4"
1.63570809575062e-45,0.35129570601874,0.275,0.436,3.42370061521562e-41,"1","Atxn1"
2.00565224464578e-63,0.351203359935195,0.106,0.188,4.19803071326808e-59,"1","Pdcd4"
1.61051323492714e-100,0.351186656469425,0.083,0.176,3.37096525202599e-96,"1","Gpr152"
3.18701979625891e-62,0.350308315146483,0.052,0.108,6.67075113554952e-58,"1","Dnaja4"
2.06431955828753e-66,0.349461115550135,0.191,0.319,4.32082726745162e-62,"1","Eno2"
1.02696705091932e-57,0.34917305336503,0.093,0.168,2.14954473427923e-53,"1","Lmnb1"
2.60963096061745e-61,0.34848372420028,0.063,0.124,5.46221856366839e-57,"1","Ero1l"
2.38875049476125e-70,0.348269521708411,0.055,0.116,4.99989366058478e-66,"1","Atf1"
5.91574691856247e-36,0.348041843153673,0.075,0.12,1.23822498752431e-31,"1","Ier2"
6.8318093227627e-74,0.34747905548519,0.074,0.147,1.42996600934746e-69,"1","Psmd13"
4.26053877246792e-65,0.347306517790252,0.143,0.248,8.9177337046526e-61,"1","Taf7"
2.16789046360185e-70,0.346952839164084,0.206,0.35,4.53761152936503e-66,"1","Meis2"
1.67366606706394e-53,0.346820075693069,0.196,0.318,3.50315044497153e-49,"1","Trib2"
1.68989349910218e-77,0.346743967439326,0.092,0.177,3.53711608297077e-73,"1","Qrich1"
3.08036751288547e-64,0.34619140281068,0.065,0.129,6.44751724122058e-60,"1","Zbtb11"
1.16583095468952e-59,0.346108798292595,0.211,0.348,2.44020077126063e-55,"1","Wac"
3.14571747309348e-75,0.345778253492508,0.094,0.18,6.58430124293197e-71,"1","Mif4gd"
6.91813154824716e-78,0.345555764162343,0.119,0.221,1.44803411436361e-73,"1","Zbtb44"
6.58659679023616e-77,0.345294487211116,0.066,0.138,1.37864057416433e-72,"1","Ofd1"
5.26012878013764e-91,0.344041899207991,0.088,0.18,1.10099755497061e-86,"1","Ift80"
2.09254138021128e-82,0.343263575239318,0.11,0.209,4.37989836292023e-78,"1","Tmem42"
2.99099879205729e-73,0.343105990636076,0.096,0.181,6.26045957165511e-69,"1","Rcor3"
2.72080519758654e-62,0.342799548607888,0.058,0.117,5.69491735906839e-58,"1","Zfp110"
4.60984370154594e-75,0.342602298124213,0.108,0.202,9.64886385170581e-71,"1","Mob1b"
5.05754250809869e-67,0.342587809448662,0.076,0.147,1.05859422237014e-62,"1","Sypl"
3.80082131159334e-81,0.342408410561619,0.094,0.184,7.95549908729601e-77,"1","Abhd17b"
8.86797219984101e-90,0.34232659485585,0.106,0.206,1.85615526114872e-85,"1","Abhd14a"
4.00521654409237e-58,0.34210190400792,0.059,0.117,8.38331874843974e-54,"1","Specc1l"
1.12938441200629e-21,0.341940869378055,0.364,0.527,2.36391451277036e-17,"1","Top1"
3.05076795699502e-60,0.341769072027782,0.064,0.124,6.38556241078627e-56,"1","Gpank1"
3.07451832225105e-78,0.341672953134351,0.066,0.138,6.43527430030367e-74,"1","Itsn1"
2.96034434790656e-63,0.341107196814632,0.083,0.157,6.19629675460322e-59,"1","Topors"
7.96015000669464e-78,0.341011519477281,0.051,0.113,1.66613899790126e-73,"1","Prmt5"
6.03150105917566e-76,0.340907518247724,0.071,0.145,1.26245348669606e-71,"1","Rps6ka2"
5.55729174166817e-95,0.33996634002323,0.118,0.231,1.16319673444856e-90,"1","Usp7"
3.35208196784627e-77,0.339927863151644,0.084,0.166,7.01624276689904e-73,"1","Fam229b"
7.33700697864752e-76,0.339899559161332,0.153,0.271,1.53570893070071e-71,"1","Fip1l1"
6.12574675024856e-70,0.339893638173116,0.199,0.339,1.28218005229453e-65,"1","Birc6"
4.38359168006942e-71,0.339312862492564,0.053,0.114,9.17529574555331e-67,"1","A930033H14Rik"
7.36723857860461e-64,0.338830136265372,0.05,0.104,1.54203670688773e-59,"1","5530601H04Rik"
9.0843559349138e-68,0.338705680612151,0.198,0.334,1.90144654073681e-63,"1","Ddx39b"
1.9172045903733e-57,0.33853585326473,0.081,0.15,4.01290092811035e-53,"1","Elavl1"
3.64257962426599e-54,0.338352714824654,0.05,0.101,7.62428341155115e-50,"1","Pias2"
3.81585166436348e-82,0.338198875688917,0.087,0.173,7.98695911867921e-78,"1","Zc3h18"
7.22845654791405e-82,0.338011368481864,0.096,0.186,1.51298824004389e-77,"1","Dcaf11"
1.08780774519281e-71,0.337980392119984,0.084,0.162,2.27689039146307e-67,"1","Dhx8"
1.01577140390071e-87,0.337557415727226,0.104,0.202,2.12611112550458e-83,"1","Gpatch11"
1.68872631712319e-68,0.337465621639543,0.155,0.265,3.53467305437054e-64,"1","Ogdh"
1.39694249886841e-83,0.336410385818566,0.114,0.216,2.92394034438146e-79,"1","Polr3k"
1.81427021933196e-11,0.336399853098455,0.434,0.621,3.79744899608372e-07,"1","Cadm1"
1.46309937435172e-45,0.336217060863275,0.068,0.123,3.06241330045559e-41,"1","Casc4"
3.67244526167644e-62,0.336117613172694,0.048,0.101,7.68679517721496e-58,"1","Colgalt1"
1.08791126221951e-46,0.336105751778629,0.289,0.457,2.27710706295165e-42,"1","Zfand6"
5.84277316817389e-77,0.335761138363102,0.069,0.142,1.22295085183048e-72,"1","Tchp"
6.25109502959782e-61,0.334691025883133,0.049,0.102,1.30841670064512e-56,"1","Pdcd6"
1.22125289641272e-66,0.334561453665917,0.201,0.34,2.55620443748147e-62,"1","Zfp871"
1.81005351318172e-92,0.334533029136687,0.081,0.169,3.78862300844067e-88,"1","Bbs2"
4.10386893006082e-76,0.334473496088826,0.126,0.23,8.5898080575103e-72,"1","Gtpbp4"
4.92204395662087e-40,0.334398104605293,0.271,0.417,1.03023302056031e-35,"1","Tra2b"
2.29589414891839e-35,0.334153475505081,0.302,0.465,4.80553604310109e-31,"1","Chd7"
3.91765764199576e-88,0.333850881332413,0.153,0.281,8.20004921046133e-84,"1","Ube2v2"
6.03958474411221e-56,0.333646816203063,0.266,0.433,1.26414548279013e-51,"1","Napb"
1.24198476861531e-83,0.332482077184414,0.094,0.185,2.59959831918871e-79,"1","Zc3h4"
7.8022947146603e-75,0.331793885621071,0.174,0.305,1.63309830672555e-70,"1","Cpt1a"
7.31126777238201e-76,0.330786399025534,0.055,0.119,1.53032145743728e-71,"1","Tsga10"
4.48669443045891e-73,0.330739015550713,0.071,0.143,9.39110011239355e-69,"1","Anapc10"
2.23278886775949e-78,0.330097922744368,0.046,0.106,4.6734503791074e-74,"1","Rpa3"
1.67756500175543e-82,0.329354559865442,0.125,0.233,3.51131130517428e-78,"1","Kdsr"
1.16558428621389e-27,0.329134677277354,0.312,0.467,2.4396844694743e-23,"1","Slc16a6"
7.72143395959643e-69,0.327341308372294,0.066,0.133,1.61617334208313e-64,"1","Ptch1"
3.81912346920858e-87,0.327066330333646,0.146,0.268,7.99380733340048e-83,"1","Baz1b"
6.01011509526364e-88,0.327060115156892,0.091,0.182,1.25797719058963e-83,"1","Prpf31"
9.55477098337287e-73,0.326817525563694,0.053,0.115,1.99990911452977e-68,"1","Lats2"
4.26349571344263e-90,0.326396261858617,0.164,0.3,8.92392287780677e-86,"1","Hipk3"
4.18649559682584e-80,0.325914660188562,0.081,0.163,8.76275393371617e-76,"1","Ppil2"
2.1258805264905e-77,0.325428024946134,0.083,0.163,4.44968052999726e-73,"1","Gtf3c1"
7.26637182000373e-74,0.32491718177701,0.048,0.107,1.52092428564498e-69,"1","Lmbrd2"
3.98430523953058e-86,0.324618716028191,0.095,0.188,8.33954929686146e-82,"1","Myo9a"
3.16840953400539e-82,0.323831206275078,0.08,0.162,6.63179799562669e-78,"1","Ndst1"
7.93217962645102e-15,0.323793751666344,0.387,0.559,1.66028451761246e-10,"1","Kdm5b"
1.01705437087141e-71,0.323358620286371,0.143,0.253,2.12879650367095e-67,"1","Rock2"
1.39708977091835e-65,0.323049075744516,0.05,0.107,2.92424859950919e-61,"1","Ncoa5"
9.16482122201923e-91,0.322984213373401,0.172,0.314,1.91828872998085e-86,"1","Exoc3"
2.96527375794138e-73,0.322865010821555,0.079,0.155,6.2066145027471e-69,"1","Snapc1"
2.80612757298546e-65,0.322758487467954,0.051,0.107,5.87350562301586e-61,"1","Dcaf13"
5.99014177041042e-85,0.322623495669556,0.061,0.133,1.2537965739646e-80,"1","Mob2"
8.15971166496576e-71,0.322314339441395,0.059,0.123,1.70790924859398e-66,"1","Smad5"
1.78935973163119e-99,0.322205056321723,0.117,0.231,3.74530885427724e-95,"1","Llgl2"
2.94826380502799e-110,0.322109612752791,0.14,0.274,6.17101097030408e-106,"1","Polb"
1.09710983447245e-45,0.322101183016232,0.299,0.47,2.29636059453428e-41,"1","Agpat5"
2.88055758752425e-85,0.321768542884124,0.132,0.246,6.02929508644701e-81,"1","Txndc9"
2.6766036558574e-81,0.321698117213125,0.095,0.185,5.60239911207511e-77,"1","Ube4a"
9.61843942147418e-92,0.321551909112369,0.125,0.238,2.01323555530876e-87,"1","Nsrp1"
1.10383210229761e-67,0.320542082751583,0.105,0.191,2.31043097331913e-63,"1","Tjp1"
7.49987353416845e-95,0.31976425187231,0.1,0.201,1.5697985294368e-90,"1","Me2"
1.53144017397857e-87,0.31879310730169,0.07,0.149,3.20545742815455e-83,"1","Dnajc13"
1.6267728609255e-74,0.318598393856458,0.087,0.168,3.40499827520317e-70,"1","Ddx21"
1.05646593865851e-73,0.318548766070321,0.067,0.138,2.21128885620613e-69,"1","Trip4"
2.65175563741286e-78,0.31793091788157,0.207,0.358,5.55038972466886e-74,"1","Nrd1"
4.66149158669624e-70,0.317178530018336,0.182,0.311,9.75696804011391e-66,"1","Trip11"
4.8580581500015e-84,0.316953423441619,0.137,0.252,1.01684015137681e-79,"1","Supt6"
2.24374980661802e-73,0.315592154033259,0.049,0.109,4.69639272023219e-69,"1","Utp6"
9.81142007698602e-61,0.315440731682685,0.05,0.104,2.05362833631394e-56,"1","Ssh1"
4.49754125331429e-87,0.315240422463193,0.108,0.209,9.41380359731213e-83,"1","Aftph"
6.22136237203639e-74,0.315131173487139,0.062,0.13,1.30219335809094e-69,"1","Ccser2"
4.74040304523903e-83,0.315060164595383,0.19,0.336,9.92213761398981e-79,"1","Rnf6"
5.03554189799315e-71,0.314889098679505,0.065,0.133,1.05398927466895e-66,"1","Ubap1"
1.59987212743912e-55,0.31422741900018,0.055,0.108,3.34869234994282e-51,"1","Evi5"
2.48863067526427e-67,0.313537255907747,0.074,0.144,5.20895286639564e-63,"1","Ttbk2"
6.95383833444771e-64,0.313367193054774,0.049,0.103,1.45550790178325e-59,"1","Lrit3"
1.27274692861643e-86,0.313000097751532,0.058,0.128,2.66398659628706e-82,"1","Itfg1"
1.11327761300217e-95,0.312654373638837,0.114,0.224,2.33020137177485e-91,"1","Usp10"
1.22721432620186e-72,0.311828815027413,0.055,0.118,2.56868230617312e-68,"1","Coq5"
2.61151692889904e-56,0.311508776096708,0.064,0.116,5.46616608387857e-52,"1","Snhg3"
3.87096641722964e-80,0.311241882560712,0.07,0.146,8.10231980790335e-76,"1","Zfp260"
4.77804204553958e-77,0.310931574958133,0.067,0.139,1.00009198055189e-72,"1","Blzf1"
4.267623724372e-24,0.31071203054859,0.366,0.544,8.93256321748304e-20,"1","Gsk3b"
4.31565517875528e-91,0.309900745513122,0.142,0.265,9.03309785465268e-87,"1","Zfp787"
5.45305536224089e-92,0.309777064857512,0.072,0.153,1.14137901787064e-87,"1","Rpap3"
3.69736875262651e-91,0.30918957551293,0.148,0.273,7.73896253612255e-87,"1","Gnb3"
1.36523528229927e-78,0.308768842315518,0.085,0.168,2.8575739693806e-74,"1","Map3k1"
4.57183492682355e-67,0.308385531351155,0.239,0.399,9.56930768533437e-63,"1","Ppm1b"
3.77577094755115e-70,0.308300874271017,0.055,0.117,7.9030661703193e-66,"1","St6galnac2"
7.07535803261304e-82,0.308173922611971,0.075,0.153,1.48094318980624e-77,"1","Gm11961"
4.69300856749231e-72,0.308170441080702,0.077,0.151,9.82293623261815e-68,"1","Vps37c"
1.0118535017781e-59,0.307849167027154,0.062,0.122,2.11791056457173e-55,"1","Kif13a"
1.74317543418932e-93,0.307459140023942,0.099,0.199,3.64864050130167e-89,"1","Tecpr1"
4.13396958600222e-91,0.307258578069462,0.066,0.144,8.65281174046124e-87,"1","Cab39l"
8.2633300794949e-72,0.307232030213269,0.054,0.115,1.72959761893908e-67,"1","Mis12"
1.25162600714187e-76,0.307225524475584,0.076,0.152,2.61977839554866e-72,"1","Mcts1"
3.27316177906207e-74,0.305723851754329,0.062,0.13,6.85105491975482e-70,"1","Socs4"
1.60250208427553e-84,0.305248662512568,0.109,0.208,3.35419711259711e-80,"1","Gmps"
7.06169619337134e-15,0.305013208553492,0.403,0.57,1.47808363023456e-10,"1","Atxn7l3b"
5.0081076527395e-80,0.304913180362471,0.131,0.24,1.04824701279491e-75,"1","Stox2"
3.97720733486832e-78,0.304413074062691,0.201,0.348,8.32469267261289e-74,"1","Ckap5"
3.34182494450106e-88,0.304370899287928,0.084,0.172,6.99477379133517e-84,"1","Abca5"
2.00014021350671e-12,0.304187092581036,0.415,0.585,4.18649348089089e-08,"1","Atf4"
9.08444561457815e-72,0.304050015020898,0.063,0.13,1.90146531158735e-67,"1","Lrrcc1"
7.15997555351459e-91,0.303823048120999,0.079,0.165,1.49865448310614e-86,"1","Phrf1"
1.99084699159671e-74,0.303508529473232,0.052,0.114,4.16704183811108e-70,"1","Ankib1"
3.45615619948385e-79,0.303063263107984,0.075,0.152,7.23408054113964e-75,"1","Ddx52"
9.00635264856917e-56,0.30289425406709,0.05,0.101,1.88511967287201e-51,"1","Dnajb9"
2.50455893228957e-80,0.302734218064725,0.067,0.14,5.24229230117531e-76,"1","Zfp60"
8.98587921575632e-56,0.30259421186987,0.287,0.463,1.88083437864996e-51,"1","Tcf25"
3.92517097350709e-68,0.30249174174314,0.073,0.144,8.21577536464769e-64,"1","Socs5"
6.97126029200267e-63,0.302403884026226,0.049,0.103,1.45915449171908e-58,"1","Bag4"
7.86662103692663e-92,0.302036861049898,0.164,0.301,1.64656244923911e-87,"1","Ift74"
2.81840341781471e-67,0.301895446904695,0.221,0.371,5.89920019382796e-63,"1","Synj1"
4.57507831644579e-73,0.301852353396753,0.075,0.148,9.57609642415269e-69,"1","Tomm40"
1.35829321569489e-89,0.301700235015979,0.179,0.322,2.84304352977097e-85,"1","Slc3a2"
3.11141245095344e-96,0.301673366717158,0.075,0.16,6.51249740109065e-92,"1","Marf1"
3.71246893208532e-91,0.301433339274746,0.08,0.168,7.77056872174777e-87,"1","Ezh1"
1.02959674882675e-29,0.301211057658749,0.328,0.487,2.15504895496926e-25,"1","Macf1"
6.10238100490183e-103,0.300572001181055,0.134,0.252,1.277289368136e-98,"1","Tmem208"
2.53848701602941e-84,0.299815618135686,0.128,0.239,5.31330717325116e-80,"1","Ufl1"
6.70246884042636e-73,0.299292048948909,0.05,0.11,1.40289375298964e-68,"1","Shroom3"
9.34255003990374e-99,0.298454263486436,0.109,0.211,1.95548914885225e-94,"1","Mrps26"
8.67283469930136e-66,0.298299198070762,0.057,0.116,1.81531103091077e-61,"1","Rpp25l"
2.94783721266902e-70,0.298147918235691,0.061,0.125,6.17011806983753e-66,"1","Mrps22"
1.30435205954036e-78,0.297748341659105,0.178,0.313,2.73013929582393e-74,"1","Gigyf2"
7.04572859649825e-84,0.296466201215941,0.083,0.168,1.47474145253305e-79,"1","Fam160a1"
1.35198617845983e-89,0.296083130452316,0.072,0.153,2.82984227013427e-85,"1","Phf8"
2.85935199416639e-73,0.295612207027424,0.072,0.144,5.98490965898968e-69,"1","Mylip"
1.24804473373796e-64,0.294533598762697,0.055,0.111,2.61228243218692e-60,"1","Snx17"
3.22366590956599e-78,0.29384431829268,0.066,0.138,6.74745511531257e-74,"1","Npat"
2.29485899851007e-92,0.293772567797799,0.139,0.26,4.80336936978143e-88,"1","Cebpz"
3.48759031404567e-58,0.293668544309293,0.283,0.458,7.29987528632899e-54,"1","Dync1i2"
9.55562747974825e-56,0.293437672383887,0.252,0.406,2.00008838778611e-51,"1","Eif5"
3.13604911197461e-64,0.293433687925286,0.048,0.103,6.56406439627406e-60,"1","Slc25a16"
3.74507704001903e-64,0.293221472345165,0.072,0.139,7.83882075246384e-60,"1","Cpeb3"
2.03390535269229e-92,0.292368322951604,0.125,0.239,4.25716729372023e-88,"1","Kpna1"
7.68409305325968e-80,0.292214392623703,0.116,0.217,1.60835751697778e-75,"1","Phf20"
1.57345475526442e-87,0.290813148821941,0.063,0.139,3.29339814824396e-83,"1","Dym"
4.41880868365109e-93,0.290640670697557,0.055,0.128,9.24900845575011e-89,"1","Mycbp"
6.36489464007608e-106,0.290121310696936,0.152,0.29,1.33223609711432e-101,"1","Rhot2"
7.26450143916434e-78,0.289873430065812,0.241,0.416,1.52053279623149e-73,"1","Anapc16"
7.55438340821924e-101,0.289338721478061,0.077,0.167,1.58120799117437e-96,"1","Srrt"
6.45659851808101e-78,0.289249280668113,0.095,0.182,1.35143063581954e-73,"1","Kin"
1.22722657594889e-81,0.288936673171635,0.054,0.121,2.56870794611861e-77,"1","Vps41"
9.3114920170408e-91,0.288272751316063,0.149,0.275,1.94898839408681e-86,"1","Lurap1l"
3.04528327443755e-84,0.288099465054613,0.079,0.16,6.37408242172523e-80,"1","Malsu1"
1.07934721497888e-87,0.287490679430839,0.112,0.216,2.2591816556723e-83,"1","Wbp11"
1.32325856785326e-63,0.287416677987647,0.051,0.107,2.76971250837366e-59,"1","Phactr2"
2.86607608897304e-72,0.287325793354711,0.188,0.323,5.99898386182947e-68,"1","Jam2"
1.54052344198443e-79,0.286423776822479,0.069,0.143,3.22446961641762e-75,"1","Bicral"
2.1930949993036e-91,0.285686827288677,0.104,0.205,4.59036714304237e-87,"1","Mdm2"
1.18127974805094e-79,0.285109578243616,0.088,0.173,2.47253664064542e-75,"1","Peli2"
1.55843485658714e-66,0.284965931171744,0.047,0.101,3.26195999832255e-62,"1","Ap3m2"
7.07134109405356e-85,0.284954318604588,0.053,0.12,1.48010240439635e-80,"1","Fam149b"
6.8343617661466e-82,0.284058354395892,0.062,0.132,1.43050026127214e-77,"1","Ppm1h"
3.14351287380146e-69,0.283763482877097,0.085,0.159,6.57968679615383e-65,"1","Wtap"
1.17715149084463e-74,0.283533068167178,0.091,0.175,2.4638957854869e-70,"1","Peli1"
3.66199640150226e-80,0.28346809388038,0.243,0.417,7.66492466798438e-76,"1","Tmem167"
2.17280244877304e-101,0.282536498904577,0.089,0.186,4.54789280552685e-97,"1","Atp6v1h"
1.10339695100047e-06,0.282494923310281,0.449,0.617,0.0230952015813909,"1","Prrc2c"
3.85192592574551e-69,0.282071109537235,0.046,0.102,8.06246615517792e-65,"1","Pmpca"
8.24965764443214e-65,0.281899191856623,0.069,0.134,1.72673584155609e-60,"1","Prkacb"
4.34894704039366e-59,0.281512789891608,0.243,0.397,9.10278105024797e-55,"1","Ric8b"
2.37035157138186e-98,0.281448804950302,0.098,0.199,4.96138287405937e-94,"1","Rfc1"
7.67854425091972e-123,0.280761806968799,0.178,0.344,1.60719609716001e-118,"1","Crocc"
2.94445893977825e-77,0.279874662263444,0.049,0.111,6.16304700684986e-73,"1","Slc31a1"
2.84921689077935e-81,0.279488946276898,0.095,0.185,5.96369587409026e-77,"1","Ergic2"
4.37297563921965e-92,0.279421161745781,0.141,0.264,9.15307531045064e-88,"1","Kdm5c"
1.45319112970138e-60,0.279071198738451,0.09,0.17,3.04167435357797e-56,"1","Cplx3"
4.38753380240474e-71,0.27892915863117,0.075,0.144,9.18354700181336e-67,"1","Hilpda"
9.87702586637548e-92,0.278053405538969,0.202,0.361,2.06736028409105e-87,"1","Bbs5"
4.23339543347374e-73,0.277723221232858,0.096,0.181,8.86091998180388e-69,"1","Klhdc2"
5.37462559685562e-98,0.277515462454932,0.14,0.266,1.12496288367785e-93,"1","Atp11a"
4.5561274643709e-89,0.276569519057687,0.082,0.169,9.53643039567474e-85,"1","Parp1"
9.46936308056704e-79,0.276207809671825,0.057,0.124,1.98203238639349e-74,"1","Keap1"
2.66178158359181e-59,0.275288369236279,0.049,0.102,5.57137503261601e-55,"1","Pcyt1a"
2.43619262571646e-78,0.275116831931465,0.046,0.104,5.09919478488713e-74,"1","Derl2"
5.78415222680178e-71,0.275087829675073,0.048,0.105,1.21068090259188e-66,"1","1700021F05Rik"
1.10431088234048e-80,0.274892151431911,0.055,0.121,2.31143310782685e-76,"1","Gpam"
9.71280492591827e-86,0.274525581013412,0.119,0.222,2.03298719904395e-81,"1","Paxx"
2.39215186368506e-103,0.274167557593287,0.089,0.188,5.0070130658792e-99,"1","Mrps10"
7.22274518488569e-98,0.272555069742089,0.105,0.21,1.51179279464842e-93,"1","Glyr1"
7.67665928035094e-91,0.272238845829464,0.082,0.17,1.60680155397026e-86,"1","P4htm"
2.88779766746949e-101,0.271434806132915,0.102,0.207,6.0444492977804e-97,"1","U2af2"
3.75740432369325e-89,0.270621142812541,0.051,0.118,7.86462298992235e-85,"1","Tbc1d17"
7.81741954484697e-85,0.270426589088253,0.048,0.112,1.63626408493192e-80,"1","Tmed5"
1.10295803045732e-83,0.268931612300196,0.073,0.152,2.30860145355021e-79,"1","Zfp637"
5.5597914900307e-96,0.268588842414442,0.168,0.31,1.16371995677833e-91,"1","Ppm1a"
2.99445885473425e-69,0.268252190306228,0.066,0.133,6.26770182884426e-65,"1","Pds5b"
1.18910247335915e-61,0.268179787375928,0.049,0.103,2.48891038698803e-57,"1","Maip1"
8.21930873119648e-95,0.267802939370971,0.092,0.187,1.72038351052674e-90,"1","Ube2w"
1.54426418895432e-94,0.267619511727148,0.07,0.152,3.2322993739003e-90,"1","Mtmr3"
1.33235237644766e-75,0.266815323703722,0.108,0.201,2.78874675914259e-71,"1","Tcerg1"
9.22832412961566e-87,0.266620079978593,0.13,0.243,1.93158052356985e-82,"1","Pgp"
4.46646918827959e-75,0.26585507952642,0.055,0.119,9.34876665798802e-71,"1","Smarcc1"
2.6317863454345e-70,0.265666014061846,0.064,0.13,5.50859199962895e-66,"1","Ppp2r2a"
2.21893501943875e-92,0.264392821030429,0.108,0.212,4.64445288918725e-88,"1","Kdm7a"
4.03360993511936e-103,0.264173220260375,0.159,0.299,8.44274895519833e-99,"1","Ablim1"
1.30446737316133e-83,0.263634167434101,0.054,0.119,2.73038065876397e-79,"1","Ttc7b"
2.47464180217243e-71,0.263429870148407,0.065,0.132,5.17967275612712e-67,"1","Fem1b"
3.6709286701853e-93,0.263108696109181,0.217,0.386,7.68362079956485e-89,"1","Nim1k"
4.61978647778015e-19,0.261932346082457,0.403,0.585,9.66967507664162e-15,"1","Tob2"
7.8501476934574e-78,0.261756492312769,0.212,0.365,1.64311441371757e-73,"1","Smarca5"
3.20393937933808e-81,0.261586123760584,0.196,0.343,6.70616551489253e-77,"1","Lpcat1"
5.47800621499812e-71,0.261058451991813,0.073,0.145,1.14660148086126e-66,"1","Tbc1d30"
9.48127243538771e-82,0.260556972562776,0.046,0.107,1.984525133451e-77,"1","Hivep1"
1.50890584091357e-77,0.260369263574217,0.046,0.105,3.15829081561619e-73,"1","Sgpp1"
1.89294083507474e-70,0.260143242796451,0.259,0.434,3.96211446189494e-66,"1","Hnrnpl"
3.02048194693474e-55,0.260018865757456,0.256,0.414,6.3221707631291e-51,"1","Dyrk2"
3.10566327339262e-112,0.259665349458575,0.097,0.205,6.5004637975381e-108,"1","Lima1"
2.58977238143695e-85,0.258101195648371,0.167,0.3,5.42065257158567e-81,"1","Pik3ca"
5.47826264948166e-62,0.257948278065639,0.061,0.122,1.14665515516301e-57,"1","Nckap1"
1.09819568568604e-98,0.257902847063657,0.135,0.259,2.29863338970945e-94,"1","Abcg1"
1.94270437315167e-66,0.257871598180937,0.113,0.202,4.06627452344376e-62,"1","Acbd3"
9.58634075130032e-67,0.257708253696419,0.056,0.117,2.00651698265467e-62,"1","Mrps31"
3.59720339193856e-80,0.256881365467757,0.073,0.148,7.52930641966661e-76,"1","Plgrkt"
8.48216934842573e-83,0.256526251481524,0.053,0.118,1.77540286631899e-78,"1","Lemd3"
1.80701550371829e-78,0.256351331117914,0.054,0.119,3.78226415083274e-74,"1","Alkbh8"
6.61199830979516e-82,0.256107962808204,0.053,0.118,1.38395736622323e-77,"1","Mkrn2"
2.83932058784228e-92,0.256087300667903,0.096,0.191,5.94298192241268e-88,"1","Smpd2"
4.90571378930114e-91,0.255562377398339,0.103,0.203,1.02681495323862e-86,"1","Brsk2"
1.80627194272749e-70,0.255213696943559,0.233,0.39,3.7807078033229e-66,"1","Zfand5"
2.87025091999552e-88,0.255085530703545,0.101,0.198,6.00772220064261e-84,"1","Usp8"
1.68747545420398e-102,0.255056117988964,0.094,0.195,3.53205487319435e-98,"1","Ap1g1"
1.06712621036307e-63,0.253797667444138,0.046,0.1,2.23360187091094e-59,"1","Nufip1"
9.26292210808981e-71,0.253174755727401,0.253,0.425,1.93882222644428e-66,"1","Csnk2a1"
9.26084276537246e-70,0.252612154977882,0.046,0.101,1.93838699922011e-65,"1","Vps26a"
5.46503494117435e-107,0.25260504396965,0.113,0.227,1.1438864635372e-102,"1","Abi2"
3.13625223030776e-79,0.252584429509863,0.175,0.305,6.56448954325716e-75,"1","Syne1"
5.32898438461455e-91,0.25257137351006,0.071,0.152,1.11540972154367e-86,"1","Usp37"
1.33345225938946e-101,0.251856598828757,0.121,0.238,2.79104892412807e-97,"1","Hipk2"
8.89636951498659e-83,0.251723935500435,0.059,0.129,1.86209910318184e-78,"1","Cep104"
1.77852126357793e-86,0.251383157187319,0.078,0.159,3.72262285679497e-82,"1","Stk16"
1.1784364282411e-115,0.251045494717831,0.1,0.212,2.46658528795145e-111,"1","Slc1a7"
1.55277059455482e-70,0.250930387164044,0.054,0.115,3.25010413146269e-66,"1","Rnf168"
1.21648365824393e-110,0.250679912754446,0.102,0.211,2.54622194507037e-106,"1","Ola1"
7.04866199316713e-71,0.250362324976962,0.233,0.391,1.47535544178981e-66,"1","Kras"
0,2.19284287114906,0.192,0.029,0,"2","Gstp1"
0,2.08017589226463,0.953,0.551,0,"2","Rbp3"
0,1.99405445433361,0.852,0.302,0,"2","Cpe"
0,1.89901998195411,0.925,0.468,0,"2","Rplp1"
0,1.89111882755015,0.803,0.27,0,"2","Clstn1"
0,1.88183184125897,0.504,0.094,0,"2","Cops9"
0,1.86490638022441,0.521,0.112,0,"2","Uba52"
0,1.85813005459078,0.331,0.056,0,"2","P4hb"
0,1.85760701152743,0.892,0.373,0,"2","Fau"
0,1.82332249404883,0.295,0.062,0,"2","Gm8797"
0,1.8085586152633,0.293,0.042,0,"2","Atox1"
0,1.78555421676844,0.18,0.023,0,"2","Gm11808"
0,1.7842337925809,0.563,0.118,0,"2","Canx"
0,1.77823731522545,0.205,0.032,0,"2","Mea1"
0,1.77206638491232,0.796,0.276,0,"2","Rps4x"
0,1.76631043798406,0.932,0.538,0,"2","Ndufa4"
0,1.76012556081672,0.885,0.408,0,"2","Smim40"
0,1.74698693236283,0.723,0.228,0,"2","Eef2"
0,1.72792802071086,0.803,0.296,0,"2","Rps5"
0,1.72449648577644,0.717,0.215,0,"2","Zfp385a"
0,1.70628958191147,0.946,0.532,0,"2","Fth1"
0,1.70372297534649,0.162,0.026,0,"2","Bloc1s1"
0,1.69803146766802,0.86,0.38,0,"2","Rpl26"
0,1.69798449139483,0.844,0.389,0,"2","Rps15"
0,1.68718750849109,0.618,0.153,0,"2","Rpl35"
0,1.68099281909812,0.932,0.544,0,"2","Rps8"
0,1.66767512630305,0.875,0.396,0,"2","Atp1a3"
0,1.66269495805118,0.23,0.038,0,"2","Chga"
0,1.65783180674064,0.857,0.363,0,"2","Rpl7"
0,1.65760542066304,0.804,0.299,0,"2","Cdhr1"
0,1.65575744808231,0.203,0.035,0,"2","Nin"
0,1.65008032236887,0.214,0.034,0,"2","Dctpp1"
0,1.64627836289811,0.839,0.336,0,"2","Rpl28"
0,1.64478016687749,0.932,0.554,0,"2","Rpl9"
0,1.64370444375264,0.327,0.059,0,"2","1110008P14Rik"
0,1.64359891520724,0.759,0.257,0,"2","Ndufb8"
0,1.64356744541647,0.852,0.351,0,"2","Rpl11"
0,1.63918834511628,0.83,0.338,0,"2","Rplp2"
0,1.63628068636587,0.821,0.328,0,"2","Uqcrh"
0,1.63301467817702,0.86,0.377,0,"2","Rpl18a"
0,1.63160941559751,0.763,0.264,0,"2","Rps19"
0,1.63060042820534,0.676,0.191,0,"2","Selenow"
0,1.62213740643362,0.816,0.297,0,"2","Rpl32"
0,1.62142019635847,0.86,0.349,0,"2","Cox8a"
0,1.61940991609657,0.621,0.175,0,"2","Grcc10"
0,1.61775699557613,0.878,0.4,0,"2","Rps20"
0,1.6114764791078,0.999,0.99,0,"2","Rho"
0,1.6112262690115,0.993,0.875,0,"2","Pde6g"
5.32319649357431e-295,1.61103123194117,0.104,0.017,1.11419825807004e-290,"2","Gm10260"
0,1.60851402848038,0.926,0.562,0,"2","Tpt1"
0,1.60735157448072,0.86,0.364,0,"2","Cox4i1"
0,1.60724262379139,0.865,0.389,0,"2","Rpsa"
0,1.60292909296748,0.681,0.196,0,"2","Cox6a1"
0,1.60272052444489,0.616,0.159,0,"2","Ndufv3"
0,1.6019232925574,0.515,0.113,0,"2","Ndufa1"
0,1.59705269075212,0.86,0.402,0,"2","Rps16"
0,1.5954694294872,0.914,0.501,0,"2","Rps24"
0,1.59247682388974,0.523,0.118,0,"2","Tomm6"
0,1.59114516549315,0.847,0.366,0,"2","Rps11"
0,1.58816040970087,0.892,0.441,0,"2","Rpl8"
0,1.58574107595686,0.984,0.731,0,"2","Gapdh"
0,1.58227876688892,0.833,0.351,0,"2","Rps21"
0,1.57688577115857,0.774,0.267,0,"2","Rpl36"
0,1.57225774908099,0.783,0.28,0,"2","Bsg"
0,1.57224237290153,0.79,0.284,0,"2","Hsp90b1"
0,1.57118717772131,0.185,0.044,0,"2","Gm48552"
0,1.57117603068215,0.487,0.11,0,"2","Romo1"
0,1.56948739160179,0.852,0.375,0,"2","Rps3"
0,1.56733257829576,0.985,0.836,0,"2","Tma7"
0,1.56634650417572,0.865,0.397,0,"2","Cox6c"
0,1.55579655762578,0.852,0.395,0,"2","Rpl13a"
0,1.55452438819145,0.512,0.12,0,"2","Ndufs6"
0,1.5539787565683,0.726,0.241,0,"2","Rps26"
0,1.55352875947527,0.831,0.339,0,"2","Rps10"
0,1.54649447219944,0.9,0.469,0,"2","Eef1a1"
0,1.54332830436583,0.2,0.033,0,"2","Gpsm3"
0,1.53814576972564,0.784,0.281,0,"2","Atp5h"
0,1.52983359850735,0.882,0.451,0,"2","Rps14"
0,1.52723955757435,0.887,0.444,0,"2","Rps7"
0,1.52367817454155,0.304,0.053,0,"2","Rpn2"
0,1.52349086925222,0.517,0.122,0,"2","Lsm4"
0,1.52163066916811,0.663,0.184,0,"2","Atp5e"
0,1.51713206761496,0.365,0.076,0,"2","Tmem258"
0,1.5170113386236,0.81,0.353,0,"2","Rps25"
0,1.50995644275925,0.879,0.423,0,"2","Rpl23"
0,1.50927562259637,0.632,0.177,0,"2","Ndufa13"
0,1.50231328723582,0.564,0.142,0,"2","Nedd8"
0,1.50097263477423,0.768,0.276,0,"2","Pfdn5"
0,1.49840344989818,0.506,0.117,0,"2","Tomm7"
0,1.49709373599883,0.793,0.303,0,"2","Rpl14"
0,1.49388002114797,0.872,0.436,0,"2","Rpl21"
0,1.48780811775138,0.891,0.468,0,"2","Rpl30"
0,1.48576339080328,0.752,0.284,0,"2","Rack1"
0,1.48407300993362,0.694,0.226,0,"2","Atp5mpl"
0,1.48406935023165,0.28,0.054,0,"2","Naa38"
0,1.48345451812655,0.907,0.486,0,"2","Rpl13"
0,1.47145316288478,0.481,0.114,0,"2","Chgb"
0,1.46871489341879,0.806,0.348,0,"2","Rps18"
0,1.46849577444137,0.673,0.206,0,"2","Elob"
0,1.46574372848279,0.885,0.496,0,"2","Rps29"
0,1.46275268045822,0.882,0.442,0,"2","Rpl19"
0,1.45968668258454,0.721,0.257,0,"2","Cox5b"
0,1.45917432337432,0.383,0.082,0,"2","Mrps21"
0,1.45763324799249,0.164,0.025,0,"2","Nomo1"
0,1.45591408819012,0.343,0.067,0,"2","Pigt"
0,1.45559826920012,0.769,0.306,0,"2","Ndufb11"
0,1.45536489341689,0.82,0.368,0,"2","Rps12"
0,1.45436888703269,0.667,0.21,0,"2","Cox6b1"
0,1.44733782531883,0.346,0.067,0,"2","Rpn1"
0,1.44630836977064,0.286,0.058,0,"2","Pcp4l1"
0,1.44575796359594,0.426,0.095,0,"2","Prelid1"
0,1.44507486383519,0.306,0.062,0,"2","Gm10076"
0,1.44476980948816,0.878,0.505,0,"2","Rps23"
0,1.44018918498151,0.787,0.312,0,"2","Rpl29"
0,1.43837074689579,0.829,0.364,0,"2","Rpl37a"
0,1.43641085668818,0.805,0.327,0,"2","Rpl27"
0,1.43414999134419,0.838,0.383,0,"2","Rpl3"
0,1.43242318474284,0.319,0.056,0,"2","Uqcc2"
0,1.43120835803193,0.737,0.268,0,"2","Rps28"
0,1.42956307034021,0.53,0.159,0,"2","Eif3f"
0,1.42848696192146,0.633,0.194,0,"2","Ndufa7"
0,1.42474493553446,0.371,0.077,0,"2","Mien1"
0,1.42464989491271,0.833,0.38,0,"2","Rps15a"
0,1.42458975795214,0.739,0.264,0,"2","Rpl22"
0,1.42267918192013,0.465,0.111,0,"2","Dctn3"
0,1.42224652029185,0.99,0.923,0,"2","Gnat1"
0,1.41692821502176,0.908,0.507,0,"2","Rps27a"
0,1.41511415464764,0.683,0.245,0,"2","Rpl12"
0,1.41472854718143,0.703,0.242,0,"2","Hist1h2bc"
0,1.41327811977744,0.934,0.58,0,"2","Gpx4"
0,1.40158566082798,0.62,0.187,0,"2","Atp5md"
0,1.40006803669171,0.633,0.201,0,"2","Cox7a2l"
0,1.39699215843822,0.699,0.231,0,"2","Rpl4"
0,1.39545431429591,0.887,0.471,0,"2","Reep6"
0,1.39368249976197,0.685,0.257,0,"2","Rpl23a"
0,1.39294820463976,0.521,0.152,0,"2","Tle5"
0,1.39266521938626,0.658,0.207,0,"2","Ndufa2"
0,1.38928065879514,0.649,0.219,0,"2","Atp5o"
0,1.38815456010596,0.845,0.384,0,"2","Rpl24"
0,1.38588390348405,0.757,0.284,0,"2","Rpl38"
0,1.38549008034837,0.81,0.363,0,"2","Rps6"
0,1.38342936342773,0.381,0.083,0,"2","Ctsd"
0,1.38326720058928,0.685,0.224,0,"2","Atp5c1"
0,1.38134108264772,0.856,0.394,0,"2","Chchd2"
0,1.38134002048485,0.761,0.3,0,"2","Uqcrq"
0,1.37754125070646,0.882,0.453,0,"2","Rpl41"
0,1.37379227946135,0.838,0.402,0,"2","Rpl17"
0,1.37215926735809,0.772,0.377,0,"2","Ybx1"
0,1.37197555586121,0.959,0.682,0,"2","Pkm"
0,1.37039988764405,0.803,0.347,0,"2","Rps9"
0,1.36946294036757,0.789,0.359,0,"2","Rps17"
0,1.36411717675506,0.588,0.176,0,"2","Rpl36a"
0,1.36250007822667,0.993,0.947,0,"2","Gngt1"
0,1.36220435765886,0.988,0.86,0,"2","Rcvrn"
0,1.35637780917228,0.412,0.112,0,"2","Tcf20"
0,1.35423428594664,0.852,0.39,0,"2","Pgam1"
0,1.35194102072076,0.352,0.077,0,"2","Anapc13"
0,1.35137004914575,0.185,0.034,0,"2","Tmsb15b2"
0,1.35067674035345,0.341,0.07,0,"2","Ost4"
0,1.34950541702321,0.396,0.093,0,"2","Ddt"
0,1.34695277336582,0.812,0.354,0,"2","Rps3a1"
0,1.34240195868959,0.525,0.147,0,"2","Uqcr11"
0,1.33554470957515,0.861,0.419,0,"2","Rpl27a"
1.54561063717012e-271,1.33526101356044,0.107,0.019,3.23511762466078e-267,"2","Tmem59l"
0,1.33493837563962,0.517,0.139,0,"2","Snrpd2"
0,1.33124751325995,0.6,0.185,0,"2","Tspan7"
0,1.33006914833401,0.577,0.167,0,"2","Smdt1"
0,1.32820180320093,0.801,0.343,0,"2","Rpl34"
0,1.32790700977808,0.326,0.07,0,"2","Polr2f"
0,1.32758762489241,0.492,0.123,0,"2","Timm8b"
0,1.32668812753284,0.394,0.088,0,"2","Mrpl34"
0,1.32580120205594,0.577,0.158,0,"2","Spop"
0,1.32505823984767,0.343,0.075,0,"2","Myl12b"
0,1.31710563739875,0.133,0.023,0,"2","Slc39a6"
0,1.31688923531114,0.166,0.033,0,"2","Sp3os"
0,1.31677495982064,0.745,0.282,0,"2","Serf2"
0,1.31441299240564,0.831,0.446,0,"2","Lars2"
0,1.31425924164937,0.269,0.053,0,"2","Clptm1"
0,1.31206429524717,0.442,0.112,0,"2","Eif3k"
0,1.31168161764385,0.225,0.045,0,"2","Cenpx"
0,1.31052178690969,0.257,0.052,0,"2","Ccdc124"
0,1.31049597729372,0.808,0.342,0,"2","Guk1"
0,1.30512795014773,0.393,0.089,0,"2","D8Ertd738e"
0,1.30276451137522,0.772,0.323,0,"2","Rpl39"
0,1.302622479964,0.8,0.355,0,"2","Rpl15"
0,1.30154838468169,0.191,0.037,0,"2","Bola2"
0,1.30056927954622,0.566,0.162,0,"2","Ftl1"
0,1.30052964108501,0.518,0.139,0,"2","Eif3h"
0,1.30008914998544,0.692,0.246,0,"2","Rplp0"
0,1.29647253159056,0.689,0.232,0,"2","Park7"
0,1.29387261469349,0.676,0.226,0,"2","Atp5j"
0,1.29158815678907,0.604,0.178,0,"2","Ndufb7"
0,1.29047776850022,0.738,0.295,0,"2","Rpl18"
0,1.28915817904534,0.876,0.476,0,"2","Rpl10a"
0,1.28741032232342,0.734,0.286,0,"2","Ndufb9"
1.12468825396247e-285,1.28614506707924,0.192,0.055,2.35408498436885e-281,"2","Nenf"
0,1.28518006562781,0.531,0.14,0,"2","Cds1"
0,1.2834539788033,0.324,0.072,0,"2","Tbca"
0,1.28184397457555,0.714,0.269,0,"2","Atp5g1"
0,1.27930384994196,0.399,0.094,0,"2","Psap"
0,1.2792009673477,0.546,0.157,0,"2","Ctsb"
0,1.27879546834373,0.186,0.037,0,"2","Ppdpf"
0,1.27521455293755,0.695,0.253,0,"2","Atp5j2"
0,1.27338526421886,0.58,0.168,0,"2","Ndufc1"
0,1.27171096572235,0.205,0.04,0,"2","Ciao2a"
0,1.27094649949645,0.69,0.251,0,"2","Ubl5"
0,1.27089871985065,0.501,0.13,0,"2","Fis1"
0,1.27076167373562,0.255,0.054,0,"2","Erh"
0,1.27061173284921,0.292,0.065,0,"2","Stard10"
0,1.26893392370319,0.512,0.136,0,"2","Swi5"
0,1.26774496836792,0.42,0.106,0,"2","Use1"
0,1.26509283878185,0.594,0.18,0,"2","Eef1g"
0,1.26456365693867,0.978,0.764,0,"2","Ubb"
0,1.26380425663456,0.718,0.27,0,"2","Cox7a2"
0,1.26215041815668,0.594,0.184,0,"2","Ndufb1-ps"
0,1.26006584289322,0.461,0.126,0,"2","Mfge8"
0,1.2595395204289,0.259,0.052,0,"2","Atp6ap1"
0,1.25680449843251,0.164,0.029,0,"2","Tapbp"
0,1.25667164329255,0.409,0.099,0,"2","Pdia3"
0,1.25501890801305,0.776,0.323,0,"2","Rpl37"
0,1.25405000240584,0.24,0.048,0,"2","Selenoh"
8.01792284316271e-265,1.25258524514623,0.109,0.019,1.67823143030239e-260,"2","Gng11"
0,1.25245634987135,0.804,0.375,0,"2","Rps27"
0,1.25086724728067,0.695,0.24,0,"2","Pebp1"
0,1.24761151929596,0.617,0.209,0,"2","Cox7b"
0,1.24722884877702,0.579,0.181,0,"2","Ndufb4"
0,1.24634153038327,0.24,0.047,0,"2","Sec11c"
0,1.24519667104964,0.133,0.023,0,"2","Rpl9-ps6"
0,1.24402675815861,0.701,0.26,0,"2","Mif"
0,1.24311847436771,0.592,0.182,0,"2","Rpl10"
0,1.24281046304874,0.453,0.12,0,"2","Dynlrb1"
0,1.24184140043505,0.411,0.097,0,"2","Lamtor2"
0,1.23950085097787,0.883,0.482,0,"2","Vtn"
0,1.23925199981268,0.294,0.068,0,"2","Txn1"
0,1.23905190810026,0.207,0.04,0,"2","Amfr"
0,1.23487847360006,0.698,0.258,0,"2","Rpl7a"
0,1.23477900299962,0.356,0.084,0,"2","Serinc3"
0,1.23358210554542,0.534,0.155,0,"2","Ndufa6"
0,1.23228166942268,0.468,0.127,0,"2","Mrpl54"
0,1.22606964431953,0.628,0.198,0,"2","Tmem59"
0,1.22512315359186,0.246,0.05,0,"2","Ndufaf8"
0,1.22126261940434,0.39,0.092,0,"2","Ndufa3"
0,1.21664846107807,0.491,0.132,0,"2","Hsbp1"
0,1.21603401708912,0.593,0.181,0,"2","Ndufa5"
0,1.21178541677247,0.925,0.593,0,"2","Eif1"
0,1.2104108987027,0.135,0.024,0,"2","Kars"
0,1.20942509210767,0.745,0.317,0,"2","Rpl5"
0,1.20029624273668,0.376,0.092,0,"2","Pkig"
1.59188617049566e-275,1.19819040957506,0.136,0.031,3.33197694346446e-271,"2","6330403K07Rik"
0,1.19655715050212,0.444,0.106,0,"2","Atp6ap2"
0,1.19624268869969,0.422,0.114,0,"2","Lamtor4"
0,1.18946229849355,0.795,0.343,0,"2","Ywhae"
0,1.18944064218017,0.252,0.063,0,"2","Taf10"
0,1.18938110457587,0.303,0.069,0,"2","Lsm6"
0,1.18858821732521,0.627,0.196,0,"2","Selenok"
0,1.18758009490207,0.138,0.025,0,"2","Bcl2l2"
0,1.18688022694145,0.81,0.383,0,"2","Rps13"
4.20057141364631e-255,1.185610938085,0.114,0.023,8.79221602590308e-251,"2","Atp9a"
0,1.18463751159559,0.522,0.179,0,"2","Pcsk1n"
0,1.18341733027278,0.431,0.111,0,"2","Polr2j"
0,1.18142706068899,0.956,0.693,0,"2","Rs1"
0,1.17855522676141,0.374,0.092,0,"2","Ndufb6"
0,1.17355255880764,0.542,0.16,0,"2","Dad1"
0,1.17179636536051,0.135,0.025,0,"2","A930041C12Rik"
0,1.16983084216795,0.75,0.309,0,"2","Naca"
3.34908655251845e-308,1.16971311091345,0.14,0.029,7.00997306307636e-304,"2","Praf2"
0,1.16765872916117,0.184,0.04,0,"2","Prxl2b"
0,1.16496447965243,0.605,0.188,0,"2","Commd1"
0,1.16454896368447,0.335,0.08,0,"2","Rex1bd"
0,1.16451216649442,0.96,0.71,0,"2","Aldoa"
0,1.16164724571555,0.904,0.559,0,"2","Prcd"
0,1.161571560209,0.818,0.362,0,"2","Arl3"
0,1.16075814767132,0.683,0.253,0,"2","H2afv"
0,1.15771778764097,0.952,0.706,0,"2","Slc24a1"
0,1.15719237891057,0.598,0.194,0,"2","Ndufb5"
0,1.15572000565525,0.339,0.084,0,"2","Me1"
0,1.15460239867844,0.167,0.034,0,"2","2310009B15Rik"
0,1.15451982955468,0.372,0.094,0,"2","Sec61b"
0,1.15389311305386,0.357,0.084,0,"2","Fam162a"
0,1.15100926134571,0.566,0.184,0,"2","Uqcr10"
0,1.14778541976679,0.425,0.11,0,"2","Lamtor5"
0,1.14652410396345,0.993,0.933,0,"2","Gnb1"
0,1.14335158145566,0.726,0.286,0,"2","Uqcrb"
0,1.14096332622588,0.492,0.135,0,"2","Pomp"
0,1.13769009588687,0.239,0.054,0,"2","Bag1"
0,1.13554534841252,0.619,0.199,0,"2","Scg5"
0,1.13546982520183,0.168,0.038,0,"2","Ccng1"
0,1.13196301392988,0.817,0.389,0,"2","Rpl35a"
0,1.13058755172704,0.153,0.032,0,"2","Meig1"
0,1.12986827081746,0.549,0.173,0,"2","Ap2m1"
0,1.12962597629805,0.438,0.116,0,"2","Lgmn"
0,1.12953813284167,0.322,0.078,0,"2","Mrpl30"
0,1.12941936586024,0.687,0.259,0,"2","Laptm4b"
0,1.12730742880853,0.241,0.053,0,"2","Mettl9"
0,1.12696935659892,0.669,0.243,0,"2","Ndufs5"
0,1.12447640621746,0.539,0.161,0,"2","Ndufa12"
0,1.12358373984405,0.153,0.031,0,"2","Ttll11"
0,1.12272373217507,0.206,0.043,0,"2","Gzmm"
0,1.12260119008176,0.662,0.228,0,"2","Itm2b"
0,1.12122301357275,0.641,0.219,0,"2","Rabac1"
0,1.11834478285224,0.755,0.317,0,"2","Aplp2"
0,1.11727528791684,0.181,0.038,0,"2","Gid4"
0,1.11706414613493,0.678,0.256,0,"2","Atp5g2"
2.60471408487505e-319,1.1159684189022,0.152,0.033,5.45192705105197e-315,"2","Pole4"
0,1.11583480097606,0.19,0.04,0,"2","Kcnab2"
0,1.11515539301778,0.638,0.22,0,"2","Calr"
0,1.11424336277977,0.156,0.032,0,"2","Scarb2"
0,1.1128797502237,0.558,0.181,0,"2","Rpl31"
0,1.11276918409399,0.209,0.043,0,"2","Gnl1"
0,1.11210313156869,0.486,0.142,0,"2","Psmb4"
0,1.11137340865205,0.237,0.053,0,"2","Os9"
0,1.11116992856238,0.343,0.084,0,"2","Eif4b"
0,1.11007494325151,0.605,0.19,0,"2","Selenof"
0,1.10575283472448,0.301,0.069,0,"2","Fkbp2"
0,1.10337668366543,0.367,0.096,0,"2","2410006H16Rik"
0,1.10296283628373,0.398,0.104,0,"2","Akr1a1"
0,1.09741366498541,0.304,0.071,0,"2","Pdia6"
0,1.09725780941634,0.994,0.932,0,"2","Rom1"
0,1.09297081646962,0.775,0.332,0,"2","Fam3c"
0,1.0909738483679,0.298,0.067,0,"2","Dnajb11"
0,1.08883558545355,0.495,0.141,0,"2","Pfdn2"
1.67195120799665e-291,1.08434934232636,0.132,0.027,3.49956107345778e-287,"2","Fdx2"
0,1.08392381519268,0.409,0.114,0,"2","Lamp1"
0,1.08358103624362,0.418,0.115,0,"2","Eef1b2"
0,1.0824201171218,0.244,0.058,0,"2","Zfas1"
0,1.08075984570073,0.7,0.276,0,"2","Cox5a"
0,1.08073843382622,0.548,0.171,0,"2","Pabpc1"
0,1.07968947947403,0.602,0.212,0,"2","Atp5k"
0,1.0779183163729,0.515,0.147,0,"2","Scp2"
1.17684786796254e-248,1.07727909692589,0.119,0.026,2.46326027243238e-244,"2","Scg3"
0,1.07613661341242,0.189,0.042,0,"2","Tmem184c"
0,1.0758829603851,0.501,0.147,0,"2","Edf1"
0,1.07441153265033,0.348,0.088,0,"2","Calm3"
0,1.07066420970457,0.623,0.211,0,"2","Btf3"
0,1.06835140373376,0.543,0.165,0,"2","Prdx2"
1.78506311232563e-282,1.06693118689044,0.115,0.022,3.73631560040877e-278,"2","Smim27"
0,1.06617586635694,0.403,0.102,0,"2","Ergic3"
5.38336662721686e-261,1.06394711582295,0.113,0.022,1.12679246874276e-256,"2","Gatc"
0,1.06135911145139,0.33,0.092,0,"2","Krt18"
0,1.05905995088529,0.207,0.043,0,"2","Gcsh"
0,1.05868997482172,0.502,0.151,0,"2","Cycs"
0,1.05796741793724,0.76,0.347,0,"2","Atp5l"
0,1.05475502128724,0.36,0.084,0,"2","Cetn2"
0,1.05436533607516,0.264,0.06,0,"2","Bola3"
0,1.05093935936736,0.26,0.06,0,"2","1810037I17Rik"
0,1.04772416577487,0.347,0.091,0,"2","Micos13"
0,1.04652100422915,0.834,0.401,0,"2","Eif4g2"
0,1.04596901129612,0.225,0.05,0,"2","Vti1b"
0,1.04495452918944,0.218,0.049,0,"2","Wdr83os"
0,1.04463444816333,0.418,0.11,0,"2","Ranbp1"
0,1.04037896381334,0.613,0.201,0,"2","Gabarapl2"
0,1.03965085031881,0.615,0.213,0,"2","Atp5d"
0,1.03874285190791,0.485,0.144,0,"2","Taldo1"
0,1.03673081066453,0.406,0.11,0,"2","Trmt112"
0,1.03658857230263,0.258,0.061,0,"2","Ube2v1"
0,1.03466670715044,0.281,0.063,0,"2","Bcap31"
0,1.03322587687098,0.483,0.141,0,"2","Timm13"
6.77915377709108e-317,1.02997486939553,0.162,0.038,1.41894467708293e-312,"2","Nhp2"
2.25269889599468e-303,1.02713705188971,0.148,0.033,4.71512405920646e-299,"2","Abhd12"
0,1.02665647988438,0.316,0.083,0,"2","Krtcap2"
0,1.02573869401525,0.499,0.159,0,"2","Ndufa11"
0,1.02551717212256,0.897,0.531,0,"2","Atp5b"
0,1.02369688893784,0.309,0.073,0,"2","Nrm"
0,1.0212914637298,0.254,0.059,0,"2","Rad23a"
0,1.02002925977197,0.697,0.282,0,"2","Atp5g3"
0,1.0185520117053,0.289,0.071,0,"2","Eif3i"
0,1.01734414024752,0.427,0.121,0,"2","Snrpg"
3.05244111664739e-239,1.0170468304595,0.105,0.021,6.38906450125465e-235,"2","Serf1"
0,1.01379485947344,0.336,0.087,0,"2","Tomm22"
0,1.01367377038762,0.191,0.044,0,"2","Arl6ip5"
1.20426952582367e-240,1.01205966145502,0.12,0.028,2.52065654450152e-236,"2","Zswim7"
0,1.01150086854733,0.474,0.139,0,"2","Mrpl20"
0,1.01066928936637,0.295,0.088,0,"2","Bri3"
0,1.01014439199682,0.242,0.057,0,"2","Epb41l4aos"
0,1.00946202000071,0.6,0.215,0,"2","Myl6"
0,1.00939867209326,0.382,0.104,0,"2","Tmem50a"
0,1.00622816415567,0.191,0.049,0,"2","Cdc34"
0,1.00597146520093,0.942,0.663,0,"2","Oaz1"
1.84972570054406e-214,1.00550160583667,0.101,0.022,3.87166086380878e-210,"2","Vegfb"
1.03243140675179e-219,1.00379981598575,0.105,0.023,2.16098217747217e-215,"2","Snrnp25"
0,1.00240766388282,0.35,0.09,0,"2","Dut"
0,1.00192235601137,0.567,0.182,0,"2","Ndufb3"
0,1.00184986966608,0.174,0.041,0,"2","Cstb"
0,1.00120813710477,0.619,0.212,0,"2","Pla2g7"
0,1.00032423410052,0.203,0.044,0,"2","Phpt1"
1.04690124065081e-258,1.00006963389706,0.121,0.026,2.19126898680621e-254,"2","Dnlz"
0,0.998831190769777,0.32,0.104,0,"2","Map1lc3a"
0,0.99779618543766,0.502,0.159,0,"2","Psmd8"
0,0.996918472546218,0.26,0.062,0,"2","Pdcl3"
0,0.996806561191582,0.511,0.157,0,"2","Mpc2"
0,0.994624130363886,0.466,0.139,0,"2","Eif5a"
0,0.993667162550713,0.345,0.089,0,"2","Chmp5"
8.75876521535501e-289,0.993422054045113,0.114,0.019,1.83329714722596e-284,"2","Rps27rt"
0,0.992898182509872,0.167,0.036,0,"2","Sort1"
0,0.992780910475424,0.511,0.164,0,"2","Nop53"
0,0.991833596675987,0.457,0.133,0,"2","Prdx5"
0,0.990550917973342,0.282,0.069,0,"2","Cnih1"
0,0.988909041124684,0.435,0.122,0,"2","Pfdn6"
0,0.987762594303776,0.2,0.045,0,"2","Pigf"
0,0.986676765538877,0.268,0.064,0,"2","Snf8"
0,0.985302711498417,0.746,0.347,0,"2","Chchd10"
0,0.98442495624822,0.323,0.082,0,"2","Psenen"
3.32134889605094e-291,0.982445620748811,0.138,0.03,6.95191537432422e-287,"2","Prps1"
1.13370784329836e-259,0.98185833412299,0.129,0.029,2.3729638868078e-255,"2","Tmem160"
0,0.981616428721093,0.357,0.093,0,"2","Cuedc2"
0,0.980203213995501,0.501,0.158,0,"2","Rnasek"
0,0.97989174309242,0.341,0.086,0,"2","Tmem147"
0,0.971921141232767,0.298,0.073,0,"2","Sdhc"
0,0.970976437408994,0.513,0.165,0,"2","Atp6v0e2"
7.31991792369585e-292,0.967361531003162,0.136,0.029,1.53213202060878e-287,"2","Psmg4"
0,0.966637309088533,0.363,0.101,0,"2","Pfn1"
0,0.964621182538913,0.445,0.124,0,"2","Cox17"
0,0.96429145071411,0.678,0.274,0,"2","Kcnj14"
0,0.963652994021407,0.471,0.143,0,"2","Gm17018"
0,0.963542568155666,0.281,0.07,0,"2","Snhg6"
0,0.962874551435193,0.3,0.075,0,"2","Pitpnb"
0,0.962384181906726,0.184,0.042,0,"2","Timm17b"
0,0.961980421935819,0.569,0.194,0,"2","Atp6v1g1"
0,0.960602509851319,0.537,0.173,0,"2","Ran"
0,0.960471169521327,0.471,0.141,0,"2","Ghitm"
0,0.959818864643486,0.547,0.181,0,"2","Hint1"
0,0.959614790757391,0.304,0.076,0,"2","Cops6"
0,0.957297073271044,0.842,0.446,0,"2","Atp1b2"
0,0.957094009559203,0.212,0.049,0,"2","Acot13"
0,0.956467493453779,0.801,0.403,0,"2","Rpl6"
0,0.956378225815654,0.678,0.299,0,"2","Actb"
0,0.956189185098376,0.399,0.116,0,"2","Atp6v1f"
0,0.95297762995153,0.215,0.051,0,"2","Acyp1"
0,0.952843810017536,0.818,0.409,0,"2","Impdh1"
4.38999896147003e-241,0.95276071522744,0.14,0.036,9.18870682625292e-237,"2","Tspan13"
0,0.952685038601323,0.217,0.053,0,"2","Arl2bp"
0,0.95249991844219,0.57,0.191,0,"2","Ndufb10"
0,0.949583335257456,0.496,0.159,0,"2","Micos10"
0,0.949504370552273,0.86,0.459,0,"2","Anp32e"
0,0.948893117947263,0.717,0.295,0,"2","Sumo2"
0,0.947767284564513,0.167,0.038,0,"2","Polr2l"
0,0.947698871898234,0.233,0.057,0,"2","Hcfc1r1"
0,0.947636017157024,0.434,0.128,0,"2","Psmb3"
0,0.946548549415385,0.322,0.087,0,"2","Cuta"
0,0.945726763287902,0.383,0.106,0,"2","Arpc2"
0,0.944232334898337,0.269,0.066,0,"2","Tctex1d2"
0,0.943085157555633,0.564,0.186,0,"2","Ppa1"
0,0.942831080731878,0.759,0.343,0,"2","Hspa8"
0,0.941972686063624,0.419,0.118,0,"2","A930006I01Rik"
0,0.941781405880455,0.325,0.089,0,"2","Chmp4b"
0,0.938846300570381,0.48,0.154,0,"2","Ndufb2"
0,0.938345366079904,0.187,0.044,0,"2","Surf1"
0,0.934970757965911,0.357,0.102,0,"2","Aurkaip1"
9.06709662785292e-218,0.934582939598563,0.101,0.022,1.8978339951759e-213,"2","Cmc1"
0,0.933939843092688,0.64,0.236,0,"2","Prnp"
0,0.932967825236123,0.843,0.464,0,"2","Ptma"
0,0.932422075379015,0.27,0.068,0,"2","Pin4"
1.86224698783177e-263,0.930672958907565,0.107,0.02,3.89786917023067e-259,"2","Tspan17"
0,0.929807856271573,0.432,0.123,0,"2","Psmc3"
0,0.928493238866938,0.326,0.088,0,"2","Csnk2b"
0,0.927703435594387,0.427,0.119,0,"2","Tspan5"
0,0.927159423889918,0.634,0.254,0,"2","Gas5"
0,0.925658732617289,0.307,0.08,0,"2","Sdf4"
0,0.925471357451546,0.248,0.059,0,"2","Tram1"
0,0.920900633547608,0.533,0.189,0,"2","Dync1h1"
0,0.919157819717287,0.371,0.107,0,"2","Pam16"
6.48796431914967e-274,0.919004021485938,0.148,0.036,1.35799581164122e-269,"2","Chchd5"
0,0.917747241034688,0.257,0.065,0,"2","Pgls"
5.51358760542955e-311,0.917332230961459,0.153,0.035,1.15404902169246e-306,"2","Med9"
0,0.916389296241716,0.357,0.1,0,"2","Ndufs8"
0,0.9151608099658,0.791,0.389,0,"2","Atp6v0c"
3.59617585096824e-289,0.915118632503493,0.133,0.028,7.52715567366163e-285,"2","Erlin2"
0,0.914930069136437,0.209,0.05,0,"2","Sirpa"
0,0.914472782287454,0.336,0.089,0,"2","Cdc123"
0,0.913298762463751,0.187,0.041,0,"2","Rangrf"
0,0.913283371219453,0.255,0.069,0,"2","Capzb"
0,0.908484229220998,0.724,0.338,0,"2","Cox7c"
0,0.906927810343335,0.811,0.416,0,"2","Adipor1"
0,0.906086964198926,0.47,0.146,0,"2","Sub1"
4.0506581802208e-288,0.906009588636496,0.147,0.034,8.47843263702017e-284,"2","Ggh"
0,0.905862715341111,0.265,0.071,0,"2","Ccni"
0,0.905366603171959,0.558,0.199,0,"2","Hspa5"
0,0.904094330640371,0.457,0.138,0,"2","Nudc"
0,0.904059325819113,0.269,0.067,0,"2","Kat2b"
0,0.903735336286932,0.348,0.099,0,"2","Skp1a"
0,0.900184948617719,0.354,0.099,0,"2","Fundc2"
0,0.900111413561347,0.182,0.042,0,"2","Nceh1"
0,0.899741461668834,0.472,0.147,0,"2","Psmc5"
0,0.899657723321404,0.241,0.064,0,"2","Bnip3"
0,0.899461102795706,0.28,0.075,0,"2","Mrpl21"
0,0.898784779926631,0.797,0.409,0,"2","Abca4"
0,0.898638191371923,0.377,0.109,0,"2","4833439L19Rik"
0,0.897790375115895,0.25,0.066,0,"2","Retreg2"
2.46545904425037e-302,0.894678771191579,0.151,0.034,5.16045232552044e-298,"2","Ube3b"
0,0.893976048285205,0.234,0.061,0,"2","1110065P20Rik"
0,0.893660681879466,0.368,0.101,0,"2","Snx3"
0,0.891656240788698,0.544,0.183,0,"2","Tecr"
0,0.889849895908773,0.574,0.203,0,"2","Rtn3"
0,0.887959004856073,0.321,0.094,0,"2","Prdx1"
0,0.887914798527468,0.522,0.174,0,"2","Psmb6"
0,0.887766491762616,0.353,0.103,0,"2","Coa3"
0,0.88776473945789,0.339,0.101,0,"2","Spcs1"
0,0.887608078414387,0.25,0.068,0,"2","Med28"
0,0.887022978533553,0.288,0.076,0,"2","Yif1b"
0,0.886122221215833,0.419,0.121,0,"2","Egflam"
0,0.885634365755701,0.613,0.226,0,"2","Mdh2"
1.49252016906663e-280,0.884229944063995,0.149,0.035,3.12399396587337e-276,"2","Gpx1"
0,0.88408425869866,0.37,0.101,0,"2","Usf2"
0,0.883971174932728,0.688,0.286,0,"2","Mdh1"
0,0.880561742504854,0.221,0.056,0,"2","0610010K14Rik"
0,0.880238287238708,0.759,0.362,0,"2","Dynll1"
0,0.88008373205841,0.201,0.051,0,"2","Vamp8"
0,0.877023101697399,0.412,0.123,0,"2","Lbh"
0,0.876191702766389,0.441,0.136,0,"2","Rtraf"
0,0.876173748091641,0.214,0.054,0,"2","Arpc4"
0,0.874679680155948,0.292,0.074,0,"2","Rnf123"
0,0.872669401202391,0.262,0.068,0,"2","Psmc1"
0,0.871011204258158,0.212,0.056,0,"2","Nectin1"
4.40240158120718e-318,0.870227990383581,0.169,0.041,9.21466674962474e-314,"2","Gm17231"
0,0.869373734982757,0.5,0.163,0,"2","Cisd1"
0,0.869366457603434,0.466,0.142,0,"2","Tusc3"
0,0.867540025563866,0.236,0.06,0,"2","Eif2s3x"
0,0.866651024557653,0.549,0.193,0,"2","Chmp2a"
0,0.86410359334397,0.377,0.105,0,"2","Fkbp8"
0,0.863909461164426,0.214,0.054,0,"2","Pigp"
0,0.863723956397546,0.287,0.078,0,"2","Scamp1"
0,0.862640384408039,0.449,0.141,0,"2","Ptges3"
0,0.862605226971395,0.291,0.08,0,"2","Immp1l"
4.39042860946204e-313,0.862284303581091,0.158,0.037,9.189606122465e-309,"2","Cd59a"
0,0.86201296919193,0.475,0.154,0,"2","Sem1"
9.38443668180718e-245,0.859575653083015,0.13,0.031,1.96425644186906e-240,"2","Mcee"
0,0.858884218379577,0.32,0.086,0,"2","Cebpzos"
0,0.858081311489065,0.924,0.676,0,"2","H3f3a"
0,0.857949643996884,0.225,0.057,0,"2","Trappc2l"
3.85469911081119e-307,0.857759713327796,0.158,0.037,8.06827070883891e-303,"2","Cdkn2c"
0,0.857633489061481,0.269,0.068,0,"2","Arpc3"
0,0.857084748312876,0.982,0.848,0,"2","Unc119"
0,0.856742602011356,0.252,0.067,0,"2","C1d"
0,0.856453423581926,0.392,0.115,0,"2","Sec61g"
0,0.856429217348294,0.363,0.107,0,"2","Snrpd3"
0,0.856031764348911,0.189,0.045,0,"2","Bccip"
1.36793425699832e-282,0.855735131192045,0.151,0.037,2.86322319332318e-278,"2","Tusc2"
0,0.854796022006244,0.322,0.089,0,"2","Pdcd5"
0,0.854734455764969,0.379,0.116,0,"2","Gabarap"
1.06578393425784e-239,0.85413098701282,0.12,0.027,2.23079235279509e-235,"2","Pno1"
0,0.853809090658433,0.686,0.287,0,"2","Hk1"
0,0.853629525073297,0.362,0.105,0,"2","Emc6"
0,0.853258110297212,0.488,0.163,0,"2","Sncb"
0,0.853185493079472,0.208,0.052,0,"2","Rab5c"
4.30448067283489e-224,0.852724635472384,0.111,0.025,9.00970849631071e-220,"2","Mmgt1"
0,0.851314821990041,0.453,0.142,0,"2","Ndufv1"
0,0.850863878198246,0.553,0.189,0,"2","Vdac1"
0,0.850634603998911,0.465,0.146,0,"2","Fkbp3"
0,0.850373532926616,0.309,0.083,0,"2","Pgrmc1"
0,0.849355732684593,0.335,0.096,0,"2","Higd2a"
0,0.845972502697142,0.215,0.053,0,"2","Mrpl13"
0,0.845336772865154,0.42,0.132,0,"2","Rnf7"
0,0.843505115535787,0.24,0.062,0,"2","1810058I24Rik"
0,0.843418357490437,0.704,0.315,0,"2","Atp5f1"
0,0.843076982532309,0.484,0.155,0,"2","Pcnp"
0,0.842510032128477,0.494,0.165,0,"2","Ndufs7"
0,0.841203084768641,0.442,0.133,0,"2","Atpif1"
0,0.840978234590645,0.334,0.094,0,"2","Pin1"
0,0.840346326822527,0.557,0.206,0,"2","Psma7"
0,0.839648317567871,0.458,0.141,0,"2","Hprt"
0,0.838005620701956,0.273,0.071,0,"2","Spint2"
0,0.837989671544212,0.327,0.089,0,"2","Saraf"
0,0.837954806084342,0.271,0.072,0,"2","Eif1ax"
0,0.83732488746838,0.232,0.06,0,"2","Lmo1"
0,0.836676016432967,0.365,0.102,0,"2","Arl1"
0,0.835350531307362,0.255,0.069,0,"2","Ndufaf5"
7.53694582053028e-299,0.833320187596038,0.156,0.037,1.57755812969519e-294,"2","Pttg1"
0,0.832133507386005,0.897,0.576,0,"2","Eno1"
0,0.83042986250841,0.318,0.093,0,"2","Timm10b"
0,0.829726019782653,0.244,0.069,0,"2","C1qtnf4"
0,0.829558418729786,0.215,0.053,0,"2","Mrpl27"
0,0.829168974562264,0.34,0.101,0,"2","Uba1"
0,0.828946081818404,0.299,0.081,0,"2","Tmbim4"
0,0.828783832010244,0.201,0.05,0,"2","Stoml2"
0,0.828538133634825,0.785,0.414,0,"2","Ssu72"
0,0.827462680694421,0.49,0.165,0,"2","Higd1a"
0,0.827228429698367,0.398,0.116,0,"2","Eloc"
0,0.826815236274141,0.755,0.356,0,"2","Slc25a5"
1.25392975250639e-196,0.825532690749153,0.108,0.027,2.62460036497112e-192,"2","Mzt2"
0,0.824406322999535,0.63,0.254,0,"2","Ppia"
0,0.824155259524537,0.466,0.158,0,"2","Psmb1"
0,0.823575425129639,0.994,0.958,0,"2","Prph2"
0,0.822322443621675,0.458,0.146,0,"2","Psma2"
7.99426483371984e-249,0.82205297303016,0.128,0.03,1.6732795723459e-244,"2","Tmem38a"
0,0.820985682413982,0.668,0.283,0,"2","Vamp2"
0,0.818021428588652,0.641,0.253,0,"2","Cnbp"
0,0.817437111339949,0.252,0.075,0,"2","Ube2m"
0,0.817104802908632,0.322,0.092,0,"2","Cnpy2"
0,0.817071203961267,0.381,0.112,0,"2","Ier3ip1"
0,0.816052418846404,0.404,0.121,0,"2","Sdhaf4"
0,0.815093489105641,0.313,0.088,0,"2","Ssr2"
0,0.814956131744696,0.378,0.117,0,"2","Pink1"
0,0.811483384921828,0.254,0.069,0,"2","Ldhb"
0,0.810226125746931,0.175,0.041,0,"2","Srebf1"
1.82979750573454e-282,0.809283478913963,0.144,0.033,3.82994915925297e-278,"2","Ctsa"
4.68439262187729e-242,0.808317545808662,0.145,0.037,9.80490219685136e-238,"2","Cd63"
0,0.807746869425321,0.497,0.172,0,"2","Ywhaq"
0,0.807711315392622,0.355,0.109,0,"2","Ift43"
0,0.806402627777988,0.411,0.126,0,"2","Cacybp"
0,0.806391517060483,0.244,0.063,0,"2","Rexo2"
0,0.805446787067539,0.385,0.117,0,"2","Hagh"
0,0.804820470788023,0.181,0.041,0,"2","Ctif"
0,0.802704578869029,0.253,0.07,0,"2","Ufc1"
0,0.801952932276077,0.478,0.158,0,"2","Map1lc3b"
0,0.797079591822939,0.456,0.14,0,"2","Ctsf"
0,0.796246623363187,0.301,0.081,0,"2","Tm2d1"
0,0.796069000899865,0.311,0.09,0,"2","Mrpl11"
0,0.795555725758328,0.279,0.08,0,"2","Sod1"
0,0.795412826534045,0.238,0.063,0,"2","Tomm5"
0,0.795110034014017,0.282,0.08,0,"2","Mrpl58"
0,0.794182427997738,0.74,0.346,0,"2","Hmgb1"
3.31538243375711e-247,0.791334600328595,0.124,0.028,6.93942697209702e-243,"2","Coa5"
0,0.790925598171615,0.432,0.138,0,"2","Cwc15"
9.88131291682493e-323,0.790227669573061,0.182,0.047,2.06825760662063e-318,"2","Gm15417"
0,0.790070892120769,0.266,0.073,0,"2","Ciao2b"
0,0.789632220737906,0.304,0.084,0,"2","Mrps36"
9.08801962843595e-225,0.789245148331542,0.113,0.026,1.90221338842793e-220,"2","Tmem38b"
3.72747963849288e-270,0.78877269376625,0.147,0.036,7.80198763132945e-266,"2","Rab4a"
1.75307216418447e-260,0.787780292617556,0.165,0.046,3.66935534685452e-256,"2","Mbd3"
0,0.787735564565855,0.29,0.079,0,"2","Fmc1"
0,0.784737553365897,0.489,0.157,0,"2","Dstn"
0,0.782894892033669,0.426,0.138,0,"2","Sf3b6"
0,0.782482218381685,0.199,0.052,0,"2","Nabp2"
0,0.781067930452013,0.295,0.081,0,"2","Tmem218"
0,0.779043726189341,0.426,0.136,0,"2","Ss18l2"
2.09714676381019e-189,0.778641930955232,0.111,0.03,4.38953789133112e-185,"2","Msrb1"
0,0.777006398256282,0.656,0.294,0,"2","Tubb5"
7.88610341636535e-210,0.775697276358837,0.115,0.028,1.65064030607943e-205,"2","Maneal"
7.26136769101445e-269,0.775523340795297,0.183,0.053,1.51987687140623e-264,"2","Hspb11"
0,0.774664960871263,0.224,0.057,0,"2","Tmem256"
6.38556732988911e-191,0.774464573877227,0.11,0.029,1.33656309781909e-186,"2","Spryd3"
0,0.773834671531984,0.389,0.116,0,"2","Abhd8"
0,0.772758271100662,0.285,0.081,0,"2","Polr2i"
0,0.771959538614955,0.404,0.131,0,"2","Ctsl"
4.05998478025808e-309,0.771686158086388,0.206,0.06,8.49795414355819e-305,"2","Trappc1"
4.65874164359385e-312,0.771383897415583,0.187,0.05,9.7512121342063e-308,"2","Ppt2"
0,0.771261032553374,0.25,0.071,0,"2","Tpgs2"
0,0.77106329349395,0.543,0.2,0,"2","Mlf2"
0,0.770331709174796,0.704,0.322,0,"2","Atp5a1"
0,0.768942190148472,0.202,0.052,0,"2","Stt3b"
1.21911286080972e-291,0.767026643056191,0.156,0.038,2.55172512896082e-287,"2","Slc39a7"
1.00458076878806e-252,0.764696430661248,0.133,0.032,2.10268800715029e-248,"2","Pafah1b3"
1.1657572373813e-233,0.763915499754675,0.127,0.031,2.4400464735628e-229,"2","Sdr39u1"
1.15707432203812e-255,0.76366097534456,0.149,0.039,2.42187226345799e-251,"2","Spryd7"
0,0.76347594906961,0.291,0.079,0,"2","Pop5"
0,0.763138609481073,0.251,0.066,0,"2","Alg10b"
0,0.762947883570792,0.309,0.089,0,"2","Mrpl28"
2.02812169892943e-293,0.762156528624449,0.187,0.052,4.24506152802919e-289,"2","Dmac1"
0,0.761978297783647,0.226,0.061,0,"2","Eef1d"
0,0.761640026647759,0.316,0.094,0,"2","Psmb7"
0,0.760084737664562,1,0.998,0,"2","Gm42418"
0,0.757572094120388,0.224,0.059,0,"2","Paics"
0,0.757321686898223,0.539,0.195,0,"2","Ndufc2"
1.41302774710597e-321,0.756893657085495,0.182,0.046,2.9576083774675e-317,"2","Snapc5"
0,0.756262019432812,0.456,0.156,0,"2","Suz12"
0,0.756017396892386,0.279,0.079,0,"2","Nat14"
1.63670240991971e-258,0.755141254105793,0.163,0.045,3.42578181420296e-254,"2","Nme5"
1.75710434925129e-193,0.755008180097703,0.106,0.026,3.67779511341787e-189,"2","Tmem167b"
0,0.753354811210386,0.223,0.06,0,"2","Ube2a"
6.47591051125719e-245,0.752363232331551,0.135,0.033,1.35547282911124e-240,"2","Ctdnep1"
2.58195203105043e-245,0.752190886622106,0.129,0.031,5.40428379619166e-241,"2","Ncaph2"
0,0.75186480786988,0.439,0.142,0,"2","Dnaja2"
0,0.751750744223156,0.502,0.19,0,"2","Ywhaz"
2.52962968343527e-290,0.751537549659352,0.173,0.046,5.29476789039837e-286,"2","Gsk3a"
1.71762797496349e-179,0.751380413559274,0.106,0.028,3.59516711439608e-175,"2","Eef1akmt1"
0,0.749518198226485,0.686,0.321,0,"2","Plekhb1"
0,0.748991994730601,0.372,0.114,0,"2","Eif3g"
1.228561384707e-183,0.748725568371965,0.103,0.026,2.57150183433022e-179,"2","Tipin"
0,0.746268141858396,0.25,0.066,0,"2","Pdia4"
1.29378738856107e-194,0.742709237558278,0.119,0.032,2.70802638299718e-190,"2","Nosip"
0,0.740004722738986,0.473,0.16,0,"2","Arf1"
0,0.739918179905245,0.348,0.106,0,"2","Cox14"
7.41084851605794e-305,0.739914842315925,0.173,0.044,1.55116470289609e-300,"2","Bicd2"
0,0.738833366299826,0.371,0.111,0,"2","Prmt1"
0,0.738721051240976,0.683,0.318,0,"2","Impg2"
0,0.738427393034507,0.323,0.098,0,"2","Coq7"
1.89088215872037e-218,0.738365024414491,0.134,0.036,3.95780544641761e-214,"2","Prelid3b"
0,0.738162571000913,0.368,0.117,0,"2","Ndufa8"
1.00961492088606e-237,0.738120130633355,0.155,0.044,2.1132249909066e-233,"2","Wdr66"
7.56302847906776e-305,0.737523622614901,0.179,0.046,1.58301749095367e-300,"2","Pdzd11"
0,0.737229993593173,0.459,0.15,0,"2","Pdap1"
0,0.737145287882091,0.886,0.556,0,"2","Mgarp"
0,0.736348115712339,0.526,0.205,0,"2","Fscn2"
5.42016964511222e-234,0.735973574263905,0.11,0.024,1.13449570841844e-229,"2","Nudt2"
0,0.733832797778445,0.199,0.051,0,"2","Mrps28"
1.25647713558398e-273,0.733811574398243,0.167,0.045,2.62993229249083e-269,"2","Mzt1"
0,0.732706365072527,0.28,0.081,0,"2","Ap2s1"
0,0.732159138246634,0.263,0.072,0,"2","Phyh"
0,0.731387546671515,0.705,0.333,0,"2","Pgk1"
0,0.731362759841526,0.402,0.126,0,"2","Rer1"
0,0.730748843280522,0.839,0.479,0,"2","Elovl4"
0,0.728680856945552,0.365,0.117,0,"2","Odc1"
0,0.72852976254822,0.594,0.233,0,"2","Ddx6"
1.14411095553978e-268,0.728352797600947,0.153,0.039,2.39473864104031e-264,"2","Eno1b"
0,0.72799468306568,0.509,0.174,0,"2","Pde6d"
4.60138851274588e-206,0.72756269897574,0.119,0.031,9.63116629602841e-202,"2","Nkiras2"
7.07853795036901e-312,0.726791543106718,0.189,0.05,1.48160877839174e-307,"2","Mrpl12"
0,0.726454132728692,0.198,0.051,0,"2","Rnaseh2c"
1.34481084264212e-245,0.726202182955579,0.142,0.037,2.81482357473422e-241,"2","Phb"
0,0.725178981434139,0.372,0.117,0,"2","Sptssa"
4.77172949377602e-177,0.722154612908447,0.104,0.028,9.98770700342258e-173,"2","Nudt14"
1.61519386144297e-192,0.722112793210967,0.112,0.029,3.38076227138627e-188,"2","Fabp5"
1.31936828808501e-249,0.72189725641948,0.144,0.037,2.76156976379073e-245,"2","B9d1"
0,0.721044432587492,0.203,0.054,0,"2","Sdc3"
0,0.720448307584026,0.347,0.108,0,"2","Vps28"
3.67917407537202e-183,0.720409654506574,0.109,0.029,7.70087925716117e-179,"2","Rtca"
0,0.719225803520509,0.294,0.091,0,"2","Hspb6"
2.02492675728875e-247,0.71826062908491,0.141,0.036,4.23837419568108e-243,"2","Spr"
0,0.717972398885227,0.323,0.095,0,"2","Chchd7"
1.38970916476876e-213,0.717034421905543,0.143,0.041,2.90880025277748e-209,"2","Hmgb3"
0,0.716469599666019,0.352,0.103,0,"2","Prxl2a"
0,0.71633600411215,0.221,0.063,0,"2","Isca1"
9.93156627212237e-267,0.716101024377771,0.563,0.312,2.07877613641793e-262,"2","Ptms"
0,0.715784267806497,0.3,0.088,0,"2","Dpm3"
8.61441239822252e-222,0.715114545042383,0.128,0.033,1.80308265907196e-217,"2","Evl"
0,0.71501946744403,0.484,0.167,0,"2","Sumo1"
0,0.714591525852366,0.516,0.195,0,"2","Eif3e"
0,0.714280707753151,0.262,0.072,0,"2","Glrx3"
0,0.713949717933485,0.875,0.682,0,"2","Guca1a"
0,0.713213753510527,0.214,0.059,0,"2","Rps19bp1"
0,0.712914772583871,0.242,0.067,0,"2","Snx12"
0,0.711730553193489,0.303,0.086,0,"2","Sgtb"
1.37421493631319e-189,0.711146718026023,0.106,0.027,2.87636928319714e-185,"2","Ccdc97"
0,0.710020336793464,0.308,0.094,0,"2","Ppp1ca"
0,0.708929798783237,0.686,0.3,0,"2","Gpi1"
0,0.708910769621426,0.367,0.117,0,"2","Khdrbs3"
1.40620053008449e-273,0.707864594296208,0.182,0.052,2.94331832951986e-269,"2","Mbd2"
0,0.706384602815222,0.468,0.165,0,"2","Tspan3"
0,0.704571467129941,0.354,0.112,0,"2","Esd"
0,0.704328299520858,0.317,0.098,0,"2","Cerk"
0,0.702386210253491,0.263,0.074,0,"2","Dctn6"
0,0.702292624830631,0.267,0.076,0,"2","Eif1ad"
1.49571279783743e-215,0.702238324122969,0.122,0.031,3.13067645715353e-211,"2","Dtd1"
0,0.702046625372927,0.682,0.293,0,"2","Clta"
7.13722674934022e-294,0.70108809627233,0.177,0.047,1.4938929309044e-289,"2","Gemin7"
9.87109146883988e-268,0.700364350443174,0.148,0.037,2.06611815534287e-263,"2","Fuca1"
0,0.700049163777693,0.268,0.074,0,"2","Tmem107"
0,0.699988265506637,0.283,0.093,0,"2","Abhd17a"
0,0.699520378761444,0.258,0.074,0,"2","Phf5a"
0,0.697862497551377,0.287,0.082,0,"2","Polr2g"
0,0.697699360225375,0.318,0.099,0,"2","Cfap298"
0,0.697015707641968,0.215,0.06,0,"2","Ei24"
2.90473059976852e-307,0.697015123959955,0.187,0.05,6.07989161837549e-303,"2","Siva1"
8.24626770832378e-243,0.696672513771341,0.141,0.036,1.72602629402925e-238,"2","Dcps"
9.8650481474848e-255,0.696534711997395,0.157,0.042,2.06485322775004e-250,"2","Zdhhc3"
2.08214027680858e-279,0.696457132641729,0.179,0.05,4.35812781338803e-275,"2","Dgcr6"
0,0.696014988146904,0.25,0.071,0,"2","Bag6"
1.28036231756491e-215,0.694774867302561,0.13,0.035,2.67992636689511e-211,"2","Glod4"
5.78076770619642e-283,0.694542723984624,0.162,0.042,1.20997248858397e-278,"2","Tsr2"
0,0.693635839526726,0.363,0.116,0,"2","Psma4"
0,0.692645831689893,0.351,0.11,0,"2","Txn2"
0,0.692460260861844,0.425,0.149,0,"2","Gnas"
1.95651376178344e-218,0.691957663193209,0.111,0.026,4.09517895478891e-214,"2","Gm16124"
0,0.690569036321134,0.215,0.055,0,"2","Smim26"
0,0.689994814738066,0.56,0.216,0,"2","Nol7"
5.14460033498565e-193,0.688248475755866,0.1,0.023,1.07681629611585e-188,"2","Hgsnat"
6.91233251883578e-223,0.687206611408953,0.144,0.041,1.44682031951752e-218,"2","Cyfip2"
0,0.685838050798765,0.317,0.095,0,"2","Emc4"
0,0.685765751902137,0.924,0.643,0,"2","Agpat3"
0,0.685601913534136,0.259,0.078,0,"2","Aip"
0,0.685061320470864,0.417,0.144,0,"2","Psmb2"
0,0.683954287048727,0.41,0.146,0,"2","Mrpl14"
2.45882926778036e-276,0.682864156716168,0.174,0.048,5.14657554039108e-272,"2","Tmem9b"
0,0.682666621433478,0.345,0.103,0,"2","Cfdp1"
0,0.682182819950686,0.708,0.33,0,"2","Impg1"
3.76310762892264e-263,0.681515675778249,0.169,0.047,7.87656057809798e-259,"2","Alyref"
0,0.681219659612964,0.321,0.101,0,"2","Smim7"
0,0.680840120448367,0.46,0.162,0,"2","Uqcrc1"
0,0.680574615903537,0.316,0.092,0,"2","Zmat2"
0,0.679735124120757,0.328,0.101,0,"2","Mtln"
7.21688790164043e-282,0.679391880021482,0.182,0.05,1.51056680669236e-277,"2","Ppie"
0,0.67849077120093,0.242,0.068,0,"2","Uap1"
6.09695940914388e-297,0.677938127438962,0.174,0.045,1.2761545739279e-292,"2","Smim11"
0,0.677845509997659,0.295,0.097,0,"2","Dynll2"
1.28849159467146e-214,0.677091162375634,0.133,0.036,2.69694175680683e-210,"2","Babam1"
4.0988674578362e-278,0.677012468887169,0.179,0.05,8.57933947599694e-274,"2","Chchd6"
0,0.676284375727219,0.274,0.084,0,"2","Rab11b"
0,0.676012374855466,0.304,0.091,0,"2","Oat"
0,0.675065692948635,0.225,0.064,0,"2","Suds3"
0,0.674943219856787,0.841,0.524,0,"2","Ybx3"
0,0.671204838298394,0.525,0.19,0,"2","Cfap36"
0,0.670461050050396,0.85,0.536,0,"2","Pcbp2"
0,0.66867359909753,0.377,0.122,0,"2","Spag7"
6.01203851465269e-185,0.668386074915442,0.103,0.026,1.25837978150195e-180,"2","Ubl4a"
0,0.667117031461054,0.451,0.154,0,"2","Rpl36al"
0,0.666872942004212,0.362,0.111,0,"2","Snhg8"
0,0.666785804411836,0.391,0.128,0,"2","Snrpd1"
5.63388447503201e-277,0.666630255977215,0.155,0.039,1.17922835946895e-272,"2","Med22"
0,0.666156934693637,0.323,0.1,0,"2","Zfp365"
0,0.665287666452765,0.526,0.201,0,"2","Hnrnpa1"
0,0.664031598860819,0.217,0.058,0,"2","Dennd5a"
0,0.663939326254275,0.994,0.969,0,"2","Pdc"
0,0.663288074337518,0.334,0.106,0,"2","Zfp706"
0,0.663287917990093,0.587,0.239,0,"2","Pmm1"
1.47872083439373e-275,0.662634905638344,0.181,0.051,3.09511057846952e-271,"2","Polr2d"
9.26377417549016e-288,0.662233447131607,0.196,0.057,1.93900057267184e-283,"2","Elovl2"
1.67723564346534e-180,0.662011908162954,0.103,0.026,3.5106219253373e-176,"2","Dtnbp1"
3.64218979756474e-315,0.661953927786822,0.2,0.055,7.62346746528275e-311,"2","Enpp5"
6.09021219158153e-190,0.660678459090186,0.107,0.028,1.27474231381993e-185,"2","Rtn2"
0,0.660450292320282,0.233,0.068,0,"2","Fam32a"
0,0.660340171323339,0.318,0.098,0,"2","Tm2d2"
0,0.660123931113106,0.335,0.103,0,"2","Polr2k"
5.29668415940193e-255,0.657213158919659,0.147,0.038,1.10864896140442e-250,"2","Bpnt1"
2.31598857390226e-233,0.654948138252069,0.138,0.037,4.84759568403481e-229,"2","Tmem14c"
0,0.65440543188312,0.522,0.198,0,"2","Snrpb"
0,0.65299655742978,0.31,0.096,0,"2","Ptpmt1"
0,0.652411506256744,0.522,0.203,0,"2","Mrps33"
0,0.652145456988657,0.445,0.155,0,"2","Srp14"
0,0.652015648983612,0.453,0.158,0,"2","Bcas2"
6.67587367284479e-237,0.651935346875691,0.136,0.035,1.39732711846314e-232,"2","Mars"
0,0.651934331178095,0.359,0.118,0,"2","Prpf8"
0,0.650311689375797,0.341,0.113,0,"2","Ppp1cb"
0,0.649850818510135,0.464,0.17,0,"2","Ndufv2"
0,0.649732225596307,0.393,0.135,0,"2","Fkbp4"
0,0.648256138226809,0.662,0.295,0,"2","Fabp12"
0,0.647186294902025,0.41,0.136,0,"2","Cct7"
0,0.647088144579901,0.295,0.086,0,"2","Glg1"
4.25245443990335e-274,0.647086342575977,0.187,0.054,8.9008123881617e-270,"2","Dazap2"
0,0.64539342188269,0.251,0.07,0,"2","Dnajc9"
1.41198875253763e-167,0.643601003052504,0.105,0.029,2.95543365793652e-163,"2","Tcta"
0,0.642639663582887,0.625,0.284,0,"2","Uqcc3"
0,0.642550083053515,0.342,0.111,0,"2","Rab1a"
3.20886811643742e-204,0.642487519272225,0.124,0.033,6.71648185451516e-200,"2","Akr7a5"
0,0.642252576391862,0.268,0.077,0,"2","Mrpl52"
0,0.641495150548615,0.243,0.071,0,"2","Commd6"
0,0.64036400717474,0.517,0.197,0,"2","Ypel3"
0,0.639583439974953,0.213,0.06,0,"2","Dhrs7"
0,0.638372025639167,0.531,0.209,0,"2","Ddrgk1"
0,0.638079172489356,0.97,0.833,0,"2","Hmgn1"
0,0.636841895057598,0.276,0.087,0,"2","Tceal9"
6.60144026275089e-192,0.636441158002469,0.113,0.029,1.38174746139639e-187,"2","Ppp1r16a"
0,0.636122859751174,0.403,0.135,0,"2","Trir"
0,0.634961428122094,0.321,0.1,0,"2","Polr1d"
0,0.634929494314578,0.821,0.49,0,"2","Purb"
1.91823090576457e-205,0.634416673241213,0.112,0.028,4.01504910885581e-201,"2","Psmg1"
3.10057690180169e-304,0.633401499643117,0.179,0.046,6.48981751316112e-300,"2","Ap3s2"
0,0.632875593444877,0.517,0.195,0,"2","Sod2"
0,0.632778195191418,0.222,0.059,0,"2","Mthfsl"
0,0.632565485728743,0.494,0.186,0,"2","Pea15a"
0,0.632260255833969,0.274,0.085,0,"2","Psma6"
0,0.632210608775593,0.967,0.798,0,"2","Cst3"
4.80103449825256e-297,0.632194615301469,0.224,0.069,1.00490453082924e-292,"2","Thap12"
0,0.631135346676962,0.788,0.454,0,"2","Hmgn2"
0,0.630712395154044,0.306,0.096,0,"2","Drap1"
1.53763514378892e-306,0.630424966371908,0.208,0.06,3.21842411946458e-302,"2","Mrps12"
0,0.630417270724142,0.248,0.072,0,"2","Vma21"
5.62090872321554e-280,0.629701537214235,0.179,0.049,1.17651240485625e-275,"2","Sra1"
0,0.629378750406141,0.221,0.061,0,"2","Adam9"
0,0.6290265599337,0.541,0.221,0,"2","Rpl22l1"
0,0.628745814025026,0.274,0.079,0,"2","Apopt1"
0,0.628425614822913,0.655,0.31,0,"2","Tpi1"
0,0.62701566724754,0.752,0.393,0,"2","Oip5os1"
0,0.626809053938761,0.398,0.134,0,"2","Amd1"
9.1547742841742e-163,0.625998942166224,0.125,0.039,1.9161858054205e-158,"2","Nrtn"
0,0.625807860293947,0.249,0.073,0,"2","Sar1a"
0,0.625772191072043,0.432,0.147,0,"2","Cd81"
1.5990446465791e-175,0.625650471518352,0.11,0.03,3.34696034975472e-171,"2","Med30"
0,0.623289248979561,0.798,0.493,0,"2","Ndufs2"
0,0.622884495130995,0.28,0.083,0,"2","Jtb"
0,0.622777415822147,0.347,0.113,0,"2","Hspe1"
0,0.622326706027915,0.556,0.227,0,"2","Mrfap1"
1.8058988065613e-228,0.621726546296173,0.14,0.038,3.77992679201346e-224,"2","Poldip2"
6.04900627580612e-182,0.621034297326162,0.116,0.032,1.26611750358898e-177,"2","Megf9"
4.04997394416773e-256,0.620439643995272,0.166,0.046,8.47700046253748e-252,"2","Ccs"
3.48925463259401e-317,0.619826515809333,0.232,0.071,7.30335887148252e-313,"2","Tbcb"
4.10427861236779e-218,0.618041746784159,0.135,0.037,8.59066556354702e-214,"2","1110018N20Rik"
0,0.614589067940247,0.459,0.179,0,"2","Cfl1"
0,0.614288102676266,0.329,0.104,0,"2","Ubxn6"
0,0.613766784570235,0.686,0.323,0,"2","Rbx1"
0,0.613409314284521,0.314,0.094,0,"2","Aamp"
0,0.613194324833798,0.241,0.073,0,"2","Ap4s1"
6.60338585518235e-228,0.61289908111336,0.144,0.04,1.38215469334822e-223,"2","Morn2"
0,0.612342509222638,0.728,0.373,0,"2","Nap1l1"
0,0.610686563501089,0.498,0.184,0,"2","Klc3"
0,0.610679728704223,0.437,0.151,0,"2","Dnajc8"
0,0.610424258712875,0.47,0.176,0,"2","BC031181"
9.85514017742671e-217,0.610220825232219,0.121,0.03,2.06277939053718e-212,"2","Synm"
0,0.610109553522797,0.486,0.183,0,"2","Ndufab1"
0,0.608345287873301,0.618,0.266,0,"2","Tdrd7"
0,0.607572093439206,0.67,0.32,0,"2","Syp"
0,0.606975528979708,0.429,0.148,0,"2","Sarnp"
0,0.606881562399433,0.352,0.119,0,"2","Gde1"
0,0.606098695209623,0.252,0.079,0,"2","Anapc11"
0,0.606020814420362,0.939,0.722,0,"2","Nrl"
3.52086977368678e-240,0.605498278484259,0.161,0.047,7.36953252330381e-236,"2","Taf12"
6.01782095000113e-261,0.605257619720858,0.162,0.044,1.25959010304474e-256,"2","Mturn"
1.4687743173485e-183,0.604823926177536,0.109,0.029,3.07429152364215e-179,"2","Exosc5"
2.62849815608995e-268,0.604519123997437,0.184,0.054,5.50170949051187e-264,"2","Tmem223"
0,0.604471594743006,0.264,0.079,0,"2","Lrpap1"
0,0.603415526276826,0.358,0.117,0,"2","Srp19"
1.96511783487481e-255,0.603380132220143,0.156,0.042,4.11318814017646e-251,"2","Kxd1"
0,0.602998965342513,0.381,0.13,0,"2","Mrps14"
1.61588698486886e-307,0.600339705097042,0.196,0.054,3.382213048029e-303,"2","Samm50"
7.24640914658211e-203,0.599906788187482,0.11,0.027,1.5167458984711e-198,"2","Stau2"
0,0.59968783909749,0.604,0.251,0,"2","Vdac2"
0,0.599371952512168,0.26,0.08,0,"2","Pcna"
0,0.598868822316409,0.227,0.064,0,"2","Trnau1ap"
4.16356296391116e-238,0.598734273197588,0.153,0.043,8.71475363976244e-234,"2","Ift27"
0,0.598286305261726,0.365,0.119,0,"2","Vps29"
1.18564529774978e-196,0.597699112570492,0.122,0.033,2.48167417272006e-192,"2","Golt1b"
0,0.597467128150653,0.301,0.097,0,"2","Magoh"
0,0.595463689438995,0.452,0.177,0,"2","Rab3a"
0,0.595360787620764,0.699,0.361,0,"2","Actg1"
0,0.592767460022467,0.437,0.159,0,"2","Ppib"
1.76311979745895e-238,0.592473982204268,0.133,0.033,3.69038604806132e-234,"2","C1galt1c1"
2.14743000820116e-216,0.592347890910062,0.128,0.034,4.49478575016585e-212,"2","Dhrs7b"
0,0.591619795303198,0.412,0.145,0,"2","1110004F10Rik"
0,0.590505500205644,0.434,0.154,0,"2","Psmb5"
0,0.590147095171054,0.557,0.223,0,"2","Spcs2"
5.29943665760833e-262,0.59012746962255,0.175,0.05,1.109225086804e-257,"2","Pmvk"
2.33586705627186e-247,0.58960148122951,0.15,0.04,4.88920333548262e-243,"2","Ilrun"
2.17271231988002e-199,0.588947226807808,0.128,0.036,4.54770415674087e-195,"2","Txndc17"
0,0.588205794007748,0.424,0.149,0,"2","Ndufs3"
0,0.586684969758867,0.331,0.105,0,"2","Cdc37"
2.610379721402e-194,0.586386057624127,0.125,0.035,5.46378579486653e-190,"2","Gtf3c6"
0,0.585750419168714,0.335,0.111,0,"2","Mrpl18"
0,0.585018408701731,0.335,0.108,0,"2","Smarca4"
6.98713275878522e-160,0.583741705167834,0.102,0.029,1.46247675774133e-155,"2","Nop16"
1.49202100355545e-222,0.583371602143595,0.132,0.035,3.12294916254191e-218,"2","Zc3h7b"
1.52691071637292e-306,0.58327952208727,0.209,0.061,3.19597682044016e-302,"2","Trappc3"
0,0.58308447609954,0.273,0.085,0,"2","Eif3d"
2.80866087173224e-190,0.58259330606919,0.114,0.03,5.87880807062275e-186,"2","Bcl7c"
0,0.581864734404943,0.425,0.154,0,"2","Aldoc"
0,0.581120463861559,0.336,0.107,0,"2","Ccdc115"
0,0.580131970776725,0.346,0.107,0,"2","Ostc"
4.28949307820733e-193,0.57984173554113,0.113,0.029,8.97833796199577e-189,"2","Sh3yl1"
6.87567799881625e-233,0.57942360762933,0.157,0.045,1.43914816193223e-228,"2","Ddost"
1.09336532970081e-265,0.578860910756173,0.195,0.059,2.28852297159676e-261,"2","M6pr"
0,0.577148538591367,0.363,0.124,0,"2","Atp2a2"
0,0.577003890046776,0.338,0.113,0,"2","Mrpl49"
1.5407708637421e-172,0.576723611077778,0.107,0.029,3.22498749489859e-168,"2","Scrn2"
0,0.576393004705747,0.647,0.29,0,"2","Car2"
1.19994769939379e-266,0.575035135272242,0.187,0.055,2.51161052960115e-262,"2","Cops7a"
1.41320270259219e-189,0.573748918647312,0.11,0.028,2.95797457679571e-185,"2","Tcp11"
1.40535411264213e-210,0.573419420992311,0.131,0.036,2.94154669317123e-206,"2","Rragd"
6.65039723915863e-188,0.572915770091662,0.119,0.033,1.39199464612829e-183,"2","Lrrc59"
9.87326677976247e-194,0.572457188832139,0.114,0.03,2.06657346967208e-189,"2","AU040320"
0,0.572304503280726,0.358,0.121,0,"2","Atp6v1a"
4.03253894754757e-209,0.571650561495475,0.132,0.036,8.44050727111181e-205,"2","Prdx3"
2.68720104621345e-265,0.570476903907883,0.206,0.065,5.62458050982937e-261,"2","Zmat5"
0,0.570406183907369,0.412,0.144,0,"2","Cct2"
4.9778084156773e-219,0.570270546009591,0.144,0.042,1.04190507948541e-214,"2","Pigyl"
0,0.570238199525032,0.247,0.076,0,"2","Mmd"
0,0.567588255380979,0.286,0.089,0,"2","Slirp"
0,0.566892170598711,0.294,0.098,0,"2","Mrpl57"
1.86519662617987e-319,0.566640072993275,0.342,0.128,3.90404305825709e-315,"2","Kpna2"
0,0.565713739344879,0.238,0.069,0,"2","Cmpk1"
0,0.56559763044461,0.787,0.473,0,"2","Slc25a4"
6.12481916452668e-317,0.565482595781993,0.239,0.073,1.28198589932708e-312,"2","Acly"
1.65930200715759e-286,0.563787470174349,0.179,0.049,3.47308503118154e-282,"2","Bloc1s2"
1.36017666394107e-194,0.563663579025976,0.111,0.028,2.84698577529505e-190,"2","Top1mt"
1.26371399602555e-259,0.563262538444379,0.182,0.054,2.64507976508107e-255,"2","Tspan31"
7.98038564633346e-195,0.562998717085593,0.122,0.034,1.67037451963406e-190,"2","Ndufaf2"
2.19457787704024e-302,0.562942818849659,0.188,0.051,4.59347095443293e-298,"2","Scap"
4.99273661710568e-192,0.562722420270201,0.12,0.033,1.04502970132639e-187,"2","Elp5"
4.4663703022467e-298,0.561103857094849,0.28,0.098,9.34855967963256e-294,"2","Hist1h4d"
0,0.560709251442991,0.241,0.072,0,"2","Bmi1"
0,0.560562309349064,0.4,0.149,0,"2","3010001F23Rik"
0,0.559684451069322,0.744,0.394,0,"2","Tomm20"
0,0.559010606219777,0.937,0.75,0,"2","Kcnb1"
0,0.558340781247738,0.484,0.184,0,"2","Tsg101"
2.10181550667232e-278,0.557607820356262,0.202,0.061,4.39931003701583e-274,"2","Ten1"
0,0.557437609353778,0.466,0.168,0,"2","Trappc6b"
0,0.556876515289899,0.292,0.097,0,"2","Thoc5"
9.41482695025689e-158,0.556604802104323,0.102,0.029,1.97061742895827e-153,"2","Chmp6"
1.19225680086514e-223,0.556534176842366,0.14,0.038,2.49551270989083e-219,"2","Ddx19a"
0,0.556294661688125,0.396,0.135,0,"2","Fbxo9"
3.04202883838537e-245,0.556175673912818,0.176,0.053,6.36727056162442e-241,"2","Fam199x"
1.76532640763436e-269,0.555858143055903,0.203,0.062,3.69500470381949e-265,"2","Trak1"
1.64287582105683e-312,0.555636459975486,0.239,0.075,3.43870338105405e-308,"2","Llph"
0,0.555572907096447,0.293,0.093,0,"2","Mrpl42"
7.23317516669001e-183,0.55373356298508,0.132,0.04,1.51397589413989e-178,"2","Srprb"
5.54532254749031e-264,0.553651297886144,0.205,0.064,1.1606914624152e-259,"2","Bod1"
0,0.553566767293333,0.641,0.303,0,"2","Nedd4"
0,0.55346843135923,0.324,0.106,0,"2","Clcn4"
0,0.551466138944323,0.311,0.099,0,"2","Grpel1"
6.99992012694351e-242,0.551357881294158,0.158,0.044,1.46515328177055e-237,"2","Apoo"
0,0.551070518172427,0.321,0.101,0,"2","Wdr61"
6.53308399071867e-269,0.550592162235252,0.187,0.055,1.36743981009732e-264,"2","Znrd2"
0,0.550213375421035,0.255,0.078,0,"2","Adh5"
1.65750932664551e-298,0.550059408703287,0.21,0.062,3.46933277160172e-294,"2","Ift57"
4.44872268355444e-301,0.549933812694341,0.203,0.058,9.31162144894781e-297,"2","Eef1e1"
1.18730192595935e-273,0.549899148857769,0.215,0.07,2.48514166122552e-269,"2","Bola1"
5.51479501472735e-251,0.549718258969842,0.193,0.061,1.15430174453258e-246,"2","Bud31"
3.32844374203881e-170,0.549392610727922,0.104,0.028,6.96676559646144e-166,"2","Enoph1"
1.35404031334213e-206,0.54918971771339,0.145,0.043,2.83414177985642e-202,"2","Txnl4a"
4.86159294867824e-280,0.547672129718424,0.187,0.053,1.01758002008784e-275,"2","Mfn2"
2.38628998132426e-211,0.546265307882407,0.151,0.046,4.99474355990981e-207,"2","Slc16a3"
4.76276227967744e-281,0.545862524790437,0.186,0.053,9.96893772759286e-277,"2","Naxe"
0,0.54551126907795,0.291,0.093,0,"2","Psma5"
0,0.543952783586591,0.94,0.761,0,"2","Guca1b"
0,0.543506548729165,0.433,0.163,0,"2","Chrac1"
0,0.543300732411174,0.306,0.1,0,"2","Ube2l3"
0,0.542228176086087,0.304,0.098,0,"2","Cox20"
1.21839552658326e-318,0.541516601686157,0.711,0.381,2.55022367669143e-314,"2","Glo1"
9.65373198090226e-173,0.541176190910047,0.109,0.03,2.02062264092265e-168,"2","Tmem192"
2.06447229226821e-248,0.540386162592238,0.17,0.049,4.3211469549466e-244,"2","Grhpr"
0,0.539681136677074,0.291,0.09,0,"2","Ssr3"
0,0.539531205561313,0.566,0.246,0,"2","Set"
1.39069352943262e-161,0.539200053908957,0.107,0.031,2.91086062645541e-157,"2","Prkaca"
0,0.539035166939166,0.283,0.092,0,"2","Oard1"
1.61430991582959e-229,0.538066288297133,0.156,0.045,3.37891208482291e-225,"2","Aamdc"
0,0.538035803151861,0.347,0.119,0,"2","Samd8"
0,0.536860407041921,0.345,0.121,0,"2","Yeats4"
0,0.535071460187924,0.347,0.117,0,"2","Chchd1"
2.56624361646747e-210,0.534888744568267,0.148,0.044,5.37140451362807e-206,"2","Snx5"
0,0.534576215644726,0.759,0.41,0,"2","Rtn4"
0,0.53431214411337,0.443,0.167,0,"2","Hypk"
0,0.533251053808289,0.3,0.096,0,"2","Hacd3"
1.53495873773177e-179,0.532965416829495,0.133,0.041,3.21282213394637e-175,"2","Cdkn1c"
0,0.532101133258589,0.318,0.105,0,"2","Prrc2a"
0,0.531881854066483,0.424,0.152,0,"2","Pacsin1"
4.97725553720804e-289,0.531848388871421,0.216,0.066,1.04178935649301e-284,"2","Rbbp7"
2.72493952468041e-188,0.530802222110018,0.123,0.035,5.70357091910856e-184,"2","Hgs"
0,0.530513287100506,0.423,0.15,0,"2","Pfdn1"
0,0.529875449158012,0.692,0.354,0,"2","Ndfip1"
0,0.529853096291673,0.379,0.136,0,"2","Rwdd1"
2.48601391331361e-312,0.529248529687669,0.272,0.091,5.20347572195672e-308,"2","Anp32b"
0,0.529140981580285,0.334,0.112,0,"2","Aktip"
3.22784196232245e-276,0.52826895683561,0.183,0.052,6.75619601133712e-272,"2","Cep19"
0,0.528048732114431,0.364,0.129,0,"2","Zcchc17"
0,0.526537004140194,0.321,0.107,0,"2","Lrrc8b"
1.01930502835957e-230,0.526498717544548,0.181,0.058,2.13350735485942e-226,"2","Hras"
0,0.526229339765201,0.48,0.19,0,"2","Sptbn1"
4.56911909273985e-320,0.526165550420796,0.253,0.081,9.56362317301378e-316,"2","Mrps24"
0,0.525237571830488,0.4,0.16,0,"2","1190005I06Rik"
1.11461859773824e-227,0.524722125115026,0.148,0.041,2.33300818692591e-223,"2","Vkorc1l1"
5.4912037415238e-211,0.524552846035689,0.139,0.039,1.14936385513835e-206,"2","Dcp2"
5.81116706731902e-222,0.524373799561585,0.137,0.037,1.21633537886054e-217,"2","Ormdl2"
6.30868621150798e-236,0.524235184092159,0.16,0.046,1.32047111093074e-231,"2","Mlf1"
6.26325402306068e-285,0.524201056661944,0.23,0.074,1.31096169956683e-280,"2","Polr2m"
6.64349917795667e-173,0.524004601137485,0.111,0.031,1.39055081293811e-168,"2","Rbbp9"
5.67187361425751e-321,0.522021880555155,0.273,0.09,1.18717986620024e-316,"2","Smpd1"
0,0.521946207613999,0.289,0.098,0,"2","Lamtor1"
1.99212917565793e-307,0.521856355212956,0.238,0.074,4.16972557756961e-303,"2","Pmpcb"
0,0.521789968600973,0.351,0.115,0,"2","Arf5"
3.26624185846513e-314,0.521646228399889,0.261,0.085,6.83657083395336e-310,"2","Mpdu1"
1.93018469875809e-154,0.521360322036962,0.116,0.039,4.04006959297056e-150,"2","Clu"
0,0.521347196125967,0.391,0.141,0,"2","Cyc1"
1.50697320444029e-280,0.521073462949961,0.179,0.049,3.15424561421397e-276,"2","Itpa"
0,0.520891693801196,0.317,0.103,0,"2","Polr2c"
7.40141540547142e-186,0.519764080531773,0.136,0.042,1.54919025851922e-181,"2","Ccdc85c"
0,0.519041999273807,0.374,0.142,0,"2","Tubb4b"
0,0.518991661920818,0.553,0.241,0,"2","Lpgat1"
1.66531021062957e-265,0.518769873389873,0.205,0.065,3.48566080186875e-261,"2","Atxn10"
1.95489237742308e-302,0.518539037213569,0.223,0.067,4.09178523518426e-298,"2","Clba1"
0,0.51818422341128,0.311,0.108,0,"2","Paip1"
9.03700286009021e-291,0.518133463387161,0.184,0.05,1.89153506864548e-286,"2","Prkcsh"
0,0.517810010566298,0.404,0.132,0,"2","Snrpf"
1.14067503095341e-231,0.517543056880859,0.137,0.036,2.38754690728858e-227,"2","Dtd2"
2.47977247199758e-198,0.51723144734626,0.127,0.035,5.19041176113814e-194,"2","Drosha"
0,0.517230186745398,0.333,0.106,0,"2","Med19"
5.56736660151733e-204,0.516511832879654,0.139,0.04,1.16530550336359e-199,"2","Pqbp1"
0,0.515831054351758,0.723,0.37,0,"2","Ptp4a3"
2.33718413350108e-242,0.515640535857639,0.175,0.053,4.89196010983112e-238,"2","Dync2li1"
1.98597939943294e-294,0.515001093550362,0.247,0.081,4.15685348095308e-290,"2","Strap"
0,0.514849120152402,0.713,0.355,0,"2","Slc25a3"
0,0.514784305488316,0.281,0.093,0,"2","Slc2a1"
1.49786660572982e-241,0.513772090929046,0.17,0.05,3.13518459245309e-237,"2","C1qbp"
5.40111327929689e-304,0.513608707051342,0.237,0.074,1.13050702048963e-299,"2","Ramac"
0,0.513471441015881,0.587,0.251,0,"2","Got1"
4.8815009629403e-296,0.513290001541867,0.234,0.074,1.02174696655303e-291,"2","Akr1e1"
1.17763388551684e-205,0.512063009714465,0.149,0.045,2.46490548577529e-201,"2","Szrd1"
1.61757020910371e-162,0.511854381056964,0.104,0.029,3.38573620467497e-158,"2","Fdx1"
5.00793131473081e-202,0.510927961109182,0.179,0.065,1.04821010348631e-197,"2","Dbi"
4.3210154937749e-307,0.510702005850718,0.745,0.457,9.04431753002024e-303,"2","Tmsb4x"
0,0.510607724476006,0.328,0.114,0,"2","Prrc2b"
1.3987709881805e-309,0.510484652327317,0.23,0.07,2.9277675553606e-305,"2","Mydgf"
0,0.510217782623106,0.274,0.083,0,"2","Ntan1"
0,0.510212191693396,0.41,0.147,0,"2","Srp9"
2.64195316983331e-228,0.509430855409061,0.176,0.055,5.5298721797781e-224,"2","Tprgl"
1.78632408863769e-290,0.50938300991264,0.307,0.115,3.73895494992755e-286,"2","Rab5if"
2.07333769683448e-221,0.508240283948076,0.159,0.048,4.33970313324425e-217,"2","Mrpl40"
9.95278783437432e-292,0.507844067250266,0.235,0.075,2.08321802161289e-287,"2","Rbm42"
1.83380896936606e-230,0.506441084442889,0.156,0.045,3.83834555378011e-226,"2","Ubac1"
0,0.506303625935855,0.49,0.198,0,"2","Raly"
0,0.506289875817493,0.23,0.068,0,"2","Traf3ip3"
4.3766986548276e-272,0.505641213782699,0.18,0.051,9.16086795441965e-268,"2","Ift22"
6.78416360273991e-318,0.505640796779835,0.918,0.665,1.41999328368949e-313,"2","Rtbdn"
0,0.505196570393541,0.502,0.2,0,"2","R3hdm2"
3.74210259251371e-222,0.502625346514728,0.166,0.051,7.83259493639044e-218,"2","Rab8a"
4.25142586576589e-314,0.502393478345387,0.288,0.099,8.89865947963458e-310,"2","Rab18"
1.38452417342724e-288,0.500689006623077,0.203,0.059,2.89794754740055e-284,"2","Borcs5"
4.92928850794762e-210,0.498595543755431,0.151,0.046,1.03174937759852e-205,"2","Hikeshi"
0,0.498082702357539,0.401,0.146,0,"2","Prkar2a"
3.40556295084324e-172,0.498055332692651,0.125,0.038,7.12818381240999e-168,"2","Wdr1"
0,0.497716774628292,0.249,0.076,0,"2","Bpgm"
0,0.497639520428411,0.29,0.095,0,"2","Ube2s"
0,0.497556434652325,0.377,0.131,0,"2","Gas6"
5.92878775009496e-323,0.496852470103864,0.372,0.143,1.24095456397238e-318,"2","Plpp2"
0,0.496774813083507,0.321,0.108,0,"2","Manf"
5.70196506270951e-303,0.496271393720955,0.433,0.186,1.19347830727573e-298,"2","Osgep"
5.87826057239631e-248,0.495953350672852,0.19,0.059,1.23037872040827e-243,"2","Asna1"
0,0.495524844972698,0.337,0.116,0,"2","Snrpe"
1.6075765762682e-212,0.495349768804202,0.162,0.052,3.36481853178697e-208,"2","Rab11a"
2.63244526094121e-251,0.494585125448017,0.179,0.053,5.50997117567604e-247,"2","Dynlt3"
0,0.494314354263049,0.407,0.153,0,"2","Cltc"
0,0.494047825427985,0.478,0.183,0,"2","Pfkl"
4.21170504148681e-174,0.49386136630558,0.112,0.032,8.81551982233605e-170,"2","Ncln"
1.14551532945838e-182,0.493847104622462,0.116,0.033,2.39767813608934e-178,"2","Idnk"
2.1768378324456e-194,0.49353073241222,0.112,0.029,4.55633926709189e-190,"2","Zbtb8os"
5.19658068081262e-237,0.49333555268545,0.162,0.048,1.08769630230089e-232,"2","Fuom"
0,0.492966140122205,0.396,0.141,0,"2","Zdhhc5"
3.60775102456638e-242,0.492893181563573,0.188,0.059,7.55138366951989e-238,"2","H2afj"
0,0.492821545275395,0.597,0.269,0,"2","Arl6"
8.27449912527546e-299,0.492782287024537,0.228,0.07,1.73193541191141e-294,"2","Tm7sf3"
0,0.492721406231244,0.378,0.136,0,"2","Ubl3"
2.69822484527787e-193,0.492646899569247,0.135,0.04,5.64765442365111e-189,"2","Phf2"
8.71542551925963e-214,0.492314507442337,0.146,0.043,1.82422571543623e-209,"2","Tvp23b"
0,0.491901811019213,0.53,0.219,0,"2","Vopp1"
0,0.491843444704779,0.48,0.187,0,"2","Gucy2f"
7.24817861479513e-254,0.491839213272323,0.264,0.098,1.51711626586277e-249,"2","2510009E07Rik"
0,0.491257722217504,0.228,0.065,0,"2","1110002L01Rik"
0,0.490845713957313,0.271,0.087,0,"2","Psmd2"
0,0.490802910281277,0.319,0.107,0,"2","Dph3"
0,0.489884108873236,0.617,0.289,0,"2","Cnot6"
4.65625875794101e-262,0.48900223754482,0.179,0.052,9.74601520624633e-258,"2","Eci1"
0,0.488754456484903,0.431,0.167,0,"2","Snrnp27"
4.58851469535382e-280,0.48849213510623,0.249,0.085,9.60422010884507e-276,"2","Smndc1"
4.66450486878725e-249,0.487498251159389,0.164,0.047,9.76327514085859e-245,"2","Stx12"
0,0.486933438364155,0.383,0.137,0,"2","Scamp5"
2.57454908166668e-239,0.486675028601383,0.191,0.061,5.38878868283654e-235,"2","Leprotl1"
1.80714995640001e-258,0.486635338794097,0.18,0.053,3.78254557374087e-254,"2","Ctbp1"
1.7972785974516e-293,0.486542367773745,0.24,0.078,3.76188383232594e-289,"2","Nop10"
5.98613169527741e-187,0.486475042543431,0.113,0.03,1.25295722513851e-182,"2","Nelfcd"
8.77350457197831e-205,0.485237932086034,0.151,0.048,1.83638224196078e-200,"2","Rab6b"
0,0.48521271331023,0.594,0.258,0,"2","Emc7"
2.29437793295995e-227,0.484770851882696,0.154,0.044,4.80236245147848e-223,"2","Rcan3"
0,0.482422206681197,0.612,0.289,0,"2","Calm2"
3.31988364193488e-310,0.482328244134359,0.209,0.06,6.94884845093389e-306,"2","Alkbh6"
0,0.482240442756584,0.254,0.078,0,"2","Cds2"
7.48807695653169e-256,0.481703937875769,0.204,0.065,1.56732938777165e-251,"2","U2af1l4"
0,0.481703323315236,0.327,0.11,0,"2","Snrpc"
8.20039103499746e-250,0.481624658236223,0.192,0.06,1.71642384753532e-245,"2","As3mt"
0,0.480801266901472,0.398,0.145,0,"2","Paip2"
5.31053303144005e-259,0.480665207360595,0.192,0.059,1.11154766881072e-254,"2","Mtfr1l"
9.88131291682493e-323,0.479475787079445,0.322,0.115,2.06825760662063e-318,"2","A330094K24Rik"
1.70664210826529e-299,0.479157408882514,0.251,0.083,3.57217259681007e-295,"2","Elof1"
2.87654406256045e-317,0.477698775971408,0.606,0.284,6.02089437734527e-313,"2","Rp1l1"
0,0.477501463652119,0.464,0.176,0,"2","Fam171b"
0,0.477434060252043,0.279,0.091,0,"2","Atp6v0d1"
7.88847337057619e-194,0.4773986098665,0.129,0.037,1.6511363611953e-189,"2","Ube2z"
3.5635432723512e-226,0.477317243825601,0.168,0.052,7.4588524233583e-222,"2","Mcfd2"
4.63312054148551e-287,0.476807422715262,0.231,0.074,9.69758460538332e-283,"2","Arpc1a"
0,0.47656453277551,0.329,0.114,0,"2","Rrp1"
5.62005806082198e-282,0.476119149158238,0.218,0.067,1.17633435271065e-277,"2","Ptpn11"
7.70685307363111e-298,0.475701619898454,0.261,0.087,1.61312141684173e-293,"2","Btbd1"
2.6024861452517e-315,0.475648356162706,0.269,0.089,5.44726375062632e-311,"2","Sin3b"
0,0.475623636426105,0.373,0.132,0,"2","Asrgl1"
3.17838942676334e-266,0.475591097003556,0.912,0.676,6.65268690915834e-262,"2","Cngb1"
0,0.47510151724145,0.563,0.241,0,"2","Csde1"
1.80741797397001e-149,0.474609190265327,0.108,0.033,3.78310656131664e-145,"2","Habp4"
1.30266539254989e-278,0.474306847262052,0.284,0.106,2.72660893314617e-274,"2","Gng5"
0,0.474242940835432,0.565,0.244,0,"2","Cbx3"
0,0.474217616505249,0.39,0.152,0,"2","Pcbp1"
2.0436332031867e-153,0.473865394172281,0.12,0.038,4.27752865759007e-149,"2","Ttyh2"
0,0.47286402411843,0.331,0.113,0,"2","Glrx2"
2.14685147220365e-259,0.472657900500821,0.911,0.659,4.49357481646946e-255,"2","Fam57b"
3.47587395117883e-169,0.472341160157901,0.111,0.032,7.2753517672124e-165,"2","Taf13"
0,0.471270025978653,0.307,0.106,0,"2","Rad21"
0,0.471142463548837,0.588,0.259,0,"2","Tmbim6"
5.67632461191746e-290,0.471027640915948,0.229,0.073,1.18811150452044e-285,"2","Mrps11"
0,0.471025682971118,0.367,0.132,0,"2","Wbp2"
4.00273104054766e-209,0.470593697455868,0.155,0.047,8.3781163409703e-205,"2","Tmem185a"
3.66501387103533e-306,0.470115842368617,0.255,0.083,7.67124053346404e-302,"2","Egln1"
0,0.469266715011542,0.522,0.218,0,"2","Ankrd33"
6.84015944668582e-204,0.469000552535191,0.168,0.054,1.43171377378581e-199,"2","Gm5914"
1.51284858118255e-263,0.468406110487848,0.216,0.071,3.1665433652732e-259,"2","Brk1"
0,0.467986873511867,0.319,0.111,0,"2","Atraid"
5.78504289273025e-255,0.467942231776296,0.196,0.061,1.21086732787737e-250,"2","Tmem222"
2.50363556590749e-316,0.467424052550568,0.606,0.289,5.24035960300097e-312,"2","Ppp2r5c"
3.05940115600707e-183,0.467153594015033,0.123,0.035,6.40363255963839e-179,"2","Jpt1"
0,0.465596597280377,0.324,0.107,0,"2","Aarsd1"
0,0.465138480139061,0.546,0.229,0,"2","Rab28"
2.3549670392537e-230,0.464564114885949,0.186,0.06,4.92918150986192e-226,"2","BC004004"
0,0.464510107041453,0.395,0.144,0,"2","Gabarapl1"
3.0473725927288e-266,0.464452805959704,0.798,0.475,6.37845557384065e-262,"2","Anp32a"
1.67179153594879e-291,0.464290142127143,0.265,0.091,3.49922686389441e-287,"2","Rps27l"
1.11670046235181e-271,0.464124376303528,0.713,0.38,2.33736573774858e-267,"2","Lgalsl"
0,0.463857560663259,0.325,0.111,0,"2","Psmc4"
7.57111574636021e-288,0.463029863535467,0.223,0.069,1.58471023687066e-283,"2","Gdpd1"
3.44790924308743e-317,0.461740477217408,0.274,0.091,7.2168188367063e-313,"2","Acp1"
1.28457067918724e-322,0.460130731399206,0.293,0.1,2.68873488860681e-318,"2","Cnih4"
5.31594415445299e-181,0.460124785521238,0.117,0.033,1.11268027096856e-176,"2","Vamp4"
7.72713356580103e-253,0.460078231940086,0.203,0.065,1.61736632665781e-248,"2","Atp6v1c1"
9.91113424708113e-254,0.459904327544175,0.899,0.669,2.07449950925655e-249,"2","Ckb"
2.97280148898907e-214,0.459839322226205,0.151,0.045,6.22237079660301e-210,"2","Cyb5r4"
3.55961133168994e-288,0.459386175351779,0.243,0.08,7.45062247836022e-284,"2","Mrpl17"
4.83477744376764e-285,0.458628376430457,0.243,0.081,1.011967266755e-280,"2","Idh3a"
0,0.458022278553285,0.328,0.112,0,"2","Trappc4"
4.58637971599051e-184,0.457986117922367,0.113,0.031,9.59975138353973e-180,"2","Pdp2"
7.54708601102164e-192,0.456548379439344,0.132,0.039,1.57968057296694e-187,"2","Eif3l"
0,0.456208275823691,0.319,0.111,0,"2","Upf3a"
4.8545542226258e-281,0.456014813567222,0.218,0.068,1.01610674433781e-276,"2","Znhit1"
0,0.454934368012899,0.258,0.082,0,"2","Mcrip1"
3.87415506092608e-196,0.454761490515673,0.139,0.042,8.10899395802437e-192,"2","Stx8"
0,0.450068423212569,0.53,0.217,0,"2","Cct5"
0,0.449312177815364,0.38,0.138,0,"2","Suclg1"
1.23774993930355e-210,0.448795091969219,0.16,0.05,2.59073439795627e-206,"2","Pes1"
9.9295388181647e-263,0.448575995687389,0.177,0.051,2.07835177003005e-258,"2","Vta1"
1.0583293173635e-234,0.448521973349935,0.164,0.049,2.21518909417354e-230,"2","Chmp3"
0,0.448090611882911,0.511,0.226,0,"2","H2afz"
9.63778386724077e-272,0.44788599323625,0.22,0.071,2.01728454125217e-267,"2","Vps4a"
4.47789672785741e-260,0.447781138681655,0.69,0.371,9.37268564107835e-256,"2","Fam169a"
7.59872963303837e-321,0.44737956833047,0.697,0.35,1.59049009949126e-316,"2","Hnrnpk"
1.22008708575279e-217,0.445224000574211,0.158,0.048,2.55376427918917e-213,"2","Etfa"
0,0.444405011775396,0.316,0.103,0,"2","Unc50"
2.14436898652629e-152,0.443905523834918,0.112,0.035,4.48837872569817e-148,"2","Cyb5a"
6.11259851211289e-171,0.443830780692105,0.11,0.031,1.27942799457035e-166,"2","Naa60"
2.50180384378976e-198,0.442920669729766,0.15,0.047,5.23652562543635e-194,"2","Ube2e1"
0,0.442482389496969,0.392,0.149,0,"2","Got2"
0,0.442047714227246,0.588,0.266,0,"2","Ccdc107"
0,0.441369810914887,0.354,0.129,0,"2","Snu13"
6.93661888496556e-227,0.441082350423234,0.176,0.056,1.45190369881214e-222,"2","Otub1"
1.7903854746597e-229,0.440373643280499,0.142,0.038,3.74745583701021e-225,"2","Klc4"
2.65034684923213e-156,0.440186521940411,0.104,0.03,5.54744099012777e-152,"2","Usf1"
2.09960162888459e-165,0.44002438435342,0.113,0.033,4.39467616941833e-161,"2","Asah1"
2.41958408430925e-232,0.439814443470091,0.19,0.061,5.06443144686769e-228,"2","Dnajb12"
1.01305950063502e-152,0.439645715290565,0.1,0.028,2.12043484077916e-148,"2","Creld2"
1.72566693430663e-178,0.439183076878032,0.119,0.035,3.61199346019722e-174,"2","Zfp560"
3.5032703578809e-159,0.438158671588696,0.116,0.035,7.3326951860805e-155,"2","Klhdc3"
0,0.437265614587919,0.337,0.12,0,"2","Eif3m"
1.49331626110583e-168,0.437114369760454,0.116,0.034,3.12566026612061e-164,"2","Ttll1"
1.35899548020527e-163,0.436620184215045,0.125,0.04,2.84451343961765e-159,"2","Hax1"
7.78830632069245e-256,0.436494986274424,0.229,0.078,1.63017039598414e-251,"2","Pitpna"
2.31068289524196e-268,0.435303015217153,0.198,0.06,4.83649036803095e-264,"2","Igbp1"
0,0.435047732793022,0.297,0.098,0,"2","Tpp1"
3.27820731832461e-237,0.434171797085312,0.185,0.059,6.86161573798525e-233,"2","B230118H07Rik"
1.01428090007678e-231,0.433669457043216,0.179,0.057,2.12299135195072e-227,"2","2310009A05Rik"
1.71129905951397e-244,0.433321403890652,0.183,0.057,3.58192006146868e-240,"2","Mrps18c"
1.92332837665075e-176,0.432382002159628,0.122,0.036,4.02571862516768e-172,"2","Dnaja3"
0,0.432221327512682,0.419,0.157,0,"2","Tmem230"
2.50662790140476e-152,0.431921678501528,0.102,0.029,5.2466228604303e-148,"2","Dnajc14"
0,0.43164215379181,0.252,0.078,0,"2","Txndc15"
1.38552324939944e-222,0.431474748088652,0.149,0.042,2.90003871331797e-218,"2","Gpat4"
2.09430892073275e-262,0.43012982518574,0.259,0.093,4.38359800198571e-258,"2","Pdcl"
2.98277747175848e-204,0.429299556299821,0.151,0.047,6.24325152613768e-200,"2","Sec23a"
1.29443507291515e-261,0.429218731968268,0.223,0.074,2.7093820511187e-257,"2","Tsen34"
5.85898220312534e-316,0.429113864356401,0.267,0.087,1.22634356493617e-311,"2","Dnajc12"
0,0.428751420774549,0.338,0.121,0,"2","Sf3b5"
5.98874216871785e-297,0.427705979086812,0.231,0.072,1.25350362333433e-292,"2","Zfp664"
2.51767866961493e-254,0.426707882771798,0.178,0.052,5.26975322337101e-250,"2","Lsm5"
0,0.4261390076456,0.4,0.138,0,"2","Tmem63b"
8.83245727229987e-254,0.425516730353182,0.201,0.064,1.84872163166509e-249,"2","Prr13"
7.82670571925472e-281,0.425205741731872,0.223,0.071,1.63820777409721e-276,"2","Maf1"
2.50611433672393e-163,0.42471066824278,0.107,0.03,5.24554791819686e-159,"2","Pgam5"
0,0.424608411178208,0.31,0.105,0,"2","Dbndd2"
2.08213168149212e-306,0.423573461471188,0.273,0.093,4.35810982253116e-302,"2","Emc8"
1.07252648308325e-202,0.42304034424444,0.131,0.037,2.24490518174154e-198,"2","Asl"
1.25020809046361e-285,0.423013434207134,0.247,0.082,2.61681055414938e-281,"2","Nudt21"
1.46519610016445e-156,0.421994725529953,0.113,0.034,3.06680195725421e-152,"2","Btbd2"
4.76478329504948e-185,0.421982947513935,0.137,0.042,9.97316791486807e-181,"2","Mrpl45"
2.9391342475814e-304,0.421541518544897,0.597,0.283,6.15190189361264e-300,"2","Hmgb2"
1.48219693752374e-322,0.421372280237929,0.356,0.135,3.10238640993094e-318,"2","Gm47543"
9.14329786083728e-230,0.42109016924856,0.144,0.039,1.91378367525185e-225,"2","Dnajc4"
8.69894712744696e-254,0.420767316712553,0.244,0.086,1.82077662324592e-249,"2","Ipo7"
1.0887777764238e-288,0.420435452508446,0.292,0.105,2.27892076383265e-284,"2","Bmpr2"
1.65128607283919e-223,0.419578480243039,0.183,0.06,3.45630687905971e-219,"2","Rtf2"
3.7682761680814e-227,0.419325727175263,0.196,0.066,7.88737884741118e-223,"2","Adprh"
1.24872133341329e-257,0.41902679477538,0.773,0.455,2.61369862296736e-253,"2","Nxnl2"
1.30511058247508e-228,0.418835385708896,0.189,0.062,2.73172696017859e-224,"2","Dpm2"
4.18103174942305e-155,0.41878515463655,0.115,0.036,8.75131755471738e-151,"2","Avpi1"
0,0.41796878797902,0.405,0.161,0,"2","Zcrb1"
0,0.417838644237569,0.379,0.14,0,"2","Ccpg1"
0,0.417123985056119,0.354,0.123,0,"2","Cope"
2.41508722261534e-278,0.416968472743677,0.675,0.351,5.05501906565617e-274,"2","Faim"
9.92122072181188e-213,0.416473728371846,0.174,0.057,2.07661070928245e-208,"2","Ubqln1"
2.17025251854809e-318,0.416161630594074,0.357,0.134,4.54255554657301e-314,"2","Hnrnpab"
1.16504600709342e-308,0.415925737148311,0.259,0.084,2.43855779744723e-304,"2","Mest"
0,0.415742352433451,0.304,0.102,0,"2","Ppp1r7"
3.42592387441852e-237,0.415706401655835,0.919,0.741,7.17080126154539e-233,"2","Slc6a6"
0,0.415604480624452,0.486,0.201,0,"2","Slc16a1"
1.97626258336499e-323,0.415591563358055,0.271,0.088,4.13651521324125e-319,"2","Stk25"
3.07859117737085e-259,0.415478660202891,0.207,0.066,6.44379919335493e-255,"2","Etf1"
1.32450749130903e-139,0.414524537377112,0.111,0.036,2.77232663005893e-135,"2","Pard6b"
0,0.413653725842711,0.435,0.164,0,"2","Ddx1"
0,0.413144725590421,0.317,0.103,0,"2","Dnajb2"
1.53912979889527e-162,0.412376074084001,0.426,0.235,3.22155258206769e-158,"2","Scand1"
2.7162188698066e-293,0.412244337190164,0.257,0.086,5.68531771639219e-289,"2","Ube2j1"
0,0.412216279883841,0.429,0.167,0,"2","Rbm8a"
7.31770311569206e-312,0.412049893115851,0.286,0.098,1.5316684391455e-307,"2","Htatsf1"
1.88057523634466e-196,0.411966768839558,0.142,0.043,3.93623202719301e-192,"2","Ak6"
1.83861325513493e-314,0.409044018536694,0.33,0.121,3.84840140432293e-310,"2","Hspa9"
3.20226512064678e-193,0.408672828514574,0.142,0.043,6.70266112402577e-189,"2","Surf4"
3.46419407695896e-239,0.408635665291289,0.174,0.052,7.25090462248279e-235,"2","Gars"
2.92595693445757e-260,0.408148194443826,0.219,0.072,6.12432045951315e-256,"2","Sap18"
4.23979077000524e-193,0.408095850696373,0.164,0.056,8.87430606069797e-189,"2","Znhit3"
0,0.407844192156104,0.508,0.214,0,"2","BC005537"
1.46226817005187e-273,0.407705267331725,0.212,0.067,3.06067350673556e-269,"2","Hsd17b12"
1.73485629954266e-296,0.406831869704612,0.265,0.089,3.63122772057273e-292,"2","Tex264"
3.0798146192881e-150,0.40655581980619,0.103,0.03,6.44635997963192e-146,"2","Pgd"
4.21104405899253e-233,0.405160939454808,0.76,0.444,8.81413631987726e-229,"2","Xiap"
1.33884028262654e-206,0.404730966838552,0.187,0.066,2.80232659556561e-202,"2","Dcaf7"
1.04221103005725e-304,0.404395302261766,0.278,0.095,2.18145190701283e-300,"2","Rnf14"
2.12360165768381e-153,0.403317535074189,0.131,0.044,4.44491062969798e-149,"2","B9d2"
5.53516282338729e-272,0.402980584123297,0.224,0.073,1.15856493056319e-267,"2","Ndufaf3"
2.31603636876265e-145,0.402661026193156,0.106,0.032,4.84769572345711e-141,"2","Hsph1"
8.16074309296454e-224,0.402059308644835,0.596,0.326,1.70812513678841e-219,"2","Tuba1a"
5.24892610724605e-241,0.401596523613479,0.185,0.058,1.09865272350767e-236,"2","Pdrg1"
2.42035615485025e-307,0.400451548976894,0.325,0.119,5.06604746771706e-303,"2","Tcp1"
3.0885933308893e-239,0.400218901281501,0.164,0.047,6.46473470088439e-235,"2","Alg11"
1.65056109833808e-228,0.400142089828633,0.216,0.076,3.45478943493143e-224,"2","Mtpn"
3.58914750161899e-257,0.399931356246157,0.207,0.066,7.51244463563871e-253,"2","Tgoln1"
6.74768478019346e-207,0.399899970051461,0.178,0.06,1.41235790134229e-202,"2","Prepl"
1.14573765511884e-222,0.399653207368786,0.146,0.041,2.39814348592925e-218,"2","Hspa1b"
7.89577163908273e-281,0.399423674620406,0.222,0.07,1.65266396177641e-276,"2","Tm9sf2"
1.9578601241027e-170,0.398978936421903,0.113,0.033,4.09799702575937e-166,"2","Aldh7a1"
4.23719842424422e-185,0.39890696299739,0.138,0.043,8.86888002178558e-181,"2","Smim12"
2.18076327109772e-317,0.39880812386357,0.977,0.902,4.56455560273464e-313,"2","Hsp90aa1"
1.95560659135919e-230,0.398136860794278,0.245,0.091,4.09328015637393e-226,"2","Tmem229b"
5.33897198751784e-250,0.397986050640256,0.208,0.068,1.11750022670736e-245,"2","Lsm2"
7.92442486474168e-196,0.397787637219174,0.162,0.053,1.65866136843908e-191,"2","Trappc6a"
5.03947591269092e-150,0.397446708960499,0.11,0.034,1.05481270328534e-145,"2","Eef1akmt2"
4.97575629249843e-256,0.396777317268097,0.747,0.423,1.04147554958285e-251,"2","A930003A15Rik"
7.78753601788904e-226,0.39642180452739,0.191,0.064,1.63000916390435e-221,"2","Kdelr1"
3.1792046416746e-314,0.396152054955068,0.426,0.173,6.6543932354891e-310,"2","U2af1"
0,0.39608873210697,0.399,0.155,0,"2","Dpy30"
1.35885466897263e-196,0.395199859725677,0.177,0.063,2.84421870762661e-192,"2","Rnf187"
1.05246990626948e-205,0.395068339375689,0.146,0.043,2.20292476081265e-201,"2","Abhd16a"
8.21311378793618e-223,0.395068332727899,0.184,0.06,1.71908684695292e-218,"2","Rtcb"
2.96439387504748e-323,0.394666207142153,0.285,0.095,6.20477281986188e-319,"2","Ebna1bp2"
2.23650204514991e-240,0.394471007076628,0.207,0.069,4.68122243070328e-236,"2","Lsm8"
4.05329953075621e-218,0.393485806993459,0.18,0.058,8.48396124782583e-214,"2","Naa50"
1.1267831680078e-231,0.393475592269786,0.731,0.413,2.35846984895713e-227,"2","Stxbp1"
5.93230736994986e-175,0.39319429645645,0.139,0.044,1.2416912556042e-170,"2","Grsf1"
0,0.393162319026669,0.346,0.124,0,"2","Jkamp"
1.56503257778726e-241,0.392727635403452,0.196,0.063,3.2757696885665e-237,"2","Ssrp1"
2.74881104304937e-295,0.392479929408073,0.264,0.089,5.75353639420663e-291,"2","Elmod1"
3.16179710424925e-277,0.392334856197339,0.271,0.096,6.61795751890411e-273,"2","Sdhb"
1.32343331315614e-241,0.391247912719452,0.215,0.073,2.77007826776712e-237,"2","Bax"
0,0.390562375944954,0.368,0.132,0,"2","Cct8"
3.27582849502292e-256,0.390460014595514,0.205,0.065,6.85663662293247e-252,"2","Smg7"
1.65489773321068e-133,0.390299591760885,0.103,0.033,3.46386644538328e-129,"2","Ubl7"
9.48152192472301e-268,0.389460794016672,0.669,0.351,1.98457735406377e-263,"2","Ubc"
2.0633007168548e-312,0.38925173920357,0.495,0.215,4.31869473044877e-308,"2","Ppp1cc"
0,0.388687962938244,0.324,0.114,0,"2","Ssr1"
0,0.387805108832663,0.391,0.147,0,"2","Gm45716"
1.04772110189228e-226,0.387043035492224,0.186,0.061,2.19298503837073e-222,"2","Cox19"
0,0.386456268395252,0.43,0.172,0,"2","Alkbh5"
6.62636677678824e-310,0.385929776162211,0.352,0.133,1.38696483004955e-305,"2","Tm9sf3"
3.66852868876133e-168,0.385209884998448,0.108,0.03,7.67859739844635e-164,"2","Prr12"
1.31724434405308e-211,0.384744466713503,0.177,0.058,2.7571241365375e-207,"2","Ramp3"
1.60816986601851e-309,0.384429744039781,0.315,0.115,3.36606034656334e-305,"2","Timm23"
3.54633465823906e-287,0.384176214547644,0.274,0.096,7.42283307316018e-283,"2","Eif4e"
1.79140755861347e-242,0.384159025772174,0.204,0.067,3.74959516093385e-238,"2","Tmx2"
0,0.384030849212091,0.434,0.168,0,"2","Tcea1"
0,0.383636928470802,0.419,0.161,0,"2","Tmem30a"
1.34999580237243e-108,0.381897635892914,0.724,0.581,2.82567621394573e-104,"2","AY036118"
2.23474213068522e-163,0.381770793718338,0.112,0.033,4.67753875373724e-159,"2","Mrpl39"
1.17414571094522e-247,0.381427128054275,0.475,0.224,2.45760438757944e-243,"2","Pnrc1"
2.96568455997123e-243,0.381191007642657,0.2,0.065,6.20747435247579e-239,"2","Eri3"
2.31043178798005e-316,0.380844179615912,0.469,0.198,4.83596477542104e-312,"2","Zfp106"
1.22796658891384e-275,0.380814513144399,0.368,0.151,2.57025686725556e-271,"2","Snhg12"
6.7227189156616e-199,0.380813275027552,0.823,0.545,1.40713229623713e-194,"2","Ebpl"
4.05876045707574e-185,0.378845792472589,0.135,0.041,8.49539151270522e-181,"2","Golga2"
2.00996982629489e-188,0.378834265672893,0.144,0.046,4.20706784341783e-184,"2","Gm5617"
4.09003903798377e-170,0.378398903039459,0.117,0.034,8.56086071040383e-166,"2","Traf7"
1.80397586274864e-150,0.378218713974297,0.112,0.035,3.77590187831918e-146,"2","Timm29"
4.49296445805434e-162,0.378024178687773,0.116,0.035,9.40422390715354e-158,"2","G6pdx"
1.57740023472072e-158,0.377515620577288,0.106,0.03,3.30165643129393e-154,"2","Btc"
5.66249658091135e-164,0.374967993456193,0.117,0.035,1.18521715935056e-159,"2","Scrn3"
0,0.374938601531221,0.414,0.162,0,"2","Cyth2"
1.20383391819557e-132,0.374528796659351,0.111,0.037,2.51974477417514e-128,"2","Arl8a"
6.9174842848645e-265,0.3741864056616,0.257,0.091,1.44789863566499e-260,"2","Rab7"
2.25750319679238e-240,0.373816244587923,0.215,0.073,4.72517994120613e-236,"2","Borcs7"
2.42813290023511e-228,0.372705567555161,0.208,0.072,5.08232497348211e-224,"2","Mrps18a"
2.61672939372331e-252,0.372471829705412,0.202,0.064,5.47707629400227e-248,"2","Prpsap2"
5.32350900844159e-156,0.371984211741089,0.105,0.03,1.11426367055691e-151,"2","Pdk3"
3.6574011205053e-288,0.371973852376648,0.281,0.1,7.65530628532963e-284,"2","Ddit3"
2.14223434434321e-195,0.371167595513545,0.131,0.037,4.48391070614478e-191,"2","BB218582"
0,0.371125026971717,0.365,0.134,0,"2","Gtf2h5"
2.66795448754273e-321,0.370453847415858,0.506,0.216,5.58429553787569e-317,"2","Tmed10"
1.36305945858987e-304,0.370145774846519,0.294,0.103,2.85301975277446e-300,"2","Slc30a9"
5.48764724238476e-284,0.37013125543939,0.316,0.12,1.14861944430355e-279,"2","Apbb1"
1.20218520541629e-183,0.369848099513177,0.134,0.041,2.51629385345683e-179,"2","Npdc1"
1.6791351878764e-223,0.369522945333592,0.206,0.073,3.5145978617441e-219,"2","Denr"
2.93926331889817e-259,0.36901106841374,0.298,0.116,6.15217205278576e-255,"2","Ccdc28b"
9.84732495093454e-292,0.368689165096531,0.416,0.174,2.06114358548011e-287,"2","Sptan1"
0,0.368359865899608,0.387,0.145,0,"2","Hpf1"
3.07172832174049e-246,0.368316712728756,0.668,0.348,6.42943455023502e-242,"2","Gucy2e"
6.49822950100486e-285,0.368298093552898,0.226,0.072,1.36014441685533e-280,"2","Mrpl33"
3.70988937516436e-276,0.367512783269744,0.537,0.249,7.76516945115652e-272,"2","Dnajc5"
5.41517944774222e-279,0.367422189466867,0.236,0.078,1.13345121020692e-274,"2","Nfu1"
3.83505605034221e-215,0.367313755534246,0.164,0.052,8.02715581897129e-211,"2","Pja1"
5.04633423994384e-292,0.367300731807342,0.287,0.102,1.05624821976265e-287,"2","Rpp21"
6.4276364925336e-254,0.367085773071606,0.23,0.079,1.34536859425221e-249,"2","Ufm1"
0,0.36660899601265,0.424,0.169,0,"2","Tmem136"
0,0.366553660147425,0.493,0.204,0,"2","Dnajb6"
1.00147435686954e-195,0.366053087337548,0.197,0.072,2.09618597636364e-191,"2","Glrx5"
7.74429331737275e-231,0.366005643572783,0.179,0.056,1.62095803425929e-226,"2","Ruvbl1"
1.66409036706033e-316,0.365420881851264,0.375,0.144,3.48310754729397e-312,"2","Selenot"
6.22084371013682e-290,0.365331561843259,0.278,0.097,1.30208479696874e-285,"2","Pafah1b2"
3.46965445098886e-234,0.364066749377876,0.198,0.065,7.26233373136479e-230,"2","Fam192a"
0,0.363869255020099,0.504,0.213,0,"2","Pacsin2"
6.69294529994427e-209,0.363763508228099,0.163,0.051,1.40090038073134e-204,"2","Dnajc6"
0,0.361899827991189,0.45,0.185,0,"2","Eif1b"
1.32662048054916e-167,0.360414038886942,0.114,0.033,2.77674932783745e-163,"2","Nipal3"
8.86965707448335e-283,0.360145743731728,0.281,0.1,1.85650792226011e-278,"2","Psmd1"
3.49531522463795e-289,0.359960782110292,0.407,0.171,7.3160442966897e-285,"2","Ubxn1"
1.14144115400752e-144,0.359756693417353,0.112,0.035,2.38915047945315e-140,"2","Psme3"
5.29670004619791e-194,0.359407614126312,0.149,0.047,1.10865228666969e-189,"2","Prkag1"
1.9260807434986e-273,0.359271515705027,0.254,0.089,4.03147960421691e-269,"2","Cript"
2.22988144405135e-267,0.358892035363341,0.257,0.091,4.66736485054388e-263,"2","Rheb"
9.35117994174383e-244,0.358186127339997,0.221,0.076,1.9572954736064e-239,"2","Gns"
0,0.358018903822373,0.339,0.12,0,"2","Mkrn1"
6.74837847916908e-275,0.357804359742383,0.599,0.288,1.41250309947488e-270,"2","Sv2b"
7.40337626019699e-300,0.357379287292416,0.251,0.081,1.54960068502183e-295,"2","Nsa2"
4.19327508910372e-215,0.357273013018945,0.156,0.047,8.77694408900301e-211,"2","Oaz2"
2.35862878105652e-152,0.357171890503176,0.107,0.032,4.93684590162939e-148,"2","Ift52"
9.74283939835614e-145,0.356976076300474,0.131,0.046,2.03927371446992e-140,"2","Alg2"
3.61740109368433e-222,0.356780649804747,0.22,0.079,7.57158222919067e-218,"2","Wdr6"
1.30525146214559e-308,0.356780529156558,0.495,0.213,2.73202183541693e-304,"2","Cct6a"
1.94141679813842e-206,0.35623744288005,0.164,0.052,4.06357950018352e-202,"2","Snx14"
3.36136658317819e-293,0.356170779477564,0.429,0.18,7.03567639525026e-289,"2","Taok1"
1.25060111936164e-310,0.355959086128995,0.221,0.077,2.61763320293584e-306,"2","Nme1"
6.99049598929892e-219,0.355090412089828,0.179,0.058,1.46318071552016e-214,"2","Rnf13"
1.9490871159556e-126,0.354765129631462,0.1,0.032,4.07963424240667e-122,"2","Kbtbd7"
2.80093265384968e-223,0.354412723300704,0.257,0.1,5.86263213777277e-219,"2","Sdhaf1"
2.0560585513912e-275,0.35396095941463,0.48,0.215,4.30353615391692e-271,"2","Esrrb"
8.57870680412862e-264,0.353900594663519,0.291,0.11,1.79560912117216e-259,"2","Pla2g5"
2.73855411656167e-293,0.353740105390969,0.292,0.104,5.73206762137523e-289,"2","Tmem106c"
9.73706580106493e-193,0.353665389701331,0.155,0.05,2.0380652428209e-188,"2","Rab1b"
2.32426369259425e-140,0.353378382358708,0.129,0.046,4.86491633496903e-136,"2","Mxra7"
3.65956400137195e-318,0.352991522783816,0.343,0.127,7.65983341127162e-314,"2","Cetn3"
1.0479827718078e-243,0.352321655565192,0.206,0.068,2.1935327396709e-239,"2","Hipk1"
9.47796759858584e-291,0.352102631092085,0.613,0.292,1.98383339806e-286,"2","Sf3b2"
2.39579303884718e-240,0.350647239474591,0.688,0.361,5.01463440961104e-236,"2","Osbp2"
8.90637074115161e-170,0.349690842529406,0.117,0.034,1.86419245983044e-165,"2","Atf6b"
1.60629313777188e-170,0.349438789552041,0.14,0.047,3.36213216667033e-166,"2","Clns1a"
0,0.349304632607748,0.377,0.144,0,"2","Hspd1"
9.68326050608817e-134,0.348959296225015,0.11,0.038,2.02680325652931e-129,"2","Rab4b"
5.39259833704913e-314,0.348695207609587,0.343,0.128,1.12872475792775e-309,"2","Ndufs4"
5.51096325023302e-255,0.348405546263351,0.214,0.07,1.15349971790627e-250,"2","Mrps7"
1.49601996993803e-284,0.348168012373403,0.329,0.125,3.13131939907729e-280,"2","Lsm12"
2.68533380273742e-207,0.347823621188304,0.186,0.064,5.62067218250969e-203,"2","Psmd14"
1.28898925727698e-254,0.347677500141477,0.208,0.067,2.69798341440644e-250,"2","Stip1"
2.62747199627418e-279,0.34751684037715,0.245,0.082,5.49956163540149e-275,"2","Emg1"
2.90896545551223e-309,0.347500474012002,0.3,0.106,6.08875559493264e-305,"2","Actr3"
1.13615333410123e-148,0.346705691727785,0.103,0.03,2.37808254360729e-144,"2","Cep41"
9.63826672415e-305,0.345645812200902,0.353,0.135,2.01738560803184e-300,"2","Rbbp4"
7.39823689920087e-165,0.345327853508566,0.13,0.042,1.54852496537173e-160,"2","Ppp2r5d"
5.40804305876241e-221,0.344607441290847,0.154,0.045,1.13195749262956e-216,"2","Mvb12a"
5.17616091286703e-212,0.344483074774051,0.183,0.062,1.0834222406722e-207,"2","Tpgs1"
3.60364924737468e-288,0.34398989724162,0.222,0.068,7.54279823967994e-284,"2","Ganab"
0,0.34367041449136,0.488,0.201,0,"2","Ccdc47"
3.61441525400522e-142,0.343599875290672,0.101,0.03,7.56533256815832e-138,"2","Plrg1"
6.55857193905668e-274,0.343331942970426,0.265,0.093,1.37277469256395e-269,"2","Copb2"
3.31105930580172e-181,0.342742400600874,0.143,0.046,6.93037823297358e-177,"2","Hdhd2"
3.40807187321188e-171,0.340623853644883,0.133,0.042,7.13343523781979e-167,"2","Inafm2"
1.28329237270209e-152,0.340441661473512,0.11,0.033,2.68605926530275e-148,"2","Ddx39"
1.47362178696094e-199,0.339999611364813,0.139,0.041,3.08443776228793e-195,"2","Csnk1g2"
1.50587905006883e-230,0.339686074881286,0.221,0.078,3.15195543969907e-226,"2","Smim8"
7.67073021808568e-309,0.339441776083772,0.386,0.151,1.60556054194751e-304,"2","Lin7c"
9.45049320434539e-221,0.338717463024533,0.203,0.071,1.97808273260153e-216,"2","Ssna1"
4.23481627761422e-198,0.338523917494657,0.186,0.066,8.86389395067433e-194,"2","Ppp2r1a"
4.31299851630812e-294,0.338279182333293,0.452,0.192,9.02753719448452e-290,"2","Rnf10"
1.79031604533772e-244,0.338062000695252,0.216,0.072,3.74731051449637e-240,"2","Ubqln2"
6.52620601777676e-250,0.337662724634486,0.196,0.062,1.36600018158085e-245,"2","Fdps"
0,0.337661127247461,0.385,0.147,0,"2","Acadm"
8.70531337999414e-144,0.3374956263179,0.111,0.035,1.82210914356657e-139,"2","Esrrg"
1.08327931395518e-202,0.336958404071419,0.147,0.044,2.26741193203958e-198,"2","Slc39a3"
9.76624154891783e-225,0.336761268192205,0.19,0.063,2.04417201860399e-220,"2","Trim37"
1.09289779503791e-162,0.33638850005267,0.142,0.048,2.28754437479384e-158,"2","Fam174a"
1.81404222549334e-286,0.335902811076847,0.29,0.104,3.79697178218012e-282,"2","Ube2n"
5.38462236053969e-278,0.335901052429598,0.28,0.103,1.12705530628456e-273,"2","Mrpl53"
1.05172329442633e-267,0.33510704392987,0.247,0.086,2.20136202756376e-263,"2","Fkbp1a"
1.1231306674437e-306,0.334518248994505,0.408,0.164,2.3508248000264e-302,"2","Cct4"
3.79742274789256e-205,0.334145879019558,0.193,0.068,7.94838555361391e-201,"2","Zfp428"
1.09569805410199e-163,0.333613571905939,0.12,0.037,2.29340559704088e-159,"2","Egln2"
4.31815876948304e-282,0.333554016964414,0.265,0.093,9.03833812040495e-278,"2","Slc25a11"
4.42691965014055e-298,0.332637721531684,0.383,0.158,9.26598551970918e-294,"2","Bex2"
2.22201347847506e-307,0.332633653899786,0.283,0.097,4.65089641179615e-303,"2","Hspa1a"
3.06292163159695e-134,0.331586546935848,0.11,0.036,6.41100126709558e-130,"2","Fbxo45"
1.75653079237158e-298,0.331534928861755,0.322,0.121,3.67659460151294e-294,"2","Mrpl51"
1.47157226406864e-273,0.331308227963295,0.275,0.098,3.08014790592207e-269,"2","Ndufa9"
2.76208143357443e-137,0.330227718688068,0.109,0.035,5.78131264861464e-133,"2","Thap11"
3.61668348346153e-141,0.329493260164856,0.118,0.04,7.57008019923333e-137,"2","Myh10"
4.10105718151865e-137,0.328573487226722,0.105,0.033,8.58392278663669e-133,"2","Dohh"
2.13672290070648e-284,0.328543656829554,0.301,0.111,4.47237470346872e-280,"2","Sars"
5.18295128002001e-310,0.327561804164119,0.403,0.161,1.08484353242099e-305,"2","Abcf1"
3.21633074821974e-217,0.327332972144333,0.222,0.084,6.73210188909874e-213,"2","Gadd45gip1"
1.3244005570677e-196,0.327319609976587,0.159,0.052,2.7721028059984e-192,"2","Hat1"
1.45567115793646e-224,0.326792237872286,0.186,0.061,3.04686530067681e-220,"2","Steap2"
4.37149027390686e-256,0.326587505451437,0.249,0.088,9.14996629231446e-252,"2","Rnf5"
3.6932664636842e-257,0.325761483147497,0.453,0.203,7.73037603513739e-253,"2","Uhmk1"
2.7491362659701e-304,0.325145544059274,0.476,0.203,5.75421711830201e-300,"2","Sdha"
7.37978700998627e-171,0.324558131943998,0.156,0.056,1.54466321906023e-166,"2","Med10"
1.30194891611215e-170,0.323937030573481,0.158,0.055,2.72510927631434e-166,"2","Trim28"
7.72158065862638e-160,0.323669186450241,0.11,0.032,1.61620404765709e-155,"2","Apela"
8.39226392371336e-180,0.323208020682033,0.134,0.041,1.75658476187244e-175,"2","B230220B15Rik"
3.42297054679728e-278,0.322584762200279,0.266,0.093,7.16461965150139e-274,"2","Aig1"
6.9691188301418e-163,0.322480550437358,0.134,0.044,1.45870626233698e-158,"2","Cenpb"
2.9328631836633e-276,0.322470333332723,0.703,0.407,6.13877592972565e-272,"2","Calm1"
8.76415464306717e-222,0.322107868389349,0.16,0.048,1.83442520834039e-217,"2","Creg1"
5.71761008376367e-202,0.321384790853077,0.143,0.042,1.19675296663257e-197,"2","Zbtb22"
9.55301154194178e-309,0.32130870840312,0.376,0.146,1.99954084584383e-304,"2","Wdtc1"
4.95983094012935e-232,0.321104919075049,0.202,0.069,1.03814221407847e-227,"2","Hint2"
1.57454204768323e-159,0.320834027581571,0.127,0.041,3.29567396000577e-155,"2","Pigx"
1.07148389854132e-190,0.320807259965225,0.161,0.054,2.24272294803684e-186,"2","Borcs8"
8.93035348418975e-188,0.319930372604519,0.151,0.049,1.86921228777576e-183,"2","Rnh1"
1.86017031635024e-195,0.319730854571573,0.191,0.069,3.89352248915268e-191,"2","Commd2"
1.55419679414016e-122,0.319463343807054,0.111,0.039,3.25308930981477e-118,"2","D030056L22Rik"
8.62785288562482e-230,0.318721319741346,0.216,0.076,1.80589588749013e-225,"2","Supt4a"
4.03265678853495e-240,0.31852818517987,0.225,0.079,8.44075392408251e-236,"2","Ssr4"
4.51557480460983e-176,0.318422205683693,0.134,0.042,9.45154962352885e-172,"2","Hars"
1.94818822720282e-230,0.318156897194908,0.204,0.069,4.07775277835823e-226,"2","Nt5c3"
1.97788707513034e-281,0.318084014027591,0.499,0.224,4.13991543695531e-277,"2","Ddb1"
2.97761482568819e-273,0.318004330286707,0.314,0.121,6.23244559164796e-269,"2","Ccdc85b"
9.72590412688857e-287,0.317732617468059,0.536,0.243,2.03572899279905e-282,"2","Tmem237"
7.82599983012535e-321,0.317516085801012,0.271,0.088,1.63806002444354e-316,"2","Nucb2"
1.01727768226469e-156,0.317190199878549,0.129,0.043,2.12926391674822e-152,"2","Calu"
3.9702515990096e-243,0.317129038597782,0.229,0.08,8.31013362188699e-239,"2","Ccdc90b"
2.09689529696325e-269,0.31668598154296,0.262,0.092,4.38901154607378e-265,"2","Hdlbp"
1.15636848748854e-231,0.316580663370518,0.219,0.077,2.42039488116227e-227,"2","Vps53"
3.40636603121164e-294,0.316222360136094,0.335,0.127,7.12986473992908e-290,"2","Capza2"
6.88904906558268e-289,0.316204395356831,0.272,0.095,1.44194685991711e-284,"2","Snrpa1"
2.99434418450453e-136,0.316091415795832,0.11,0.036,6.26746181258642e-132,"2","Idi1"
6.70002293360965e-211,0.315954825667435,0.18,0.061,1.40238180023384e-206,"2","Cystm1"
2.91480200866791e-179,0.315502862126983,0.157,0.053,6.1009720843428e-175,"2","Uchl5"
3.20049284157198e-191,0.314427641748274,0.162,0.054,6.69895156669432e-187,"2","Sap30bp"
3.84992145899981e-177,0.313988310532256,0.127,0.038,8.0582706058325e-173,"2","Parp6"
2.91089990424389e-283,0.3136669979667,0.439,0.186,6.09280458957289e-279,"2","Rbm7"
1.87302039553994e-174,0.311757916861954,0.124,0.037,3.92041898990464e-170,"2","Rbck1"
1.07241544237274e-268,0.31121696878429,0.322,0.126,2.24467276243038e-264,"2","Ptov1"
5.71705181012097e-259,0.30981560216913,0.276,0.102,1.19663611437642e-254,"2","Gorasp2"
2.14432318516532e-209,0.309372560966544,0.159,0.05,4.48828285886953e-205,"2","Cby1"
4.87432528197738e-141,0.308292778439318,0.11,0.035,1.02024502477068e-136,"2","Farsb"
5.43103394649278e-289,0.308082852135916,0.298,0.107,1.1367697153404e-284,"2","Syngr1"
1.10571913091894e-177,0.305806219321234,0.157,0.054,2.31438071292643e-173,"2","Mrpl46"
1.94094551529857e-231,0.305430187584023,0.222,0.079,4.06259305807144e-227,"2","Irak1bp1"
1.87657382189692e-248,0.305167005356814,0.207,0.067,3.92785666661243e-244,"2","Ikbip"
1.54912488793285e-181,0.304491909925637,0.153,0.051,3.24247330293224e-177,"2","Ttc33"
2.5304812353152e-294,0.304415544545905,0.543,0.244,5.29655027363825e-290,"2","Lman1"
1.87927575916829e-215,0.303922497120889,0.203,0.071,3.93351209151515e-211,"2","Slu7"
3.30551928292225e-154,0.303705812301924,0.125,0.042,6.91878241108457e-150,"2","Pgm2l1"
1.5502743352836e-306,0.30338995340807,0.33,0.122,3.2448792111821e-302,"2","Syf2"
1.76016372681359e-211,0.302297814253286,0.664,0.357,3.68419869659353e-207,"2","Slc1a2"
3.34286592531859e-141,0.301979902624926,0.119,0.04,6.99695266828434e-137,"2","Slc48a1"
1.04518387319605e-224,0.301872001565543,0.175,0.055,2.18767436498666e-220,"2","Gpn3"
4.75100406021572e-224,0.301677053313154,0.181,0.058,9.94432659843753e-220,"2","Psmd3"
8.16626320885371e-280,0.301610598594594,0.359,0.144,1.70928055224517e-275,"2","Uqcrfs1"
3.44790363418904e-134,0.300945867127421,0.115,0.039,7.21680709672108e-130,"2","Ska2"
2.04571379536323e-230,0.300507648639609,0.165,0.049,4.28188354507478e-226,"2","Rundc3a"
2.12259656859091e-205,0.300036648716536,0.197,0.071,4.44280687771763e-201,"2","Foxo3"
3.33933434435122e-182,0.299794648436828,0.156,0.052,6.98956071616155e-178,"2","Gpalpp1"
1.17630656743195e-272,0.299754474102567,0.507,0.23,2.46212727629181e-268,"2","Vcp"
1.46224465281278e-154,0.299176152336996,0.104,0.03,3.06062428280243e-150,"2","Snx25"
8.40645296125131e-310,0.29912306485083,0.361,0.138,1.75955466931951e-305,"2","Eif4h"
3.79775608281687e-227,0.297523571781537,0.19,0.063,7.94908325694399e-223,"2","Cdipt"
3.72465547629094e-175,0.297104569691649,0.141,0.046,7.79607637742458e-171,"2","Sdhaf2"
2.29486237044041e-298,0.296720108081217,0.455,0.193,4.80337642756883e-294,"2","Psmd4"
2.74431576320765e-313,0.296112499996179,0.362,0.137,5.74412732396993e-309,"2","Mrpl23"
1.80214779176719e-260,0.296075047324289,0.253,0.09,3.77207554294791e-256,"2","Dctn2"
2.70668962713482e-234,0.295809429516854,0.214,0.073,5.66537205855588e-230,"2","Idh1"
4.2492264965815e-190,0.294981039337294,0.187,0.068,8.89405597999474e-186,"2","Ypel5"
8.59511950412372e-148,0.294574523622452,0.109,0.033,1.79904446340814e-143,"2","Ppp1r8"
3.17817833031325e-187,0.294550347641746,0.152,0.05,6.65224506317866e-183,"2","Nr1h2"
4.97754125822471e-215,0.294214747121641,0.212,0.077,1.04184916075902e-210,"2","Nsfl1c"
5.08275411817199e-189,0.294078037363334,0.144,0.045,1.06387126447458e-184,"2","Pi4ka"
2.25749799982287e-172,0.294046326374632,0.141,0.046,4.72516906342926e-168,"2","Rab3ip"
4.4096645291111e-138,0.293827431896199,0.108,0.035,9.22986882588243e-134,"2","Rapgef1"
7.14685925957441e-149,0.292115708818151,0.113,0.036,1.49590911162152e-144,"2","Cdk5rap3"
2.11352044783147e-139,0.291894041640861,0.112,0.036,4.42380964935604e-135,"2","Alkbh3"
5.92205471949316e-177,0.291057100730089,0.123,0.036,1.23954527333711e-172,"2","Wdr34"
1.16061333860537e-163,0.290982620853427,0.133,0.044,2.4292797790349e-159,"2","Cgrrf1"
1.7064363930095e-230,0.290840212102238,0.223,0.079,3.57174201420819e-226,"2","Mosmo"
3.22685590353283e-153,0.290384593151373,0.147,0.053,6.75413209168456e-149,"2","Htra1"
4.13827407123831e-299,0.289865266145853,0.335,0.125,8.6618214585089e-295,"2","Hibadh"
1.23339761772203e-202,0.288519781971032,0.446,0.221,2.58162455365399e-198,"2","Sgk1"
4.69984874730377e-141,0.288514149475153,0.12,0.04,9.83725341298151e-137,"2","Ccdc181"
1.71430610665576e-180,0.288252036570643,0.132,0.04,3.58821411184117e-176,"2","Churc1"
1.02289373629925e-231,0.287982117738807,0.211,0.072,2.14101887944795e-227,"2","Idh3g"
4.17271486981722e-180,0.287408491943464,0.141,0.045,8.73390949401443e-176,"2","Fbxl15"
2.37877311851541e-292,0.287272094600385,0.294,0.105,4.9790100143646e-288,"2","Cox16"
3.83207310699121e-147,0.286999994573104,0.108,0.034,8.0209122202433e-143,"2","Dnajc15"
5.36799302304012e-135,0.286644651274435,0.108,0.035,1.12357461965253e-130,"2","Cd320"
5.5573790299121e-228,0.286360501915464,0.219,0.077,1.1632150047509e-223,"2","Cab39"
2.12672820193186e-181,0.28480270732582,0.149,0.049,4.45145479946358e-177,"2","Crcp"
7.9435302314666e-126,0.284649126705557,0.904,0.715,1.66266031274827e-121,"2","Map1b"
3.78061805278848e-185,0.284495282957771,0.181,0.065,7.91321164629157e-181,"2","Slc35b1"
2.95262566766302e-202,0.28414517763298,0.174,0.059,6.18014078498547e-198,"2","Eif6"
2.20326385942131e-160,0.282770087016214,0.117,0.036,4.61165158415474e-156,"2","Ehmt2"
5.014980371222e-170,0.282273826531968,0.137,0.044,1.04968554150048e-165,"2","Tab3"
1.4504359414399e-142,0.281917439002757,0.118,0.04,3.03590746902785e-138,"2","Tmed3"
2.254433907837e-242,0.281842200793413,0.253,0.093,4.71875561249362e-238,"2","Atp1a1"
3.04419542224268e-217,0.281633134753882,0.192,0.065,6.37180543829616e-213,"2","Rce1"
2.90344089125351e-177,0.279937705162034,0.155,0.053,6.07719212948272e-173,"2","Nifk"
2.42234283769321e-160,0.279749875502444,0.132,0.043,5.07020579357566e-156,"2","Derl1"
5.74578566417026e-141,0.279729425412105,0.12,0.041,1.20265039736748e-136,"2","Timm10"
9.34875280968897e-142,0.279649348584026,0.102,0.031,1.956787450596e-137,"2","Bap1"
2.90609466776347e-294,0.279346560477645,0.372,0.146,6.08274674909571e-290,"2","Eprs"
9.59001812231639e-269,0.27866353886885,0.316,0.124,2.00728669318204e-264,"2","Ppp1r11"
4.93690799088029e-275,0.278517550990321,0.327,0.127,1.03334421157115e-270,"2","Sar1b"
4.16247005490601e-183,0.278384160295954,0.691,0.391,8.71246607192377e-179,"2","Lyar"
1.07831124337558e-172,0.277850171280078,0.136,0.043,2.25701326350943e-168,"2","Ppp5c"
6.40135874126592e-243,0.277788815034789,0.531,0.254,1.33986839813437e-238,"2","Dek"
7.18103670375766e-266,0.276739885847031,0.435,0.188,1.50306279246352e-261,"2","Alpl"
1.09146082791463e-146,0.276562906052042,0.113,0.036,2.2845366589081e-142,"2","Ruvbl2"
3.64705727898868e-128,0.276178341284046,0.1,0.032,7.63365559065122e-124,"2","Ubac2"
2.00766707308581e-208,0.275891174265046,0.157,0.048,4.20224795067591e-204,"2","5033430I15Rik"
4.87897125507886e-300,0.27546967401698,0.365,0.141,1.02121747340056e-295,"2","Plekhb2"
4.11097866289375e-252,0.275236454541945,0.257,0.093,8.6046894393029e-248,"2","Hdgf"
5.35516857878057e-287,0.274939663030966,0.401,0.166,1.12089033522456e-282,"2","Cdc42"
2.80834633012819e-209,0.27466310276921,0.234,0.089,5.87814970359132e-205,"2","Acat1"
1.04604179765597e-289,0.274302475154477,0.361,0.142,2.18947008667371e-285,"2","Cct3"
6.83327767553063e-191,0.274067170459232,0.197,0.075,1.43027335026532e-186,"2","Mrps16"
6.60477781023341e-249,0.273549630735931,0.471,0.214,1.38244604345996e-244,"2","Ipmk"
1.69995722137889e-279,0.272875734539202,0.487,0.216,3.55818046006815e-275,"2","Ccndbp1"
9.06751457776226e-265,0.272757137235942,0.279,0.102,1.89792147627142e-260,"2","Pex2"
2.54164386795542e-210,0.271426712968311,0.707,0.387,5.3199147800175e-206,"2","Pcbp4"
1.01923262368551e-191,0.269998398272748,0.157,0.051,2.13335580463614e-187,"2","Zdhhc16"
3.86542165808679e-214,0.269538425721464,0.22,0.081,8.09071407254146e-210,"2","Bmyc"
5.63367172025101e-195,0.268443231725556,0.169,0.057,1.17918382776574e-190,"2","Mdp1"
7.00020186772024e-296,0.26837580458289,0.354,0.136,1.46521225293252e-291,"2","Nbr1"
3.72609007815101e-206,0.267993303040357,0.182,0.061,7.79907914257789e-202,"2","H2afx"
8.21148061676511e-180,0.267371479375933,0.154,0.052,1.71874500789511e-175,"2","2810001G20Rik"
8.52302952209508e-271,0.2668568221624,0.364,0.148,1.78395530926972e-266,"2","Azin1"
1.29244687684943e-176,0.266412449177406,0.127,0.038,2.70522055793355e-172,"2","Ugdh"
2.62511438531157e-241,0.266402306547292,0.193,0.061,5.49462691989565e-237,"2","Ube2q1"
1.05704496565819e-149,0.265487726129602,0.149,0.056,2.21250081761916e-145,"2","Etfb"
1.56132014777712e-126,0.263923859627505,0.1,0.033,3.26799920131228e-122,"2","Mapk3"
7.43876033650291e-230,0.263888724468332,0.228,0.082,1.55700692603342e-225,"2","Ormdl1"
1.17837758814741e-229,0.263450458642135,0.208,0.071,2.46646212975134e-225,"2","Aars"
2.48382781895253e-278,0.263400311666827,0.522,0.238,5.19890000784955e-274,"2","St13"
2.54965587036134e-254,0.262094241197692,0.297,0.114,5.33668470225332e-250,"2","Elmod2"
1.69753401312765e-278,0.261248456727465,0.356,0.142,3.55310844287749e-274,"2","Ywhab"
8.07120573450679e-272,0.26116540634025,0.357,0.144,1.68938407228962e-267,"2","Eif4g3"
1.3269875883012e-200,0.260331712146904,0.165,0.054,2.77751772107324e-196,"2","Sin3a"
3.63799465310313e-280,0.260041767348021,0.416,0.174,7.61468660841015e-276,"2","Tsn"
1.19524994517834e-154,0.260022575211853,0.964,0.878,2.50177766025279e-150,"2","Cnga1"
1.93924794529482e-187,0.258502278622442,0.18,0.064,4.05903987429658e-183,"2","Kpnb1"
1.11372142379808e-163,0.257830257820091,0.144,0.049,2.33113031215175e-159,"2","Tmed7"
6.80071339331607e-161,0.257571417464593,0.127,0.042,1.42345732035499e-156,"2","Pofut2"
4.43089530105605e-308,0.257564401034274,0.488,0.209,9.27430695464041e-304,"2","Ppa2"
1.82990573239157e-172,0.257036903733789,0.138,0.045,3.83017568846879e-168,"2","Ebp"
2.19604318594758e-187,0.256778908445577,0.198,0.074,4.59653799250687e-183,"2","Terf2ip"
9.11724990757063e-133,0.2567521367794,0.103,0.033,1.90833157815361e-128,"2","Rfwd3"
2.34196077519336e-186,0.25608794342249,0.147,0.047,4.90195809855722e-182,"2","C330007P06Rik"
3.40227820548332e-279,0.255687304492056,0.359,0.142,7.12130851189714e-275,"2","Sec22b"
1.02756621405446e-271,0.255341548270353,0.3,0.112,2.15079884263738e-267,"2","Mindy2"
1.67403458885231e-234,0.255290942555576,0.337,0.143,3.50392179792678e-230,"2","Prkar1a"
3.74044123550078e-181,0.254936440565124,0.157,0.053,7.82911755002669e-177,"2","Mybbp1a"
5.35486588582645e-226,0.254796007049698,0.345,0.149,1.12082697856233e-221,"2","Hnrnpul2"
3.07416223871349e-145,0.254776672470748,0.108,0.033,6.43452898185121e-141,"2","Amacr"
1.4059825407395e-263,0.25381820196501,0.27,0.098,2.94286205602185e-259,"2","Cops4"
1.37103276558817e-242,0.253692167367156,0.498,0.233,2.8697086816526e-238,"2","Ptp4a2"
1.4544445559744e-128,0.252968828749062,0.112,0.038,3.04429790011002e-124,"2","Ids"
2.82426124227639e-202,0.252858120305325,0.198,0.071,5.91146120620871e-198,"2","Nolc1"
4.21009358680169e-149,0.252347851882939,0.117,0.038,8.81214688653463e-145,"2","Ciao1"
8.44343477839032e-291,0.251559183632741,0.46,0.197,1.76729533346488e-286,"2","Bicdl1"
1.56703009114338e-153,5.77040663465025,0.201,0.013,3.2799506837722e-149,"3","Sparc"
9.08847209637515e-194,5.16982473027207,0.162,0.009,1.90230809449228e-189,"3","Kdr"
7.09254068578336e-179,5.06526434224929,0.182,0.012,1.48453969094132e-174,"3","Cox4i2"
5.65080141634868e-208,5.05322434194536,0.175,0.011,1.18276924445594e-203,"3","Fxyd6"
1.4978190277204e-147,4.99994172752536,0.112,0.005,3.13508500692157e-143,"3","Crip2"
4.47501497414699e-157,4.99776456511237,0.1,0.004,9.36665384238707e-153,"3","Mlc1"
3.20535884048915e-156,4.9956010208983,0.115,0.006,6.70913658902783e-152,"3","Metrn"
1.20824895809317e-292,4.97567364754673,0.225,0.013,2.52898589418481e-288,"3","Fxyd1"
1.18566232602514e-192,4.95973037227262,0.155,0.009,2.48170981460321e-188,"3","S100a16"
7.12059719572329e-133,4.91313537817433,0.1,0.006,1.49041219903684e-128,"3","S100a10"
2.2494880687933e-132,4.86980023907453,0.103,0.006,4.70840347679125e-128,"3","Prex2"
9.53451597521918e-117,4.85635599683922,0.101,0.006,1.99566953877313e-112,"3","Lhx2"
5.82397014047427e-102,4.74960931273087,0.107,0.007,1.21901519010267e-97,"3","E130114P18Rik"
4.89323021683295e-175,4.71727783125397,0.16,0.01,1.0242020166853e-170,"3","Cp"
1.61008155617061e-141,4.71102695278057,0.11,0.007,3.3700617052207e-137,"3","Anxa5"
2.71867882802965e-108,4.70963179048343,0.105,0.007,5.69046665494887e-104,"3","Fbxo2"
4.2866608464534e-178,4.70686523555077,0.234,0.021,8.97240981771162e-174,"3","Gnai2"
2.7196037753908e-139,4.66685504686319,0.206,0.018,5.69240266227047e-135,"3","Dapl1"
2.21590271078628e-156,4.63857387873983,0.179,0.013,4.63810596394676e-152,"3","Crym"
6.31700037935607e-137,4.62584982455836,0.177,0.015,1.32221134940302e-132,"3","Tsc22d4"
8.43385348403522e-177,4.60035976736109,0.304,0.04,1.76528987274341e-172,"3","Rlbp1"
1.42809267312068e-110,4.59095198963366,0.103,0.008,2.98914077410889e-106,"3","Il33"
1.61516935577919e-193,4.57125733081087,0.273,0.032,3.38071097858142e-189,"3","Spc25"
4.23889522120547e-160,4.53521256912533,0.208,0.02,8.87243158750516e-156,"3","Vim"
2.53545039238987e-110,4.5264232709801,0.39,0.117,5.30695121631124e-106,"3","Glul"
9.36230806786992e-100,4.50444386043473,0.112,0.008,1.95962470168585e-95,"3","Car14"
2.61353817836276e-115,4.50335917058131,0.11,0.006,5.4703967611311e-111,"3","Spon1"
4.16068215205045e-157,4.49932635978495,0.179,0.015,8.7087238124568e-153,"3","S100a1"
2.53107213358141e-110,4.473634906588,0.108,0.009,5.29778708279926e-106,"3","Plaat3"
1.00564043312205e-108,4.46092678728228,0.113,0.009,2.10490599056777e-104,"3","Aqp4"
6.34119342285255e-138,4.44430176810915,0.371,0.082,1.32727519533727e-133,"3","Dbi"
1.8447519557598e-140,4.42436068115782,0.134,0.011,3.86125031860083e-136,"3","Hopx"
1.09890351996863e-132,4.41700984242991,0.124,0.008,2.30011495764633e-128,"3","Sh3bgrl"
6.68970200754544e-101,4.40776272199651,0.119,0.008,1.40022152719934e-96,"3","Gpr37"
2.74215116323427e-118,4.36879408443028,0.167,0.017,5.73959659976566e-114,"3","Ndrg2"
3.88074500955941e-119,4.33690248618937,0.144,0.012,8.1227873795088e-115,"3","Espn"
1.91470269496171e-86,4.31597951410699,0.131,0.011,4.00766421082435e-82,"3","Slc1a3"
2.05592754033435e-95,4.30715307075144,0.325,0.071,4.30326193467382e-91,"3","Apoe"
6.54350698126115e-121,4.30135391555418,0.201,0.021,1.36962144624777e-116,"3","Dkk3"
3.02761021155155e-135,4.28171429905357,0.271,0.04,6.33709093379855e-131,"3","Prdx6"
2.09239394382239e-92,4.24237021507579,0.115,0.009,4.37958976381465e-88,"3","Cd9"
4.09623058449832e-99,4.20682756400408,0.122,0.01,8.57382023641343e-95,"3","Ptn"
4.15949485166261e-83,4.19162366234675,0.247,0.05,8.70623867401501e-79,"3","Clu"
1.67791086036583e-80,4.17520518139937,0.11,0.012,3.51203522183171e-76,"3","Rnd2"
1.60995350393542e-93,4.14776605368812,0.101,0.008,3.36979367908724e-89,"3","Enho"
4.37807103199346e-81,4.1228297423199,0.124,0.014,9.1637404770655e-77,"3","Abca8a"
1.95875816180099e-70,4.09550717009134,0.1,0.008,4.09987670846566e-66,"3","Ppp1r1a"
5.60812433599566e-83,4.05346557803357,0.1,0.007,1.17383650476725e-78,"3","Flt1"
8.8045377909707e-68,4.00145480129358,0.105,0.01,1.84287780502808e-63,"3","Rbp1"
3.29237988526389e-93,3.98025896118042,0.127,0.012,6.89128033784585e-89,"3","Mt3"
8.32722414380772e-83,3.92414586461665,0.131,0.014,1.74297128554039e-78,"3","Cnn3"
4.4068085901746e-75,3.88411252148201,0.105,0.011,9.22389106009446e-71,"3","Crot"
3.73355663277039e-99,3.88382296717556,0.167,0.019,7.81470738805171e-95,"3","Gstm5"
1.13148867094537e-89,3.83942450990282,0.155,0.019,2.36831893715576e-85,"3","Nfix"
1.38299193550463e-80,3.71955396404578,0.144,0.015,2.89474042020475e-76,"3","Gpm6a"
5.0402481349118e-72,3.68417194840588,0.115,0.012,1.05497433711839e-67,"3","Trpm3"
4.21282695325597e-79,3.59276259459046,0.124,0.016,8.81786809586007e-75,"3","Sfxn5"
6.0582148627092e-68,3.58729352321812,0.204,0.043,1.26804495291366e-63,"3","Nudt4"
1.28957324529955e-84,3.45182469166517,0.198,0.029,2.69920575973649e-80,"3","Mt1"
2.18170112384899e-37,3.45095220421984,0.105,0.015,4.56651862232831e-33,"3","Basp1"
1.56900494957687e-120,3.29349105880019,0.232,0.038,3.28408425995935e-116,"3","Cryab"
1.16638782495592e-44,3.07817587589978,0.134,0.03,2.44136635641523e-40,"3","Epha5"
1.11165973196833e-40,2.99952836802043,0.125,0.029,2.32681498498292e-36,"3","Ddah2"
1.5811074865253e-29,2.92739989598998,0.141,0.032,3.30941608004611e-25,"3","Stmn1"
8.52412632194937e-104,2.8140825489565,0.579,0.23,1.78418488044722e-99,"3","Ftl1"
1.47617650419141e-39,2.79829258280918,0.177,0.054,3.08978504092304e-35,"3","Ogfrl1"
4.77991583859699e-41,2.77316327691249,0.175,0.051,1.00048418417674e-36,"3","Pmepa1"
3.08353342523555e-28,2.70868494686244,0.144,0.036,6.45414381236054e-24,"3","Hmgn3"
4.97352565913833e-24,2.6184791739094,0.275,0.137,1.04100865571424e-19,"3","Acsl3"
1.16311147509398e-22,2.59681090738465,0.156,0.055,2.43450862851922e-18,"3","Cd63"
2.28650972847513e-54,2.59643991463417,0.337,0.135,4.7858935126713e-50,"3","Gng5"
7.13625195868105e-17,2.57048978837957,0.146,0.064,1.49368889747153e-12,"3","Nin"
1.18384648508078e-34,2.53399671739141,0.237,0.094,2.47790907792258e-30,"3","Pfn2"
6.19231609210216e-29,2.50643045128406,0.117,0.029,1.2961136812379e-24,"3","Selenom"
6.13057699758907e-18,2.47486613125978,0.105,0.034,1.28319107136537e-13,"3","Gnb2"
1.84442577398036e-32,2.29666231068276,0.234,0.094,3.8605675875183e-28,"3","1810037I17Rik"
1.77034878288727e-31,2.28003477152584,0.282,0.133,3.70551703746134e-27,"3","Prdx1"
7.86371453881534e-28,2.19958223340477,0.177,0.064,1.64595409011944e-23,"3","Sat1"
1.58384105910101e-24,2.19286323197474,0.162,0.059,3.31513772080433e-20,"3","Mxra7"
6.79725270026562e-14,2.19070887261759,0.117,0.042,1.4227329626926e-09,"3","Dpysl2"
1.95407066329133e-18,2.14262365207389,0.112,0.039,4.09006530533508e-14,"3","Rcn2"
1.34732984809847e-62,2.07630122629317,0.514,0.252,2.82009610505491e-58,"3","Rpl10"
2.2950791368176e-130,2.0596984515355,0.802,0.422,4.80383014127293e-126,"3","Rps10"
3.84332252163174e-61,2.04212329353559,0.493,0.234,8.04445837002739e-57,"3","Rpl35"
6.85264660585645e-19,1.98902944684629,0.206,0.102,1.43432746107181e-14,"3","Ap4s1"
1.493607559914e-109,1.96140763797274,0.758,0.4,3.12626998365599e-105,"3","Rpl37"
9.03145656794456e-182,1.96121841884569,0.955,0.601,1.89037417423648e-177,"3","Fth1"
6.19234616203948e-11,1.93580282025746,0.17,0.086,1.29611997517648e-06,"3","Atox1"
2.73694715007167e-20,1.93552525930968,0.241,0.117,5.72870407981502e-16,"3","Ost4"
8.8699322547958e-08,1.90473960372224,0.1,0.051,0.00185656552025131,"3","Gm11808"
1.92860092037778e-13,1.89885630584446,0.201,0.102,4.03675458644274e-09,"3","Uqcc2"
1.46651852841836e-10,1.8624687034678,0.124,0.062,3.06956993183247e-06,"3","Bicd1"
6.04196290861489e-15,1.84621585041431,0.198,0.107,1.26464325640218e-10,"3","Slmap"
3.6143919576508e-66,1.84273809395585,0.595,0.323,7.56528380655888e-62,"3","Rplp0"
2.74655890938888e-18,1.81529925641678,0.287,0.168,5.74882245324187e-14,"3","Eef1b2"
9.78940011657619e-103,1.80790153361484,0.801,0.445,2.04901933840056e-98,"3","Rps12"
4.90958896985586e-134,1.80445057644213,0.924,0.624,1.02762606728053e-129,"3","Tpt1"
4.82124320951047e-83,1.80205525909944,0.698,0.365,1.00913441618264e-78,"3","Rps4x"
1.74001918602856e-111,1.79172831514441,0.842,0.501,3.64203415827638e-107,"3","Rpl23"
6.73459149132228e-08,1.7870171356491,0.117,0.063,0.00140961734504867,"3","Ppdpf"
9.94260593851524e-97,1.77931590991863,0.758,0.425,2.08108684899062e-92,"3","Rps9"
3.42283792252623e-131,1.75372584764191,0.89,0.558,7.16434205563965e-127,"3","Rpl13"
3.73575009383327e-48,1.72835764378579,0.481,0.247,7.81929852140241e-44,"3","Rpl36a"
1.62187551379016e-88,1.72389300613312,0.766,0.444,3.39474763791419e-84,"3","Rpl37a"
7.9659623873854e-21,1.71289558405926,0.259,0.133,1.66735558730364e-16,"3","Calm3"
4.80402757617429e-97,1.70285821795977,0.775,0.433,1.00553101196904e-92,"3","Rps21"
2.36007535418546e-73,1.69011900905161,0.665,0.35,4.93987372384558e-69,"3","Rps19"
3.27667053221281e-90,1.67775436192156,0.742,0.386,6.85839909097463e-86,"3","Rpl32"
8.09758724232804e-62,1.67478226502068,0.605,0.325,1.69490598569168e-57,"3","Rps26"
3.59406100691909e-10,1.66647910765142,0.129,0.066,7.52272909358234e-06,"3","Wipi1"
2.58064775426971e-60,1.66579178071265,0.644,0.366,5.40155381446193e-56,"3","Rpl38"
2.54832739131153e-13,1.66513173878102,0.201,0.105,5.33390406275417e-09,"3","Gm10076"
1.21314215696287e-97,1.66394104975542,0.787,0.422,2.53922784873899e-93,"3","Rpl28"
1.59789509671949e-99,1.65856770077075,0.802,0.447,3.34455422694356e-95,"3","Rpl7"
4.29983499805823e-123,1.65139726907554,0.899,0.546,8.99998463443567e-119,"3","Rplp1"
3.62283799382438e-66,1.64903335736693,0.655,0.354,7.58296220487382e-62,"3","Rpl36"
1.53109556800059e-20,1.6434280245289,0.186,0.093,3.20473613338204e-16,"3","Tmsb10"
8.02456334069097e-119,1.6339319137747,0.869,0.524,1.67962135284003e-114,"3","Rps14"
2.48598707989691e-31,1.63392152195462,0.459,0.276,5.20341955693222e-27,"3","Selenow"
1.32048272868522e-14,1.62915213152195,0.192,0.101,2.76390239941103e-10,"3","Ldhb"
9.68191890423538e-11,1.62754723963699,0.144,0.074,2.02652244584551e-06,"3","Marcks"
2.88350279845136e-12,1.62546672623025,0.156,0.079,6.03545970743854e-08,"3","Nenf"
9.76521294571045e-132,1.62249880099901,0.897,0.568,2.04395672166665e-127,"3","Rps23"
4.74277093822584e-80,1.62138290469674,0.742,0.433,9.9270938508005e-76,"3","Rps3a1"
3.57641476755796e-31,1.61523919831675,0.424,0.247,7.48579374997556e-27,"3","Rpl31"
8.35346587170559e-35,1.61459210541563,0.522,0.32,1.7484639416067e-30,"3","Ppia"
8.64027516993805e-09,1.60351931603437,0.162,0.096,0.000180849599581973,"3","Brk1"
5.40920647397922e-22,1.60143253708856,0.338,0.197,1.13220100706859e-17,"3","Gnas"
1.56403363285121e-09,1.59879024236888,0.155,0.086,3.27367879692087e-05,"3","Tmem256"
6.55545754479868e-75,1.597116237484,0.742,0.463,1.37212281870181e-70,"3","Rpl35a"
8.28041744496788e-26,1.59696179434014,0.381,0.213,1.73317417540623e-21,"3","Uqcr11"
8.45151515871878e-95,1.58417497818399,0.808,0.462,1.76898663787143e-90,"3","Rpl26"
5.93896897644396e-77,1.5795237805707,0.706,0.384,1.24308559645948e-72,"3","Rps5"
3.89991789020859e-122,1.57490720785837,0.905,0.571,8.1629181359956e-118,"3","Rps24"
2.5184274579538e-93,1.57361974275601,0.808,0.482,5.27132051224309e-89,"3","Rps20"
2.61678325883418e-09,1.5727196811823,0.134,0.071,5.47718903906581e-05,"3","Cdh2"
8.59705753831724e-103,1.57097317287204,0.828,0.462,1.79945011334518e-98,"3","Fau"
7.35685742393193e-14,1.57078382689213,0.251,0.144,1.53986382740319e-09,"3","Ndufa3"
3.37508183676234e-68,1.56371434413175,0.727,0.449,7.06438379252725e-64,"3","Rps27"
6.53929823992791e-90,1.56208067054207,0.851,0.562,1.36874051459931e-85,"3","Rps29"
3.25382728278357e-83,1.5614327380421,0.773,0.437,6.81058588559429e-79,"3","Rpl11"
1.70254043439984e-26,1.5488962987958,0.473,0.317,3.5635873832423e-22,"3","Hsp90ab1"
3.58062452062531e-08,1.54107379143969,0.153,0.092,0.000749460518412084,"3","Myo6"
2.06077590860068e-59,1.54003770146281,0.687,0.422,4.31341005429208e-55,"3","Rpl34"
2.71860767457598e-52,1.53574996582443,0.572,0.321,5.69031772365498e-48,"3","Rpl12"
1.0611759519365e-08,1.53078973712635,0.271,0.202,0.00022211473849983,"3","Aldoc"
1.59117702038982e-71,1.52857492489162,0.808,0.526,3.33049262137793e-67,"3","Rpl41"
1.01720312101383e-06,1.5271878084351,0.122,0.072,0.0212910785259404,"3","Dgcr6"
2.17001227540248e-109,1.52463091352994,0.864,0.54,4.54205269364494e-105,"3","Rpl30"
8.19855139214813e-102,1.52151071758861,0.871,0.575,1.71603879189052e-97,"3","Rps27a"
5.83935585957193e-88,1.51918305869143,0.796,0.48,1.222235574967e-83,"3","Rps16"
1.51088527991085e-64,1.50879295513133,0.67,0.394,3.1624339793814e-60,"3","Rpl29"
7.25490255986186e-50,1.50728850071603,0.588,0.35,1.51852365480469e-45,"3","Rps28"
8.84545719372292e-11,1.50710246874674,0.175,0.094,1.85144264521815e-06,"3","Bex3"
1.73491799685957e-73,1.50505224252087,0.699,0.387,3.63135685922677e-69,"3","Rpl14"
3.10439559117577e-75,1.50222743957768,0.778,0.495,6.49781041189001e-71,"3","Rpl27a"
2.21733990196168e-77,1.50076820033175,0.747,0.458,4.64111414879599e-73,"3","Rps15a"
1.56988478271935e-19,1.49243380956514,0.381,0.245,3.28592583870988e-15,"3","Hint1"
1.36200767385324e-18,1.49239058757259,0.287,0.163,2.85081826214221e-14,"3","Sec61g"
6.4371570501083e-81,1.48506231836491,0.782,0.473,1.34736134215817e-76,"3","Rpl13a"
1.32186018957158e-85,1.47746933981682,0.789,0.477,2.76678556279227e-81,"3","Rpl17"
8.60822845772426e-48,1.47427265340393,0.56,0.331,1.80178829848627e-43,"3","Rpl23a"
3.7960479786334e-08,1.46295002295328,0.131,0.073,0.000794550802407757,"3","Ccnd3"
9.20435341063597e-85,1.46114434788496,0.784,0.46,1.92656321238022e-80,"3","Rpl18a"
2.73692746142983e-36,1.4591898116185,0.56,0.337,5.72866286951878e-32,"3","Mif"
3.06094192872483e-79,1.45915500800664,0.765,0.464,6.40685755101394e-75,"3","Rpl24"
6.94847662881933e-50,1.45653844299805,0.648,0.401,1.45438564317817e-45,"3","Rpl39"
4.81407980434517e-49,1.44536619528172,0.613,0.372,1.00763504384749e-44,"3","Rpl18"
4.91913154840374e-66,1.43848505247878,0.727,0.457,1.02962342439639e-61,"3","Rps13"
1.0927447979969e-16,1.43601871245765,0.457,0.354,2.28722413668732e-12,"3","Car2"
2.22236895451445e-71,1.43327393312588,0.759,0.467,4.6516404586942e-67,"3","Rps15"
1.37232756663012e-06,1.43042988929935,0.174,0.115,0.0287241882971351,"3","Polr2f"
1.26971017490992e-78,1.41827129592951,0.806,0.51,2.65763036710395e-74,"3","Rpl21"
1.4285226548607e-11,1.40184810814453,0.275,0.167,2.99004076888894e-07,"3","Cops9"
2.08864018747989e-77,1.40160718851853,0.771,0.449,4.37173277641417e-73,"3","Rps11"
1.62702424532474e-61,1.40133340903956,0.699,0.432,3.40552444788922e-57,"3","Rps25"
4.49674972936898e-11,1.39651072286345,0.354,0.265,9.41214685854221e-07,"3","Gpm6b"
1.37420722343005e-08,1.39629268530553,0.167,0.102,0.000287635313936144,"3","Commd6"
1.24221300685856e-113,1.39021431775849,0.918,0.61,2.60007604465566e-109,"3","Rps8"
2.22624273256478e-12,1.38781771722847,0.4,0.306,4.65974866353135e-08,"3","Itm2b"
1.65238171251356e-11,1.38679316926306,0.177,0.096,3.45860016246214e-07,"3","Taf10"
1.30675843044319e-43,1.38256096615112,0.61,0.391,2.73517607076065e-39,"3","Rpl5"
1.20355630354313e-07,1.38094102254372,0.174,0.111,0.00251916369894613,"3","Mrpl52"
1.31413067409035e-75,1.37976739702893,0.753,0.457,2.75060691393851e-71,"3","Rps3"
1.5757806826961e-09,1.37838691016327,0.239,0.162,3.29826654695122e-05,"3","Gabarap"
1.951793531997e-60,1.37492606116062,0.698,0.423,4.08529904182293e-56,"3","Rplp2"
1.36319838921207e-41,1.37432676000033,0.589,0.363,2.85331054845979e-37,"3","Serf2"
9.46944748217467e-09,1.37350442529499,0.192,0.122,0.000198205005249398,"3","Rps27l"
2.74088078025594e-12,1.37034763503172,0.241,0.141,5.73693756115371e-08,"3","Map1lc3a"
1.06566712914535e-79,1.36463468638475,0.811,0.52,2.23054786801413e-75,"3","Rps7"
1.816251332953e-57,1.3635097469859,0.701,0.432,3.80159566500393e-53,"3","Rpl15"
2.92586924363207e-12,1.36243348137617,0.216,0.126,6.12413691384629e-08,"3","Anapc13"
2.80169711508855e-68,1.35612076705222,0.801,0.544,5.86423223159185e-64,"3","Eef1a1"
2.52112839610367e-20,1.34846391005534,0.32,0.186,5.2769738458846e-16,"3","Tomm7"
1.89048443819243e-07,1.34580581384812,0.206,0.143,0.00395697297758057,"3","Skp1a"
7.20075913074806e-35,1.34424900898129,0.777,0.613,1.50719089365688e-30,"3","Mgarp"
3.76147742500497e-44,1.33582902905837,0.603,0.362,7.87314839827791e-40,"3","Pfdn5"
2.032550372983e-06,1.3320014012758,0.163,0.107,0.0425433118569071,"3","Arf4"
3.17760710884612e-11,1.32907178898005,0.21,0.124,6.6510494395258e-07,"3","Bri3"
2.0605090924729e-68,1.31903509870072,0.725,0.427,4.31285158145502e-64,"3","Rps18"
5.34600881250825e-33,1.31795676187845,0.521,0.32,1.1189731045461e-28,"3","Gas5"
1.36468846928132e-08,1.31459133906354,0.215,0.141,0.000285642943505272,"3","Camk2n1"
5.81645637874932e-99,1.31358851396733,0.897,0.618,1.21744248463602e-94,"3","Rpl9"
2.84318225077821e-31,1.29256808299472,0.404,0.224,5.95106476910387e-27,"3","Eif3f"
2.27885330147649e-16,1.28546145491021,0.364,0.24,4.76986784532044e-12,"3","Smdt1"
2.45455556389353e-08,1.2830495975937,0.203,0.133,0.000513763025078554,"3","Fam162a"
1.91274450550614e-07,1.28183303930381,0.117,0.065,0.00400356552447489,"3","Aamdc"
2.39672810730568e-08,1.28088572220181,0.187,0.119,0.000501659160140152,"3","Mpc1"
4.08371785518448e-09,1.28046320069805,0.156,0.09,8.54762984268664e-05,"3","Mapre1"
4.3264018640795e-24,1.27512573506729,0.452,0.269,9.05559174170479e-20,"3","Atp5e"
1.73010006962176e-36,1.27062631302153,0.555,0.347,3.6212724557253e-32,"3","Rpl22"
7.98932048384919e-60,1.26155032793499,0.735,0.461,1.67224467047447e-55,"3","Rpl3"
1.06783009423137e-07,1.245565869165,0.199,0.129,0.00223507517023569,"3","Mien1"
1.39801507646134e-06,1.24383359465792,0.124,0.072,0.0292618535654124,"3","Etfb"
2.85012670874426e-57,1.23632771940799,0.696,0.441,5.96560021407261e-53,"3","Rps6"
2.26156657164137e-06,1.23496234316422,0.108,0.059,0.0473368499110255,"3","Dbp"
1.60778787804503e-14,1.23189795553834,0.271,0.163,3.36526080753606e-10,"3","Jund"
1.18140578463727e-45,1.22906589887964,0.662,0.434,2.47280044782428e-41,"3","Rps17"
2.42639439495765e-54,1.22865850698232,0.73,0.45,5.07868610808587e-50,"3","Cox4i1"
5.86026147289266e-16,1.22593999527384,0.497,0.366,1.22661132889116e-11,"3","Actb"
3.42346316575197e-49,1.21775796330555,0.711,0.438,7.16565075223544e-45,"3","Cox8a"
3.47274920604002e-08,1.20660140137647,0.12,0.065,0.000726881136316237,"3","Evi5"
2.39408823419583e-55,1.19999215612453,0.766,0.518,5.01106608299529e-51,"3","Rpl19"
1.69559074597475e-07,1.19950195535858,0.206,0.136,0.00354904099039974,"3","Mrps21"
1.4253585490457e-08,1.19222781521523,0.244,0.167,0.000298341797900754,"3","Atp6v1f"
2.18854005220766e-13,1.18932688491445,0.289,0.179,4.58083318327586e-09,"3","Dynlrb1"
1.14194695952406e-19,1.1888825683709,0.387,0.241,2.3902091809798e-15,"3","Ndufc1"
1.45207430490844e-50,1.18113582513454,0.725,0.472,3.03933672760385e-46,"3","Rpsa"
5.16979011493614e-09,1.17854037126919,0.253,0.171,0.000108208876895728,"3","Eif3k"
2.75208167412579e-20,1.17710357600145,0.454,0.289,5.76038215211269e-16,"3","Elob"
5.26378650391754e-23,1.16498157676743,0.488,0.336,1.10176315313498e-18,"3","Rpl7a"
1.26843632927946e-19,1.16179932142914,0.416,0.272,2.65496408081485e-15,"3","Ndufa7"
8.18949059592432e-57,1.16162502036969,0.782,0.519,1.71414227663292e-52,"3","Rpl8"
7.02290005810081e-49,1.1608482467986,0.663,0.41,1.46996321116108e-44,"3","Rpl27"
1.88556026646139e-08,1.14858580035578,0.249,0.175,0.000394666619373034,"3","Snrpg"
5.76516087827812e-08,1.14752370787617,0.201,0.133,0.00120670582343239,"3","Drap1"
1.04319805342214e-10,1.13898836708223,0.296,0.204,2.18351784561789e-06,"3","Sub1"
9.56317119301074e-08,1.137161260685,0.215,0.145,0.00200166736240908,"3","2410006H16Rik"
8.31883892993371e-18,1.12732789935348,0.313,0.184,1.74121617642443e-13,"3","Uba52"
9.76499409557453e-15,1.11875626836209,0.32,0.207,2.0439109141447e-10,"3","Eif3h"
1.74847870527956e-09,1.11844756390408,0.265,0.178,3.65974077802065e-05,"3","Romo1"
5.96918478270406e-16,1.11600703945915,0.739,0.632,1.24941006686779e-11,"3","Eno1"
4.80302999582367e-07,1.11172742373537,0.182,0.117,0.0100532220842585,"3","Tbca"
1.73076771596605e-06,1.11152228231844,0.201,0.139,0.0362266990628853,"3","Higd2a"
7.94078601863991e-07,1.09924469919414,0.23,0.162,0.0166208592156152,"3","Use1"
3.66934929693121e-10,1.09398846980876,0.284,0.196,7.68031501340671e-06,"3","Hsbp1"
4.4703688377609e-20,1.09079385754076,0.533,0.387,9.35692901431734e-16,"3","Naca"
5.08445870208993e-10,1.08868298055628,0.28,0.196,1.06422805093444e-05,"3","Fis1"
5.46980311750859e-24,1.07246547034783,0.474,0.314,1.14488449052572e-19,"3","Rpl4"
8.37968342214215e-07,1.06603112905339,0.22,0.155,0.0175395153708857,"3","Hspe1"
7.26031404392227e-29,1.06346261061634,0.55,0.366,1.51965633253337e-24,"3","Rack1"
1.33131124341847e-08,1.05845919712344,0.265,0.185,0.00027865675635992,"3","Ndufa1"
5.11227234757029e-20,1.03315686603685,0.509,0.373,1.07004972506994e-15,"3","Tuba1a"
3.04781327977037e-24,1.03035800495548,0.519,0.355,6.37937797588735e-20,"3","Ptms"
1.4598335313564e-21,1.03003709183852,0.435,0.277,3.05557756448207e-17,"3","Cox7a2l"
3.81413452954497e-16,1.02861214104816,0.426,0.291,7.98336498379057e-12,"3","Cox6b1"
1.34792185226237e-08,1.02817728275123,0.284,0.208,0.000282133522897036,"3","Ttyh1"
1.55964943752223e-11,1.02473737514545,0.368,0.258,3.26450223767778e-07,"3","Ndufa13"
2.66064921051243e-08,1.01259078307852,0.235,0.162,0.000556900486252356,"3","Sptssa"
4.1671393843442e-14,0.998228684249972,0.296,0.186,8.72223944537085e-10,"3","Kif1a"
9.78970650210701e-09,0.99318808566863,0.275,0.189,0.000204908346795602,"3","Timm8b"
4.12908706512704e-11,0.992777286499153,0.361,0.255,8.6425921360174e-07,"3","Grcc10"
6.51415610819081e-10,0.989394459957129,0.326,0.241,1.36347801500542e-05,"3","Pea15a"
2.53419942795923e-18,0.986691887315019,0.45,0.316,5.30433282266146e-14,"3","Eef2"
1.47566409464706e-07,0.984185461655143,0.284,0.213,0.00308871251650576,"3","Scp2"
1.53733466317867e-14,0.9841532084679,0.416,0.287,3.21779518349927e-10,"3","Ndufa2"
1.57655295650078e-07,0.981935219953299,0.28,0.207,0.00329988299325177,"3","Cdc42"
2.84217531821351e-12,0.980430125744743,0.364,0.252,5.9489571585527e-08,"3","Uqcr10"
3.11227630709318e-11,0.979140820331708,0.318,0.217,6.51430553837673e-07,"3","Tle5"
3.27278810766728e-15,0.974526885179537,0.44,0.32,6.85027278815839e-11,"3","Pebp1"
2.04201000780813e-10,0.974364443987689,0.373,0.264,4.2741311473432e-06,"3","Atp5md"
7.54980480028541e-08,0.963894009305107,0.268,0.19,0.00158024964274774,"3","Ndufs6"
6.62905107736773e-07,0.94915751638069,0.21,0.144,0.0138752668100384,"3","Smim10l1"
2.37326223924029e-06,0.928609197692942,0.292,0.217,0.0496747519295385,"3","Nedd8"
5.82693392371087e-07,0.921138116017776,0.186,0.121,0.0121963553957192,"3","Pdcd4"
9.17130602544445e-31,0.907344784668348,0.729,0.546,1.91964606418578e-26,"3","Rpl10a"
5.63287074545986e-32,0.904254453679469,0.687,0.479,1.1790161757322e-27,"3","Cox6c"
2.3126247769883e-07,0.897895126233507,0.278,0.207,0.00484055492071422,"3","Rpl36al"
4.07920268586179e-21,0.885371141219203,0.591,0.415,8.53817914177731e-17,"3","Uqcrh"
2.44567815090181e-08,0.884917149354604,0.314,0.232,0.000511904893765258,"3","Prdx2"
7.02526044131535e-11,0.880322538456936,0.378,0.285,1.47045726297172e-06,"3","Btf3"
2.75315853399845e-22,0.88018128746092,0.624,0.473,5.76263612751215e-18,"3","Rpl6"
7.00677482835516e-12,0.876163692085625,0.381,0.278,1.46658803932302e-07,"3","Rpl22l1"
7.91944751373056e-17,0.861020267722495,0.485,0.339,1.65761955909894e-12,"3","Cox5b"
5.7542814227323e-18,0.861009986788259,0.548,0.406,1.2044286445921e-13,"3","Cox7c"
1.76041689128926e-08,0.858621315206584,0.338,0.257,0.000368472859515756,"3","Ndufc2"
2.55383617673294e-16,0.856641672051877,0.466,0.331,5.34543450151972e-12,"3","Atp5g2"
1.20199515781824e-06,0.850183295006457,0.249,0.181,0.0251589606482935,"3","Cox17"
5.79176968583207e-10,0.842434414177934,0.44,0.351,1.21227531294151e-05,"3","E130218I03Rik"
1.02283569311949e-15,0.833500300889802,0.637,0.532,2.14089738926841e-11,"3","Ptma"
4.10944574176727e-13,0.826903142164927,0.454,0.332,8.60148088209307e-09,"3","Atp5j2"
1.0962609180489e-10,0.823712300564885,0.388,0.282,2.29458372756814e-06,"3","Cox7b"
3.05123655674699e-08,0.808797881015993,0.363,0.283,0.000638654323692713,"3","Cox6a1"
4.15595061237638e-09,0.801523588612989,0.402,0.306,8.69882022676499e-05,"3","Atp5j"
1.47397651180136e-09,0.781927347123735,0.428,0.329,3.08518023685142e-05,"3","Ubl5"
1.6349025077202e-15,0.775188321068878,0.534,0.37,3.42201443890916e-11,"3","Atp5h"
2.58779879040931e-20,0.758710886108899,0.596,0.446,5.41652164820573e-16,"3","Ybx1"
4.08259243613901e-08,0.756645812502144,0.361,0.285,0.000854527422808257,"3","Morf4l1"
8.34849285363578e-13,0.75066640908471,0.474,0.349,1.74742303919451e-08,"3","Cox7a2"
8.55160083856299e-13,0.73975663396963,0.443,0.309,1.78993557151962e-08,"3","Atp5mpl"
2.09782674863033e-06,0.731967702745129,0.325,0.254,0.0439096116755813,"3","Eef1g"
3.94233259638612e-07,0.729985801164532,0.297,0.222,0.00825169635749579,"3","Ndufa6"
3.70133594678191e-27,0.723483691354698,0.811,0.642,7.74726627020921e-23,"3","Gpx4"
5.62389601897152e-07,0.719189936874891,0.332,0.257,0.0117713767573093,"3","Ndufb1-ps"
1.03357777379195e-10,0.710156617450729,0.498,0.389,2.16338163832393e-06,"3","Ndufb11"
1.04955938005872e-23,0.705724992137061,0.756,0.637,2.1968327384009e-19,"3","Rps2"
2.50007531774413e-12,0.703710094251623,0.491,0.366,5.23290764757024e-08,"3","Ndufb9"
1.82800337876053e-07,0.689543852466143,0.438,0.371,0.00382619387208366,"3","Sumo2"
1.23302624865111e-12,0.664372776191932,0.545,0.42,2.58084724105164e-08,"3","Atp5l"
7.32317119982479e-08,0.663314568040229,0.363,0.285,0.00153281296383533,"3","Mrfap1"
1.59163182021634e-07,0.660858809026275,0.399,0.32,0.00333144456289482,"3","Ndufs5"
2.41279630578086e-07,0.657130579746693,0.536,0.472,0.00505022394762991,"3","Rtn4"
5.13130253673732e-07,0.6468316794161,0.385,0.306,0.0107403293396449,"3","Atp5c1"
1.42717235851664e-10,0.628731604479921,0.44,0.329,2.98721446361119e-06,"3","H2afv"
2.56024186009318e-15,0.624650949410258,0.631,0.476,5.35884223736103e-11,"3","Chchd2"
9.20016112884269e-12,0.599912423557577,0.796,0.71,1.92568572587806e-07,"3","Ckb"
1.98665912110399e-06,0.554370015039771,0.454,0.388,0.0415827620638277,"3","Rbx1"
7.63565330323546e-08,0.530985569892171,0.605,0.515,0.00159821859290021,"3","Lars2"
2.65719058628503e-12,0.476473424553496,0.727,0.608,5.5617656161532e-08,"3","Ndufa4"
5.17147278289473e-07,0.443802157499984,0.485,0.382,0.0108244096818769,"3","Uqcrq"
1.06102110988438e-35,0.443365802092389,1,0.998,2.22082328509899e-31,"3","Gm42418"
3.87397050242944e-13,0.42929175528253,0.792,0.651,8.10860765863505e-09,"3","Eif1"
9.52987726814957e-07,0.429019132512521,0.596,0.529,0.0199469861099639,"3","Slc25a4"
1.2628492409212e-09,0.300350158504894,0.859,0.802,2.64326974617215e-05,"3","Ubb"
